[2026-02-23 07:24:55] INFO    AUDIT visit {"user_id":null,"username":"anon","route":"dashboard/index","ip":"10.52.2.5"}
[2026-02-23 07:24:55] ERROR   Uncaught exception: SQLSTATE[3D000]: Invalid catalog name: 1046 No database selected {"msg":"SQLSTATE[3D000]: Invalid catalog name: 1046 No database selected","file":"/var/www/html/laptop-loans/app/Controllers/HandoversController.php","line":65,"trace":"#0 /var/www/html/laptop-loans/app/Controllers/HandoversController.php(65): PDO->query('SELECT COUNT(*)...')\n#1 /var/www/html/laptop-loans/public/index.php(50): App\\Controllers\\HandoversController->index()\n#2 {main}"}
[2026-02-23 07:54:18] INFO    AUDIT visit {"user_id":null,"username":"anon","route":"dashboard/index","ip":"10.52.2.5"}
[2026-02-23 07:54:18] ERROR   Uncaught exception: SQLSTATE[3D000]: Invalid catalog name: 1046 No database selected {"msg":"SQLSTATE[3D000]: Invalid catalog name: 1046 No database selected","file":"/var/www/html/laptop-loans/app/Controllers/HandoversController.php","line":65,"trace":"#0 /var/www/html/laptop-loans/app/Controllers/HandoversController.php(65): PDO->query('SELECT COUNT(*)...')\n#1 /var/www/html/laptop-loans/public/index.php(50): App\\Controllers\\HandoversController->index()\n#2 {main}"}
[2026-02-23 08:00:42] INFO    AUDIT visit {"user_id":null,"username":"anon","route":"dashboard/index","ip":"10.52.2.5"}
[2026-02-23 08:00:42] ERROR   Uncaught exception: SQLSTATE[3D000]: Invalid catalog name: 1046 No database selected {"msg":"SQLSTATE[3D000]: Invalid catalog name: 1046 No database selected","file":"/var/www/html/laptop-loans/app/Controllers/HandoversController.php","line":65,"trace":"#0 /var/www/html/laptop-loans/app/Controllers/HandoversController.php(65): PDO->query('SELECT COUNT(*)...')\n#1 /var/www/html/laptop-loans/public/index.php(50): App\\Controllers\\HandoversController->index()\n#2 {main}"}
[2026-02-23 08:07:15] INFO    AUDIT visit {"user_id":null,"username":"anon","route":"dashboard/index","ip":"10.52.2.5"}
[2026-02-23 08:07:15] INFO    AUDIT visit {"user_id":null,"username":"anon","route":"dashboard/index","ip":"10.52.2.5"}
[2026-02-23 08:07:19] INFO    AUDIT visit {"user_id":null,"username":"anon","route":"dashboard/index","ip":"10.52.2.5"}
[2026-02-23 08:07:24] INFO    AUDIT visit {"user_id":null,"username":"anon","route":"receipts/ver","ip":"10.52.2.5"}
[2026-02-23 08:07:24] ERROR   Uncaught exception: The PHP GD extension is required, but is not installed. {"msg":"The PHP GD extension is required, but is not installed.","file":"/var/www/html/laptop-loans/vendor/dompdf/dompdf/lib/Cpdf.php","line":5833,"trace":"#0 /var/www/html/laptop-loans/vendor/dompdf/dompdf/src/Adapter/CPDF.php(677): Dompdf\\Cpdf->addPngFromFile('file:///var/www...', 34.765748031496, 784.40221062992, 81.147540983607, 16.5)\n#1 /var/www/html/laptop-loans/vendor/dompdf/dompdf/src/Renderer/Image.php(68): Dompdf\\Adapter\\CPDF->image('file:///var/www...', 34.765748031496, 40.987789370079, 81.147540983607, 16.5, 'normal')\n#2 /var/www/html/laptop-loans/vendor/dompdf/dompdf/src/Renderer.php(290): Dompdf\\Renderer\\Image->render(Object(Dompdf\\FrameDecorator\\Image))\n#3 /var/www/html/laptop-loans/vendor/dompdf/dompdf/src/Renderer.php(129): Dompdf\\Renderer->_render_frame('image', Object(Dompdf\\FrameDecorator\\Image))\n#4 /var/www/html/laptop-loans/vendor/dompdf/dompdf/src/Renderer.php(196): Dompdf\\Renderer->render(Object(Dompdf\\FrameDecorator\\Image))\n#5 /var/www/html/laptop-loans/vendor/dompdf/dompdf/src/Renderer.php(196): Dompdf\\Renderer->render(Object(Dompdf\\FrameDecorator\\TableCell))\n#6 /var/www/html/laptop-loans/vendor/dompdf/dompdf/src/Renderer.php(196): Dompdf\\Renderer->render(Object(Dompdf\\FrameDecorator\\TableRow))\n#7 /var/www/html/laptop-loans/vendor/dompdf/dompdf/src/Renderer.php(196): Dompdf\\Renderer->render(Object(Dompdf\\FrameDecorator\\TableRowGroup))\n#8 /var/www/html/laptop-loans/vendor/dompdf/dompdf/src/Renderer.php(196): Dompdf\\Renderer->render(Object(Dompdf\\FrameDecorator\\Table))\n#9 /var/www/html/laptop-loans/vendor/dompdf/dompdf/src/FrameReflower/Page.php(149): Dompdf\\Renderer->render(Object(Dompdf\\FrameDecorator\\Block))\n#10 /var/www/html/laptop-loans/vendor/dompdf/dompdf/src/FrameDecorator/AbstractFrameDecorator.php(916): Dompdf\\FrameReflower\\Page->reflow(NULL)\n#11 /var/www/html/laptop-loans/vendor/dompdf/dompdf/src/Dompdf.php(770): Dompdf\\FrameDecorator\\AbstractFrameDecorator->reflow()\n#12 /var/www/html/laptop-loans/app/Services/PdfService.php(48): Dompdf\\Dompdf->render()\n#13 /var/www/html/laptop-loans/app/Controllers/ReceiptsController.php(68): App\\Services\\PdfService::renderTemplate('/var/www/html/l...', Array)\n#14 /var/www/html/laptop-loans/app/Controllers/ReceiptsController.php(38): App\\Controllers\\ReceiptsController->entrega()\n#15 /var/www/html/laptop-loans/public/index.php(50): App\\Controllers\\ReceiptsController->ver()\n#16 {main}"}
[2026-02-23 08:07:33] INFO    AUDIT visit {"user_id":null,"username":"anon","route":"receipts/index","ip":"10.52.2.5"}
[2026-02-23 08:07:36] INFO    AUDIT visit {"user_id":null,"username":"anon","route":"receipts/download","ip":"10.52.2.5"}
[2026-02-23 08:07:45] INFO    AUDIT visit {"user_id":null,"username":"anon","route":"people/index","ip":"10.52.2.5"}
[2026-02-23 08:07:45] ERROR   PHP error: htmlspecialchars(): Passing null to parameter #1 ($string) of type string is deprecated in /var/www/html/laptop-loans/app/Views/people/index.php:23 {"msg":"htmlspecialchars(): Passing null to parameter #1 ($string) of type string is deprecated","file":"/var/www/html/laptop-loans/app/Views/people/index.php","line":23,"severity":8192}
[23-Feb-2026 08:07:45 UTC] PHP Deprecated:  htmlspecialchars(): Passing null to parameter #1 ($string) of type string is deprecated in /var/www/html/laptop-loans/app/Views/people/index.php on line 23
[2026-02-23 08:07:45] ERROR   PHP error: htmlspecialchars(): Passing null to parameter #1 ($string) of type string is deprecated in /var/www/html/laptop-loans/app/Views/people/index.php:24 {"msg":"htmlspecialchars(): Passing null to parameter #1 ($string) of type string is deprecated","file":"/var/www/html/laptop-loans/app/Views/people/index.php","line":24,"severity":8192}
[23-Feb-2026 08:07:45 UTC] PHP Deprecated:  htmlspecialchars(): Passing null to parameter #1 ($string) of type string is deprecated in /var/www/html/laptop-loans/app/Views/people/index.php on line 24
[2026-02-23 08:07:45] ERROR   PHP error: htmlspecialchars(): Passing null to parameter #1 ($string) of type string is deprecated in /var/www/html/laptop-loans/app/Views/people/index.php:25 {"msg":"htmlspecialchars(): Passing null to parameter #1 ($string) of type string is deprecated","file":"/var/www/html/laptop-loans/app/Views/people/index.php","line":25,"severity":8192}
[23-Feb-2026 08:07:45 UTC] PHP Deprecated:  htmlspecialchars(): Passing null to parameter #1 ($string) of type string is deprecated in /var/www/html/laptop-loans/app/Views/people/index.php on line 25
[2026-02-23 08:07:45] ERROR   PHP error: htmlspecialchars(): Passing null to parameter #1 ($string) of type string is deprecated in /var/www/html/laptop-loans/app/Views/people/index.php:26 {"msg":"htmlspecialchars(): Passing null to parameter #1 ($string) of type string is deprecated","file":"/var/www/html/laptop-loans/app/Views/people/index.php","line":26,"severity":8192}
[23-Feb-2026 08:07:45 UTC] PHP Deprecated:  htmlspecialchars(): Passing null to parameter #1 ($string) of type string is deprecated in /var/www/html/laptop-loans/app/Views/people/index.php on line 26
[2026-02-23 08:07:45] ERROR   PHP error: htmlspecialchars(): Passing null to parameter #1 ($string) of type string is deprecated in /var/www/html/laptop-loans/app/Views/people/index.php:23 {"msg":"htmlspecialchars(): Passing null to parameter #1 ($string) of type string is deprecated","file":"/var/www/html/laptop-loans/app/Views/people/index.php","line":23,"severity":8192}
[23-Feb-2026 08:07:45 UTC] PHP Deprecated:  htmlspecialchars(): Passing null to parameter #1 ($string) of type string is deprecated in /var/www/html/laptop-loans/app/Views/people/index.php on line 23
[2026-02-23 08:07:45] ERROR   PHP error: htmlspecialchars(): Passing null to parameter #1 ($string) of type string is deprecated in /var/www/html/laptop-loans/app/Views/people/index.php:24 {"msg":"htmlspecialchars(): Passing null to parameter #1 ($string) of type string is deprecated","file":"/var/www/html/laptop-loans/app/Views/people/index.php","line":24,"severity":8192}
[23-Feb-2026 08:07:45 UTC] PHP Deprecated:  htmlspecialchars(): Passing null to parameter #1 ($string) of type string is deprecated in /var/www/html/laptop-loans/app/Views/people/index.php on line 24
[2026-02-23 08:07:45] ERROR   PHP error: htmlspecialchars(): Passing null to parameter #1 ($string) of type string is deprecated in /var/www/html/laptop-loans/app/Views/people/index.php:25 {"msg":"htmlspecialchars(): Passing null to parameter #1 ($string) of type string is deprecated","file":"/var/www/html/laptop-loans/app/Views/people/index.php","line":25,"severity":8192}
[23-Feb-2026 08:07:45 UTC] PHP Deprecated:  htmlspecialchars(): Passing null to parameter #1 ($string) of type string is deprecated in /var/www/html/laptop-loans/app/Views/people/index.php on line 25
[2026-02-23 08:07:45] ERROR   PHP error: htmlspecialchars(): Passing null to parameter #1 ($string) of type string is deprecated in /var/www/html/laptop-loans/app/Views/people/index.php:26 {"msg":"htmlspecialchars(): Passing null to parameter #1 ($string) of type string is deprecated","file":"/var/www/html/laptop-loans/app/Views/people/index.php","line":26,"severity":8192}
[23-Feb-2026 08:07:45 UTC] PHP Deprecated:  htmlspecialchars(): Passing null to parameter #1 ($string) of type string is deprecated in /var/www/html/laptop-loans/app/Views/people/index.php on line 26
[2026-02-23 08:07:45] ERROR   PHP error: htmlspecialchars(): Passing null to parameter #1 ($string) of type string is deprecated in /var/www/html/laptop-loans/app/Views/people/index.php:23 {"msg":"htmlspecialchars(): Passing null to parameter #1 ($string) of type string is deprecated","file":"/var/www/html/laptop-loans/app/Views/people/index.php","line":23,"severity":8192}
[23-Feb-2026 08:07:45 UTC] PHP Deprecated:  htmlspecialchars(): Passing null to parameter #1 ($string) of type string is deprecated in /var/www/html/laptop-loans/app/Views/people/index.php on line 23
[2026-02-23 08:07:45] ERROR   PHP error: htmlspecialchars(): Passing null to parameter #1 ($string) of type string is deprecated in /var/www/html/laptop-loans/app/Views/people/index.php:24 {"msg":"htmlspecialchars(): Passing null to parameter #1 ($string) of type string is deprecated","file":"/var/www/html/laptop-loans/app/Views/people/index.php","line":24,"severity":8192}
[23-Feb-2026 08:07:45 UTC] PHP Deprecated:  htmlspecialchars(): Passing null to parameter #1 ($string) of type string is deprecated in /var/www/html/laptop-loans/app/Views/people/index.php on line 24
[2026-02-23 08:07:45] ERROR   PHP error: htmlspecialchars(): Passing null to parameter #1 ($string) of type string is deprecated in /var/www/html/laptop-loans/app/Views/people/index.php:25 {"msg":"htmlspecialchars(): Passing null to parameter #1 ($string) of type string is deprecated","file":"/var/www/html/laptop-loans/app/Views/people/index.php","line":25,"severity":8192}
[23-Feb-2026 08:07:45 UTC] PHP Deprecated:  htmlspecialchars(): Passing null to parameter #1 ($string) of type string is deprecated in /var/www/html/laptop-loans/app/Views/people/index.php on line 25
[2026-02-23 08:07:45] ERROR   PHP error: htmlspecialchars(): Passing null to parameter #1 ($string) of type string is deprecated in /var/www/html/laptop-loans/app/Views/people/index.php:26 {"msg":"htmlspecialchars(): Passing null to parameter #1 ($string) of type string is deprecated","file":"/var/www/html/laptop-loans/app/Views/people/index.php","line":26,"severity":8192}
[23-Feb-2026 08:07:45 UTC] PHP Deprecated:  htmlspecialchars(): Passing null to parameter #1 ($string) of type string is deprecated in /var/www/html/laptop-loans/app/Views/people/index.php on line 26
[2026-02-23 08:07:45] ERROR   PHP error: htmlspecialchars(): Passing null to parameter #1 ($string) of type string is deprecated in /var/www/html/laptop-loans/app/Views/people/index.php:23 {"msg":"htmlspecialchars(): Passing null to parameter #1 ($string) of type string is deprecated","file":"/var/www/html/laptop-loans/app/Views/people/index.php","line":23,"severity":8192}
[23-Feb-2026 08:07:45 UTC] PHP Deprecated:  htmlspecialchars(): Passing null to parameter #1 ($string) of type string is deprecated in /var/www/html/laptop-loans/app/Views/people/index.php on line 23
[2026-02-23 08:07:45] ERROR   PHP error: htmlspecialchars(): Passing null to parameter #1 ($string) of type string is deprecated in /var/www/html/laptop-loans/app/Views/people/index.php:24 {"msg":"htmlspecialchars(): Passing null to parameter #1 ($string) of type string is deprecated","file":"/var/www/html/laptop-loans/app/Views/people/index.php","line":24,"severity":8192}
[23-Feb-2026 08:07:45 UTC] PHP Deprecated:  htmlspecialchars(): Passing null to parameter #1 ($string) of type string is deprecated in /var/www/html/laptop-loans/app/Views/people/index.php on line 24
[2026-02-23 08:07:45] ERROR   PHP error: htmlspecialchars(): Passing null to parameter #1 ($string) of type string is deprecated in /var/www/html/laptop-loans/app/Views/people/index.php:25 {"msg":"htmlspecialchars(): Passing null to parameter #1 ($string) of type string is deprecated","file":"/var/www/html/laptop-loans/app/Views/people/index.php","line":25,"severity":8192}
[23-Feb-2026 08:07:45 UTC] PHP Deprecated:  htmlspecialchars(): Passing null to parameter #1 ($string) of type string is deprecated in /var/www/html/laptop-loans/app/Views/people/index.php on line 25
[2026-02-23 08:07:45] ERROR   PHP error: htmlspecialchars(): Passing null to parameter #1 ($string) of type string is deprecated in /var/www/html/laptop-loans/app/Views/people/index.php:26 {"msg":"htmlspecialchars(): Passing null to parameter #1 ($string) of type string is deprecated","file":"/var/www/html/laptop-loans/app/Views/people/index.php","line":26,"severity":8192}
[23-Feb-2026 08:07:45 UTC] PHP Deprecated:  htmlspecialchars(): Passing null to parameter #1 ($string) of type string is deprecated in /var/www/html/laptop-loans/app/Views/people/index.php on line 26
[2026-02-23 08:07:45] ERROR   PHP error: htmlspecialchars(): Passing null to parameter #1 ($string) of type string is deprecated in /var/www/html/laptop-loans/app/Views/people/index.php:23 {"msg":"htmlspecialchars(): Passing null to parameter #1 ($string) of type string is deprecated","file":"/var/www/html/laptop-loans/app/Views/people/index.php","line":23,"severity":8192}
[23-Feb-2026 08:07:45 UTC] PHP Deprecated:  htmlspecialchars(): Passing null to parameter #1 ($string) of type string is deprecated in /var/www/html/laptop-loans/app/Views/people/index.php on line 23
[2026-02-23 08:07:45] ERROR   PHP error: htmlspecialchars(): Passing null to parameter #1 ($string) of type string is deprecated in /var/www/html/laptop-loans/app/Views/people/index.php:24 {"msg":"htmlspecialchars(): Passing null to parameter #1 ($string) of type string is deprecated","file":"/var/www/html/laptop-loans/app/Views/people/index.php","line":24,"severity":8192}
[23-Feb-2026 08:07:45 UTC] PHP Deprecated:  htmlspecialchars(): Passing null to parameter #1 ($string) of type string is deprecated in /var/www/html/laptop-loans/app/Views/people/index.php on line 24
[2026-02-23 08:07:45] ERROR   PHP error: htmlspecialchars(): Passing null to parameter #1 ($string) of type string is deprecated in /var/www/html/laptop-loans/app/Views/people/index.php:25 {"msg":"htmlspecialchars(): Passing null to parameter #1 ($string) of type string is deprecated","file":"/var/www/html/laptop-loans/app/Views/people/index.php","line":25,"severity":8192}
[23-Feb-2026 08:07:45 UTC] PHP Deprecated:  htmlspecialchars(): Passing null to parameter #1 ($string) of type string is deprecated in /var/www/html/laptop-loans/app/Views/people/index.php on line 25
[2026-02-23 08:07:45] ERROR   PHP error: htmlspecialchars(): Passing null to parameter #1 ($string) of type string is deprecated in /var/www/html/laptop-loans/app/Views/people/index.php:26 {"msg":"htmlspecialchars(): Passing null to parameter #1 ($string) of type string is deprecated","file":"/var/www/html/laptop-loans/app/Views/people/index.php","line":26,"severity":8192}
[23-Feb-2026 08:07:45 UTC] PHP Deprecated:  htmlspecialchars(): Passing null to parameter #1 ($string) of type string is deprecated in /var/www/html/laptop-loans/app/Views/people/index.php on line 26
[2026-02-23 08:07:45] ERROR   PHP error: htmlspecialchars(): Passing null to parameter #1 ($string) of type string is deprecated in /var/www/html/laptop-loans/app/Views/people/index.php:23 {"msg":"htmlspecialchars(): Passing null to parameter #1 ($string) of type string is deprecated","file":"/var/www/html/laptop-loans/app/Views/people/index.php","line":23,"severity":8192}
[23-Feb-2026 08:07:45 UTC] PHP Deprecated:  htmlspecialchars(): Passing null to parameter #1 ($string) of type string is deprecated in /var/www/html/laptop-loans/app/Views/people/index.php on line 23
[2026-02-23 08:07:45] ERROR   PHP error: htmlspecialchars(): Passing null to parameter #1 ($string) of type string is deprecated in /var/www/html/laptop-loans/app/Views/people/index.php:24 {"msg":"htmlspecialchars(): Passing null to parameter #1 ($string) of type string is deprecated","file":"/var/www/html/laptop-loans/app/Views/people/index.php","line":24,"severity":8192}
[23-Feb-2026 08:07:45 UTC] PHP Deprecated:  htmlspecialchars(): Passing null to parameter #1 ($string) of type string is deprecated in /var/www/html/laptop-loans/app/Views/people/index.php on line 24
[2026-02-23 08:07:45] ERROR   PHP error: htmlspecialchars(): Passing null to parameter #1 ($string) of type string is deprecated in /var/www/html/laptop-loans/app/Views/people/index.php:25 {"msg":"htmlspecialchars(): Passing null to parameter #1 ($string) of type string is deprecated","file":"/var/www/html/laptop-loans/app/Views/people/index.php","line":25,"severity":8192}
[23-Feb-2026 08:07:45 UTC] PHP Deprecated:  htmlspecialchars(): Passing null to parameter #1 ($string) of type string is deprecated in /var/www/html/laptop-loans/app/Views/people/index.php on line 25
[2026-02-23 08:07:45] ERROR   PHP error: htmlspecialchars(): Passing null to parameter #1 ($string) of type string is deprecated in /var/www/html/laptop-loans/app/Views/people/index.php:26 {"msg":"htmlspecialchars(): Passing null to parameter #1 ($string) of type string is deprecated","file":"/var/www/html/laptop-loans/app/Views/people/index.php","line":26,"severity":8192}
[23-Feb-2026 08:07:45 UTC] PHP Deprecated:  htmlspecialchars(): Passing null to parameter #1 ($string) of type string is deprecated in /var/www/html/laptop-loans/app/Views/people/index.php on line 26
[2026-02-23 08:07:45] ERROR   PHP error: htmlspecialchars(): Passing null to parameter #1 ($string) of type string is deprecated in /var/www/html/laptop-loans/app/Views/people/index.php:23 {"msg":"htmlspecialchars(): Passing null to parameter #1 ($string) of type string is deprecated","file":"/var/www/html/laptop-loans/app/Views/people/index.php","line":23,"severity":8192}
[23-Feb-2026 08:07:45 UTC] PHP Deprecated:  htmlspecialchars(): Passing null to parameter #1 ($string) of type string is deprecated in /var/www/html/laptop-loans/app/Views/people/index.php on line 23
[2026-02-23 08:07:45] ERROR   PHP error: htmlspecialchars(): Passing null to parameter #1 ($string) of type string is deprecated in /var/www/html/laptop-loans/app/Views/people/index.php:24 {"msg":"htmlspecialchars(): Passing null to parameter #1 ($string) of type string is deprecated","file":"/var/www/html/laptop-loans/app/Views/people/index.php","line":24,"severity":8192}
[23-Feb-2026 08:07:45 UTC] PHP Deprecated:  htmlspecialchars(): Passing null to parameter #1 ($string) of type string is deprecated in /var/www/html/laptop-loans/app/Views/people/index.php on line 24
[2026-02-23 08:07:45] ERROR   PHP error: htmlspecialchars(): Passing null to parameter #1 ($string) of type string is deprecated in /var/www/html/laptop-loans/app/Views/people/index.php:25 {"msg":"htmlspecialchars(): Passing null to parameter #1 ($string) of type string is deprecated","file":"/var/www/html/laptop-loans/app/Views/people/index.php","line":25,"severity":8192}
[23-Feb-2026 08:07:45 UTC] PHP Deprecated:  htmlspecialchars(): Passing null to parameter #1 ($string) of type string is deprecated in /var/www/html/laptop-loans/app/Views/people/index.php on line 25
[2026-02-23 08:07:45] ERROR   PHP error: htmlspecialchars(): Passing null to parameter #1 ($string) of type string is deprecated in /var/www/html/laptop-loans/app/Views/people/index.php:26 {"msg":"htmlspecialchars(): Passing null to parameter #1 ($string) of type string is deprecated","file":"/var/www/html/laptop-loans/app/Views/people/index.php","line":26,"severity":8192}
[23-Feb-2026 08:07:45 UTC] PHP Deprecated:  htmlspecialchars(): Passing null to parameter #1 ($string) of type string is deprecated in /var/www/html/laptop-loans/app/Views/people/index.php on line 26
[2026-02-23 08:07:45] ERROR   PHP error: htmlspecialchars(): Passing null to parameter #1 ($string) of type string is deprecated in /var/www/html/laptop-loans/app/Views/people/index.php:23 {"msg":"htmlspecialchars(): Passing null to parameter #1 ($string) of type string is deprecated","file":"/var/www/html/laptop-loans/app/Views/people/index.php","line":23,"severity":8192}
[23-Feb-2026 08:07:45 UTC] PHP Deprecated:  htmlspecialchars(): Passing null to parameter #1 ($string) of type string is deprecated in /var/www/html/laptop-loans/app/Views/people/index.php on line 23
[2026-02-23 08:07:45] ERROR   PHP error: htmlspecialchars(): Passing null to parameter #1 ($string) of type string is deprecated in /var/www/html/laptop-loans/app/Views/people/index.php:24 {"msg":"htmlspecialchars(): Passing null to parameter #1 ($string) of type string is deprecated","file":"/var/www/html/laptop-loans/app/Views/people/index.php","line":24,"severity":8192}
[23-Feb-2026 08:07:45 UTC] PHP Deprecated:  htmlspecialchars(): Passing null to parameter #1 ($string) of type string is deprecated in /var/www/html/laptop-loans/app/Views/people/index.php on line 24
[2026-02-23 08:07:45] ERROR   PHP error: htmlspecialchars(): Passing null to parameter #1 ($string) of type string is deprecated in /var/www/html/laptop-loans/app/Views/people/index.php:25 {"msg":"htmlspecialchars(): Passing null to parameter #1 ($string) of type string is deprecated","file":"/var/www/html/laptop-loans/app/Views/people/index.php","line":25,"severity":8192}
[23-Feb-2026 08:07:45 UTC] PHP Deprecated:  htmlspecialchars(): Passing null to parameter #1 ($string) of type string is deprecated in /var/www/html/laptop-loans/app/Views/people/index.php on line 25
[2026-02-23 08:07:45] ERROR   PHP error: htmlspecialchars(): Passing null to parameter #1 ($string) of type string is deprecated in /var/www/html/laptop-loans/app/Views/people/index.php:26 {"msg":"htmlspecialchars(): Passing null to parameter #1 ($string) of type string is deprecated","file":"/var/www/html/laptop-loans/app/Views/people/index.php","line":26,"severity":8192}
[23-Feb-2026 08:07:45 UTC] PHP Deprecated:  htmlspecialchars(): Passing null to parameter #1 ($string) of type string is deprecated in /var/www/html/laptop-loans/app/Views/people/index.php on line 26
[2026-02-23 08:07:45] ERROR   PHP error: htmlspecialchars(): Passing null to parameter #1 ($string) of type string is deprecated in /var/www/html/laptop-loans/app/Views/people/index.php:23 {"msg":"htmlspecialchars(): Passing null to parameter #1 ($string) of type string is deprecated","file":"/var/www/html/laptop-loans/app/Views/people/index.php","line":23,"severity":8192}
[23-Feb-2026 08:07:45 UTC] PHP Deprecated:  htmlspecialchars(): Passing null to parameter #1 ($string) of type string is deprecated in /var/www/html/laptop-loans/app/Views/people/index.php on line 23
[2026-02-23 08:07:45] ERROR   PHP error: htmlspecialchars(): Passing null to parameter #1 ($string) of type string is deprecated in /var/www/html/laptop-loans/app/Views/people/index.php:24 {"msg":"htmlspecialchars(): Passing null to parameter #1 ($string) of type string is deprecated","file":"/var/www/html/laptop-loans/app/Views/people/index.php","line":24,"severity":8192}
[23-Feb-2026 08:07:45 UTC] PHP Deprecated:  htmlspecialchars(): Passing null to parameter #1 ($string) of type string is deprecated in /var/www/html/laptop-loans/app/Views/people/index.php on line 24
[2026-02-23 08:07:45] ERROR   PHP error: htmlspecialchars(): Passing null to parameter #1 ($string) of type string is deprecated in /var/www/html/laptop-loans/app/Views/people/index.php:25 {"msg":"htmlspecialchars(): Passing null to parameter #1 ($string) of type string is deprecated","file":"/var/www/html/laptop-loans/app/Views/people/index.php","line":25,"severity":8192}
[23-Feb-2026 08:07:45 UTC] PHP Deprecated:  htmlspecialchars(): Passing null to parameter #1 ($string) of type string is deprecated in /var/www/html/laptop-loans/app/Views/people/index.php on line 25
[2026-02-23 08:07:45] ERROR   PHP error: htmlspecialchars(): Passing null to parameter #1 ($string) of type string is deprecated in /var/www/html/laptop-loans/app/Views/people/index.php:26 {"msg":"htmlspecialchars(): Passing null to parameter #1 ($string) of type string is deprecated","file":"/var/www/html/laptop-loans/app/Views/people/index.php","line":26,"severity":8192}
[23-Feb-2026 08:07:45 UTC] PHP Deprecated:  htmlspecialchars(): Passing null to parameter #1 ($string) of type string is deprecated in /var/www/html/laptop-loans/app/Views/people/index.php on line 26
[2026-02-23 08:07:45] ERROR   PHP error: htmlspecialchars(): Passing null to parameter #1 ($string) of type string is deprecated in /var/www/html/laptop-loans/app/Views/people/index.php:23 {"msg":"htmlspecialchars(): Passing null to parameter #1 ($string) of type string is deprecated","file":"/var/www/html/laptop-loans/app/Views/people/index.php","line":23,"severity":8192}
[23-Feb-2026 08:07:45 UTC] PHP Deprecated:  htmlspecialchars(): Passing null to parameter #1 ($string) of type string is deprecated in /var/www/html/laptop-loans/app/Views/people/index.php on line 23
[2026-02-23 08:07:45] ERROR   PHP error: htmlspecialchars(): Passing null to parameter #1 ($string) of type string is deprecated in /var/www/html/laptop-loans/app/Views/people/index.php:24 {"msg":"htmlspecialchars(): Passing null to parameter #1 ($string) of type string is deprecated","file":"/var/www/html/laptop-loans/app/Views/people/index.php","line":24,"severity":8192}
[23-Feb-2026 08:07:45 UTC] PHP Deprecated:  htmlspecialchars(): Passing null to parameter #1 ($string) of type string is deprecated in /var/www/html/laptop-loans/app/Views/people/index.php on line 24
[2026-02-23 08:07:45] ERROR   PHP error: htmlspecialchars(): Passing null to parameter #1 ($string) of type string is deprecated in /var/www/html/laptop-loans/app/Views/people/index.php:25 {"msg":"htmlspecialchars(): Passing null to parameter #1 ($string) of type string is deprecated","file":"/var/www/html/laptop-loans/app/Views/people/index.php","line":25,"severity":8192}
[23-Feb-2026 08:07:45 UTC] PHP Deprecated:  htmlspecialchars(): Passing null to parameter #1 ($string) of type string is deprecated in /var/www/html/laptop-loans/app/Views/people/index.php on line 25
[2026-02-23 08:07:45] ERROR   PHP error: htmlspecialchars(): Passing null to parameter #1 ($string) of type string is deprecated in /var/www/html/laptop-loans/app/Views/people/index.php:26 {"msg":"htmlspecialchars(): Passing null to parameter #1 ($string) of type string is deprecated","file":"/var/www/html/laptop-loans/app/Views/people/index.php","line":26,"severity":8192}
[23-Feb-2026 08:07:45 UTC] PHP Deprecated:  htmlspecialchars(): Passing null to parameter #1 ($string) of type string is deprecated in /var/www/html/laptop-loans/app/Views/people/index.php on line 26
[2026-02-23 08:07:45] ERROR   PHP error: htmlspecialchars(): Passing null to parameter #1 ($string) of type string is deprecated in /var/www/html/laptop-loans/app/Views/people/index.php:23 {"msg":"htmlspecialchars(): Passing null to parameter #1 ($string) of type string is deprecated","file":"/var/www/html/laptop-loans/app/Views/people/index.php","line":23,"severity":8192}
[23-Feb-2026 08:07:45 UTC] PHP Deprecated:  htmlspecialchars(): Passing null to parameter #1 ($string) of type string is deprecated in /var/www/html/laptop-loans/app/Views/people/index.php on line 23
[2026-02-23 08:07:45] ERROR   PHP error: htmlspecialchars(): Passing null to parameter #1 ($string) of type string is deprecated in /var/www/html/laptop-loans/app/Views/people/index.php:24 {"msg":"htmlspecialchars(): Passing null to parameter #1 ($string) of type string is deprecated","file":"/var/www/html/laptop-loans/app/Views/people/index.php","line":24,"severity":8192}
[23-Feb-2026 08:07:45 UTC] PHP Deprecated:  htmlspecialchars(): Passing null to parameter #1 ($string) of type string is deprecated in /var/www/html/laptop-loans/app/Views/people/index.php on line 24
[2026-02-23 08:07:45] ERROR   PHP error: htmlspecialchars(): Passing null to parameter #1 ($string) of type string is deprecated in /var/www/html/laptop-loans/app/Views/people/index.php:25 {"msg":"htmlspecialchars(): Passing null to parameter #1 ($string) of type string is deprecated","file":"/var/www/html/laptop-loans/app/Views/people/index.php","line":25,"severity":8192}
[23-Feb-2026 08:07:45 UTC] PHP Deprecated:  htmlspecialchars(): Passing null to parameter #1 ($string) of type string is deprecated in /var/www/html/laptop-loans/app/Views/people/index.php on line 25
[2026-02-23 08:07:45] ERROR   PHP error: htmlspecialchars(): Passing null to parameter #1 ($string) of type string is deprecated in /var/www/html/laptop-loans/app/Views/people/index.php:26 {"msg":"htmlspecialchars(): Passing null to parameter #1 ($string) of type string is deprecated","file":"/var/www/html/laptop-loans/app/Views/people/index.php","line":26,"severity":8192}
[23-Feb-2026 08:07:45 UTC] PHP Deprecated:  htmlspecialchars(): Passing null to parameter #1 ($string) of type string is deprecated in /var/www/html/laptop-loans/app/Views/people/index.php on line 26
[2026-02-23 08:07:45] ERROR   PHP error: htmlspecialchars(): Passing null to parameter #1 ($string) of type string is deprecated in /var/www/html/laptop-loans/app/Views/people/index.php:23 {"msg":"htmlspecialchars(): Passing null to parameter #1 ($string) of type string is deprecated","file":"/var/www/html/laptop-loans/app/Views/people/index.php","line":23,"severity":8192}
[23-Feb-2026 08:07:45 UTC] PHP Deprecated:  htmlspecialchars(): Passing null to parameter #1 ($string) of type string is deprecated in /var/www/html/laptop-loans/app/Views/people/index.php on line 23
[2026-02-23 08:07:45] ERROR   PHP error: htmlspecialchars(): Passing null to parameter #1 ($string) of type string is deprecated in /var/www/html/laptop-loans/app/Views/people/index.php:24 {"msg":"htmlspecialchars(): Passing null to parameter #1 ($string) of type string is deprecated","file":"/var/www/html/laptop-loans/app/Views/people/index.php","line":24,"severity":8192}
[23-Feb-2026 08:07:45 UTC] PHP Deprecated:  htmlspecialchars(): Passing null to parameter #1 ($string) of type string is deprecated in /var/www/html/laptop-loans/app/Views/people/index.php on line 24
[2026-02-23 08:07:45] ERROR   PHP error: htmlspecialchars(): Passing null to parameter #1 ($string) of type string is deprecated in /var/www/html/laptop-loans/app/Views/people/index.php:25 {"msg":"htmlspecialchars(): Passing null to parameter #1 ($string) of type string is deprecated","file":"/var/www/html/laptop-loans/app/Views/people/index.php","line":25,"severity":8192}
[23-Feb-2026 08:07:45 UTC] PHP Deprecated:  htmlspecialchars(): Passing null to parameter #1 ($string) of type string is deprecated in /var/www/html/laptop-loans/app/Views/people/index.php on line 25
[2026-02-23 08:07:45] ERROR   PHP error: htmlspecialchars(): Passing null to parameter #1 ($string) of type string is deprecated in /var/www/html/laptop-loans/app/Views/people/index.php:26 {"msg":"htmlspecialchars(): Passing null to parameter #1 ($string) of type string is deprecated","file":"/var/www/html/laptop-loans/app/Views/people/index.php","line":26,"severity":8192}
[23-Feb-2026 08:07:45 UTC] PHP Deprecated:  htmlspecialchars(): Passing null to parameter #1 ($string) of type string is deprecated in /var/www/html/laptop-loans/app/Views/people/index.php on line 26
[2026-02-23 08:07:45] ERROR   PHP error: htmlspecialchars(): Passing null to parameter #1 ($string) of type string is deprecated in /var/www/html/laptop-loans/app/Views/people/index.php:24 {"msg":"htmlspecialchars(): Passing null to parameter #1 ($string) of type string is deprecated","file":"/var/www/html/laptop-loans/app/Views/people/index.php","line":24,"severity":8192}
[23-Feb-2026 08:07:45 UTC] PHP Deprecated:  htmlspecialchars(): Passing null to parameter #1 ($string) of type string is deprecated in /var/www/html/laptop-loans/app/Views/people/index.php on line 24
[2026-02-23 08:07:45] ERROR   PHP error: htmlspecialchars(): Passing null to parameter #1 ($string) of type string is deprecated in /var/www/html/laptop-loans/app/Views/people/index.php:25 {"msg":"htmlspecialchars(): Passing null to parameter #1 ($string) of type string is deprecated","file":"/var/www/html/laptop-loans/app/Views/people/index.php","line":25,"severity":8192}
[23-Feb-2026 08:07:45 UTC] PHP Deprecated:  htmlspecialchars(): Passing null to parameter #1 ($string) of type string is deprecated in /var/www/html/laptop-loans/app/Views/people/index.php on line 25
[2026-02-23 08:07:45] ERROR   PHP error: htmlspecialchars(): Passing null to parameter #1 ($string) of type string is deprecated in /var/www/html/laptop-loans/app/Views/people/index.php:26 {"msg":"htmlspecialchars(): Passing null to parameter #1 ($string) of type string is deprecated","file":"/var/www/html/laptop-loans/app/Views/people/index.php","line":26,"severity":8192}
[23-Feb-2026 08:07:45 UTC] PHP Deprecated:  htmlspecialchars(): Passing null to parameter #1 ($string) of type string is deprecated in /var/www/html/laptop-loans/app/Views/people/index.php on line 26
[2026-02-23 08:07:45] ERROR   PHP error: htmlspecialchars(): Passing null to parameter #1 ($string) of type string is deprecated in /var/www/html/laptop-loans/app/Views/people/index.php:23 {"msg":"htmlspecialchars(): Passing null to parameter #1 ($string) of type string is deprecated","file":"/var/www/html/laptop-loans/app/Views/people/index.php","line":23,"severity":8192}
[23-Feb-2026 08:07:45 UTC] PHP Deprecated:  htmlspecialchars(): Passing null to parameter #1 ($string) of type string is deprecated in /var/www/html/laptop-loans/app/Views/people/index.php on line 23
[2026-02-23 08:07:45] ERROR   PHP error: htmlspecialchars(): Passing null to parameter #1 ($string) of type string is deprecated in /var/www/html/laptop-loans/app/Views/people/index.php:24 {"msg":"htmlspecialchars(): Passing null to parameter #1 ($string) of type string is deprecated","file":"/var/www/html/laptop-loans/app/Views/people/index.php","line":24,"severity":8192}
[23-Feb-2026 08:07:45 UTC] PHP Deprecated:  htmlspecialchars(): Passing null to parameter #1 ($string) of type string is deprecated in /var/www/html/laptop-loans/app/Views/people/index.php on line 24
[2026-02-23 08:07:45] ERROR   PHP error: htmlspecialchars(): Passing null to parameter #1 ($string) of type string is deprecated in /var/www/html/laptop-loans/app/Views/people/index.php:25 {"msg":"htmlspecialchars(): Passing null to parameter #1 ($string) of type string is deprecated","file":"/var/www/html/laptop-loans/app/Views/people/index.php","line":25,"severity":8192}
[23-Feb-2026 08:07:45 UTC] PHP Deprecated:  htmlspecialchars(): Passing null to parameter #1 ($string) of type string is deprecated in /var/www/html/laptop-loans/app/Views/people/index.php on line 25
[2026-02-23 08:07:45] ERROR   PHP error: htmlspecialchars(): Passing null to parameter #1 ($string) of type string is deprecated in /var/www/html/laptop-loans/app/Views/people/index.php:26 {"msg":"htmlspecialchars(): Passing null to parameter #1 ($string) of type string is deprecated","file":"/var/www/html/laptop-loans/app/Views/people/index.php","line":26,"severity":8192}
[23-Feb-2026 08:07:45 UTC] PHP Deprecated:  htmlspecialchars(): Passing null to parameter #1 ($string) of type string is deprecated in /var/www/html/laptop-loans/app/Views/people/index.php on line 26
[2026-02-23 08:07:45] ERROR   PHP error: htmlspecialchars(): Passing null to parameter #1 ($string) of type string is deprecated in /var/www/html/laptop-loans/app/Views/people/index.php:23 {"msg":"htmlspecialchars(): Passing null to parameter #1 ($string) of type string is deprecated","file":"/var/www/html/laptop-loans/app/Views/people/index.php","line":23,"severity":8192}
[23-Feb-2026 08:07:45 UTC] PHP Deprecated:  htmlspecialchars(): Passing null to parameter #1 ($string) of type string is deprecated in /var/www/html/laptop-loans/app/Views/people/index.php on line 23
[2026-02-23 08:07:45] ERROR   PHP error: htmlspecialchars(): Passing null to parameter #1 ($string) of type string is deprecated in /var/www/html/laptop-loans/app/Views/people/index.php:24 {"msg":"htmlspecialchars(): Passing null to parameter #1 ($string) of type string is deprecated","file":"/var/www/html/laptop-loans/app/Views/people/index.php","line":24,"severity":8192}
[23-Feb-2026 08:07:45 UTC] PHP Deprecated:  htmlspecialchars(): Passing null to parameter #1 ($string) of type string is deprecated in /var/www/html/laptop-loans/app/Views/people/index.php on line 24
[2026-02-23 08:07:45] ERROR   PHP error: htmlspecialchars(): Passing null to parameter #1 ($string) of type string is deprecated in /var/www/html/laptop-loans/app/Views/people/index.php:25 {"msg":"htmlspecialchars(): Passing null to parameter #1 ($string) of type string is deprecated","file":"/var/www/html/laptop-loans/app/Views/people/index.php","line":25,"severity":8192}
[23-Feb-2026 08:07:45 UTC] PHP Deprecated:  htmlspecialchars(): Passing null to parameter #1 ($string) of type string is deprecated in /var/www/html/laptop-loans/app/Views/people/index.php on line 25
[2026-02-23 08:07:45] ERROR   PHP error: htmlspecialchars(): Passing null to parameter #1 ($string) of type string is deprecated in /var/www/html/laptop-loans/app/Views/people/index.php:26 {"msg":"htmlspecialchars(): Passing null to parameter #1 ($string) of type string is deprecated","file":"/var/www/html/laptop-loans/app/Views/people/index.php","line":26,"severity":8192}
[23-Feb-2026 08:07:45 UTC] PHP Deprecated:  htmlspecialchars(): Passing null to parameter #1 ($string) of type string is deprecated in /var/www/html/laptop-loans/app/Views/people/index.php on line 26
[2026-02-23 08:07:45] ERROR   PHP error: htmlspecialchars(): Passing null to parameter #1 ($string) of type string is deprecated in /var/www/html/laptop-loans/app/Views/people/index.php:23 {"msg":"htmlspecialchars(): Passing null to parameter #1 ($string) of type string is deprecated","file":"/var/www/html/laptop-loans/app/Views/people/index.php","line":23,"severity":8192}
[23-Feb-2026 08:07:45 UTC] PHP Deprecated:  htmlspecialchars(): Passing null to parameter #1 ($string) of type string is deprecated in /var/www/html/laptop-loans/app/Views/people/index.php on line 23
[2026-02-23 08:07:45] ERROR   PHP error: htmlspecialchars(): Passing null to parameter #1 ($string) of type string is deprecated in /var/www/html/laptop-loans/app/Views/people/index.php:24 {"msg":"htmlspecialchars(): Passing null to parameter #1 ($string) of type string is deprecated","file":"/var/www/html/laptop-loans/app/Views/people/index.php","line":24,"severity":8192}
[23-Feb-2026 08:07:45 UTC] PHP Deprecated:  htmlspecialchars(): Passing null to parameter #1 ($string) of type string is deprecated in /var/www/html/laptop-loans/app/Views/people/index.php on line 24
[2026-02-23 08:07:45] ERROR   PHP error: htmlspecialchars(): Passing null to parameter #1 ($string) of type string is deprecated in /var/www/html/laptop-loans/app/Views/people/index.php:25 {"msg":"htmlspecialchars(): Passing null to parameter #1 ($string) of type string is deprecated","file":"/var/www/html/laptop-loans/app/Views/people/index.php","line":25,"severity":8192}
[23-Feb-2026 08:07:45 UTC] PHP Deprecated:  htmlspecialchars(): Passing null to parameter #1 ($string) of type string is deprecated in /var/www/html/laptop-loans/app/Views/people/index.php on line 25
[2026-02-23 08:07:45] ERROR   PHP error: htmlspecialchars(): Passing null to parameter #1 ($string) of type string is deprecated in /var/www/html/laptop-loans/app/Views/people/index.php:26 {"msg":"htmlspecialchars(): Passing null to parameter #1 ($string) of type string is deprecated","file":"/var/www/html/laptop-loans/app/Views/people/index.php","line":26,"severity":8192}
[23-Feb-2026 08:07:45 UTC] PHP Deprecated:  htmlspecialchars(): Passing null to parameter #1 ($string) of type string is deprecated in /var/www/html/laptop-loans/app/Views/people/index.php on line 26
[2026-02-23 08:07:45] ERROR   PHP error: htmlspecialchars(): Passing null to parameter #1 ($string) of type string is deprecated in /var/www/html/laptop-loans/app/Views/people/index.php:23 {"msg":"htmlspecialchars(): Passing null to parameter #1 ($string) of type string is deprecated","file":"/var/www/html/laptop-loans/app/Views/people/index.php","line":23,"severity":8192}
[23-Feb-2026 08:07:45 UTC] PHP Deprecated:  htmlspecialchars(): Passing null to parameter #1 ($string) of type string is deprecated in /var/www/html/laptop-loans/app/Views/people/index.php on line 23
[2026-02-23 08:07:45] ERROR   PHP error: htmlspecialchars(): Passing null to parameter #1 ($string) of type string is deprecated in /var/www/html/laptop-loans/app/Views/people/index.php:24 {"msg":"htmlspecialchars(): Passing null to parameter #1 ($string) of type string is deprecated","file":"/var/www/html/laptop-loans/app/Views/people/index.php","line":24,"severity":8192}
[23-Feb-2026 08:07:45 UTC] PHP Deprecated:  htmlspecialchars(): Passing null to parameter #1 ($string) of type string is deprecated in /var/www/html/laptop-loans/app/Views/people/index.php on line 24
[2026-02-23 08:07:45] ERROR   PHP error: htmlspecialchars(): Passing null to parameter #1 ($string) of type string is deprecated in /var/www/html/laptop-loans/app/Views/people/index.php:25 {"msg":"htmlspecialchars(): Passing null to parameter #1 ($string) of type string is deprecated","file":"/var/www/html/laptop-loans/app/Views/people/index.php","line":25,"severity":8192}
[23-Feb-2026 08:07:45 UTC] PHP Deprecated:  htmlspecialchars(): Passing null to parameter #1 ($string) of type string is deprecated in /var/www/html/laptop-loans/app/Views/people/index.php on line 25
[2026-02-23 08:07:45] ERROR   PHP error: htmlspecialchars(): Passing null to parameter #1 ($string) of type string is deprecated in /var/www/html/laptop-loans/app/Views/people/index.php:26 {"msg":"htmlspecialchars(): Passing null to parameter #1 ($string) of type string is deprecated","file":"/var/www/html/laptop-loans/app/Views/people/index.php","line":26,"severity":8192}
[23-Feb-2026 08:07:45 UTC] PHP Deprecated:  htmlspecialchars(): Passing null to parameter #1 ($string) of type string is deprecated in /var/www/html/laptop-loans/app/Views/people/index.php on line 26
[2026-02-23 08:07:45] ERROR   PHP error: htmlspecialchars(): Passing null to parameter #1 ($string) of type string is deprecated in /var/www/html/laptop-loans/app/Views/people/index.php:23 {"msg":"htmlspecialchars(): Passing null to parameter #1 ($string) of type string is deprecated","file":"/var/www/html/laptop-loans/app/Views/people/index.php","line":23,"severity":8192}
[23-Feb-2026 08:07:45 UTC] PHP Deprecated:  htmlspecialchars(): Passing null to parameter #1 ($string) of type string is deprecated in /var/www/html/laptop-loans/app/Views/people/index.php on line 23
[2026-02-23 08:07:45] ERROR   PHP error: htmlspecialchars(): Passing null to parameter #1 ($string) of type string is deprecated in /var/www/html/laptop-loans/app/Views/people/index.php:24 {"msg":"htmlspecialchars(): Passing null to parameter #1 ($string) of type string is deprecated","file":"/var/www/html/laptop-loans/app/Views/people/index.php","line":24,"severity":8192}
[23-Feb-2026 08:07:45 UTC] PHP Deprecated:  htmlspecialchars(): Passing null to parameter #1 ($string) of type string is deprecated in /var/www/html/laptop-loans/app/Views/people/index.php on line 24
[2026-02-23 08:07:45] ERROR   PHP error: htmlspecialchars(): Passing null to parameter #1 ($string) of type string is deprecated in /var/www/html/laptop-loans/app/Views/people/index.php:25 {"msg":"htmlspecialchars(): Passing null to parameter #1 ($string) of type string is deprecated","file":"/var/www/html/laptop-loans/app/Views/people/index.php","line":25,"severity":8192}
[23-Feb-2026 08:07:45 UTC] PHP Deprecated:  htmlspecialchars(): Passing null to parameter #1 ($string) of type string is deprecated in /var/www/html/laptop-loans/app/Views/people/index.php on line 25
[2026-02-23 08:07:45] ERROR   PHP error: htmlspecialchars(): Passing null to parameter #1 ($string) of type string is deprecated in /var/www/html/laptop-loans/app/Views/people/index.php:26 {"msg":"htmlspecialchars(): Passing null to parameter #1 ($string) of type string is deprecated","file":"/var/www/html/laptop-loans/app/Views/people/index.php","line":26,"severity":8192}
[23-Feb-2026 08:07:45 UTC] PHP Deprecated:  htmlspecialchars(): Passing null to parameter #1 ($string) of type string is deprecated in /var/www/html/laptop-loans/app/Views/people/index.php on line 26
[2026-02-23 08:07:45] ERROR   PHP error: htmlspecialchars(): Passing null to parameter #1 ($string) of type string is deprecated in /var/www/html/laptop-loans/app/Views/people/index.php:23 {"msg":"htmlspecialchars(): Passing null to parameter #1 ($string) of type string is deprecated","file":"/var/www/html/laptop-loans/app/Views/people/index.php","line":23,"severity":8192}
[23-Feb-2026 08:07:45 UTC] PHP Deprecated:  htmlspecialchars(): Passing null to parameter #1 ($string) of type string is deprecated in /var/www/html/laptop-loans/app/Views/people/index.php on line 23
[2026-02-23 08:07:45] ERROR   PHP error: htmlspecialchars(): Passing null to parameter #1 ($string) of type string is deprecated in /var/www/html/laptop-loans/app/Views/people/index.php:24 {"msg":"htmlspecialchars(): Passing null to parameter #1 ($string) of type string is deprecated","file":"/var/www/html/laptop-loans/app/Views/people/index.php","line":24,"severity":8192}
[23-Feb-2026 08:07:45 UTC] PHP Deprecated:  htmlspecialchars(): Passing null to parameter #1 ($string) of type string is deprecated in /var/www/html/laptop-loans/app/Views/people/index.php on line 24
[2026-02-23 08:07:45] ERROR   PHP error: htmlspecialchars(): Passing null to parameter #1 ($string) of type string is deprecated in /var/www/html/laptop-loans/app/Views/people/index.php:25 {"msg":"htmlspecialchars(): Passing null to parameter #1 ($string) of type string is deprecated","file":"/var/www/html/laptop-loans/app/Views/people/index.php","line":25,"severity":8192}
[23-Feb-2026 08:07:45 UTC] PHP Deprecated:  htmlspecialchars(): Passing null to parameter #1 ($string) of type string is deprecated in /var/www/html/laptop-loans/app/Views/people/index.php on line 25
[2026-02-23 08:07:45] ERROR   PHP error: htmlspecialchars(): Passing null to parameter #1 ($string) of type string is deprecated in /var/www/html/laptop-loans/app/Views/people/index.php:26 {"msg":"htmlspecialchars(): Passing null to parameter #1 ($string) of type string is deprecated","file":"/var/www/html/laptop-loans/app/Views/people/index.php","line":26,"severity":8192}
[23-Feb-2026 08:07:45 UTC] PHP Deprecated:  htmlspecialchars(): Passing null to parameter #1 ($string) of type string is deprecated in /var/www/html/laptop-loans/app/Views/people/index.php on line 26
[2026-02-23 08:07:45] ERROR   PHP error: htmlspecialchars(): Passing null to parameter #1 ($string) of type string is deprecated in /var/www/html/laptop-loans/app/Views/people/index.php:23 {"msg":"htmlspecialchars(): Passing null to parameter #1 ($string) of type string is deprecated","file":"/var/www/html/laptop-loans/app/Views/people/index.php","line":23,"severity":8192}
[23-Feb-2026 08:07:45 UTC] PHP Deprecated:  htmlspecialchars(): Passing null to parameter #1 ($string) of type string is deprecated in /var/www/html/laptop-loans/app/Views/people/index.php on line 23
[2026-02-23 08:07:45] ERROR   PHP error: htmlspecialchars(): Passing null to parameter #1 ($string) of type string is deprecated in /var/www/html/laptop-loans/app/Views/people/index.php:24 {"msg":"htmlspecialchars(): Passing null to parameter #1 ($string) of type string is deprecated","file":"/var/www/html/laptop-loans/app/Views/people/index.php","line":24,"severity":8192}
[23-Feb-2026 08:07:45 UTC] PHP Deprecated:  htmlspecialchars(): Passing null to parameter #1 ($string) of type string is deprecated in /var/www/html/laptop-loans/app/Views/people/index.php on line 24
[2026-02-23 08:07:45] ERROR   PHP error: htmlspecialchars(): Passing null to parameter #1 ($string) of type string is deprecated in /var/www/html/laptop-loans/app/Views/people/index.php:25 {"msg":"htmlspecialchars(): Passing null to parameter #1 ($string) of type string is deprecated","file":"/var/www/html/laptop-loans/app/Views/people/index.php","line":25,"severity":8192}
[23-Feb-2026 08:07:45 UTC] PHP Deprecated:  htmlspecialchars(): Passing null to parameter #1 ($string) of type string is deprecated in /var/www/html/laptop-loans/app/Views/people/index.php on line 25
[2026-02-23 08:07:45] ERROR   PHP error: htmlspecialchars(): Passing null to parameter #1 ($string) of type string is deprecated in /var/www/html/laptop-loans/app/Views/people/index.php:26 {"msg":"htmlspecialchars(): Passing null to parameter #1 ($string) of type string is deprecated","file":"/var/www/html/laptop-loans/app/Views/people/index.php","line":26,"severity":8192}
[23-Feb-2026 08:07:45 UTC] PHP Deprecated:  htmlspecialchars(): Passing null to parameter #1 ($string) of type string is deprecated in /var/www/html/laptop-loans/app/Views/people/index.php on line 26
[2026-02-23 08:07:45] ERROR   PHP error: htmlspecialchars(): Passing null to parameter #1 ($string) of type string is deprecated in /var/www/html/laptop-loans/app/Views/people/index.php:23 {"msg":"htmlspecialchars(): Passing null to parameter #1 ($string) of type string is deprecated","file":"/var/www/html/laptop-loans/app/Views/people/index.php","line":23,"severity":8192}
[23-Feb-2026 08:07:45 UTC] PHP Deprecated:  htmlspecialchars(): Passing null to parameter #1 ($string) of type string is deprecated in /var/www/html/laptop-loans/app/Views/people/index.php on line 23
[2026-02-23 08:07:45] ERROR   PHP error: htmlspecialchars(): Passing null to parameter #1 ($string) of type string is deprecated in /var/www/html/laptop-loans/app/Views/people/index.php:24 {"msg":"htmlspecialchars(): Passing null to parameter #1 ($string) of type string is deprecated","file":"/var/www/html/laptop-loans/app/Views/people/index.php","line":24,"severity":8192}
[23-Feb-2026 08:07:45 UTC] PHP Deprecated:  htmlspecialchars(): Passing null to parameter #1 ($string) of type string is deprecated in /var/www/html/laptop-loans/app/Views/people/index.php on line 24
[2026-02-23 08:07:45] ERROR   PHP error: htmlspecialchars(): Passing null to parameter #1 ($string) of type string is deprecated in /var/www/html/laptop-loans/app/Views/people/index.php:25 {"msg":"htmlspecialchars(): Passing null to parameter #1 ($string) of type string is deprecated","file":"/var/www/html/laptop-loans/app/Views/people/index.php","line":25,"severity":8192}
[23-Feb-2026 08:07:45 UTC] PHP Deprecated:  htmlspecialchars(): Passing null to parameter #1 ($string) of type string is deprecated in /var/www/html/laptop-loans/app/Views/people/index.php on line 25
[2026-02-23 08:07:45] ERROR   PHP error: htmlspecialchars(): Passing null to parameter #1 ($string) of type string is deprecated in /var/www/html/laptop-loans/app/Views/people/index.php:26 {"msg":"htmlspecialchars(): Passing null to parameter #1 ($string) of type string is deprecated","file":"/var/www/html/laptop-loans/app/Views/people/index.php","line":26,"severity":8192}
[23-Feb-2026 08:07:45 UTC] PHP Deprecated:  htmlspecialchars(): Passing null to parameter #1 ($string) of type string is deprecated in /var/www/html/laptop-loans/app/Views/people/index.php on line 26
[2026-02-23 08:07:45] ERROR   PHP error: htmlspecialchars(): Passing null to parameter #1 ($string) of type string is deprecated in /var/www/html/laptop-loans/app/Views/people/index.php:23 {"msg":"htmlspecialchars(): Passing null to parameter #1 ($string) of type string is deprecated","file":"/var/www/html/laptop-loans/app/Views/people/index.php","line":23,"severity":8192}
[23-Feb-2026 08:07:45 UTC] PHP Deprecated:  htmlspecialchars(): Passing null to parameter #1 ($string) of type string is deprecated in /var/www/html/laptop-loans/app/Views/people/index.php on line 23
[2026-02-23 08:07:45] ERROR   PHP error: htmlspecialchars(): Passing null to parameter #1 ($string) of type string is deprecated in /var/www/html/laptop-loans/app/Views/people/index.php:24 {"msg":"htmlspecialchars(): Passing null to parameter #1 ($string) of type string is deprecated","file":"/var/www/html/laptop-loans/app/Views/people/index.php","line":24,"severity":8192}
[23-Feb-2026 08:07:45 UTC] PHP Deprecated:  htmlspecialchars(): Passing null to parameter #1 ($string) of type string is deprecated in /var/www/html/laptop-loans/app/Views/people/index.php on line 24
[2026-02-23 08:07:45] ERROR   PHP error: htmlspecialchars(): Passing null to parameter #1 ($string) of type string is deprecated in /var/www/html/laptop-loans/app/Views/people/index.php:25 {"msg":"htmlspecialchars(): Passing null to parameter #1 ($string) of type string is deprecated","file":"/var/www/html/laptop-loans/app/Views/people/index.php","line":25,"severity":8192}
[23-Feb-2026 08:07:45 UTC] PHP Deprecated:  htmlspecialchars(): Passing null to parameter #1 ($string) of type string is deprecated in /var/www/html/laptop-loans/app/Views/people/index.php on line 25
[2026-02-23 08:07:45] ERROR   PHP error: htmlspecialchars(): Passing null to parameter #1 ($string) of type string is deprecated in /var/www/html/laptop-loans/app/Views/people/index.php:26 {"msg":"htmlspecialchars(): Passing null to parameter #1 ($string) of type string is deprecated","file":"/var/www/html/laptop-loans/app/Views/people/index.php","line":26,"severity":8192}
[23-Feb-2026 08:07:45 UTC] PHP Deprecated:  htmlspecialchars(): Passing null to parameter #1 ($string) of type string is deprecated in /var/www/html/laptop-loans/app/Views/people/index.php on line 26
[2026-02-23 08:07:45] ERROR   PHP error: htmlspecialchars(): Passing null to parameter #1 ($string) of type string is deprecated in /var/www/html/laptop-loans/app/Views/people/index.php:23 {"msg":"htmlspecialchars(): Passing null to parameter #1 ($string) of type string is deprecated","file":"/var/www/html/laptop-loans/app/Views/people/index.php","line":23,"severity":8192}
[23-Feb-2026 08:07:45 UTC] PHP Deprecated:  htmlspecialchars(): Passing null to parameter #1 ($string) of type string is deprecated in /var/www/html/laptop-loans/app/Views/people/index.php on line 23
[2026-02-23 08:07:45] ERROR   PHP error: htmlspecialchars(): Passing null to parameter #1 ($string) of type string is deprecated in /var/www/html/laptop-loans/app/Views/people/index.php:24 {"msg":"htmlspecialchars(): Passing null to parameter #1 ($string) of type string is deprecated","file":"/var/www/html/laptop-loans/app/Views/people/index.php","line":24,"severity":8192}
[23-Feb-2026 08:07:45 UTC] PHP Deprecated:  htmlspecialchars(): Passing null to parameter #1 ($string) of type string is deprecated in /var/www/html/laptop-loans/app/Views/people/index.php on line 24
[2026-02-23 08:07:45] ERROR   PHP error: htmlspecialchars(): Passing null to parameter #1 ($string) of type string is deprecated in /var/www/html/laptop-loans/app/Views/people/index.php:25 {"msg":"htmlspecialchars(): Passing null to parameter #1 ($string) of type string is deprecated","file":"/var/www/html/laptop-loans/app/Views/people/index.php","line":25,"severity":8192}
[23-Feb-2026 08:07:45 UTC] PHP Deprecated:  htmlspecialchars(): Passing null to parameter #1 ($string) of type string is deprecated in /var/www/html/laptop-loans/app/Views/people/index.php on line 25
[2026-02-23 08:07:45] ERROR   PHP error: htmlspecialchars(): Passing null to parameter #1 ($string) of type string is deprecated in /var/www/html/laptop-loans/app/Views/people/index.php:26 {"msg":"htmlspecialchars(): Passing null to parameter #1 ($string) of type string is deprecated","file":"/var/www/html/laptop-loans/app/Views/people/index.php","line":26,"severity":8192}
[23-Feb-2026 08:07:45 UTC] PHP Deprecated:  htmlspecialchars(): Passing null to parameter #1 ($string) of type string is deprecated in /var/www/html/laptop-loans/app/Views/people/index.php on line 26
[2026-02-23 08:07:45] ERROR   PHP error: htmlspecialchars(): Passing null to parameter #1 ($string) of type string is deprecated in /var/www/html/laptop-loans/app/Views/people/index.php:23 {"msg":"htmlspecialchars(): Passing null to parameter #1 ($string) of type string is deprecated","file":"/var/www/html/laptop-loans/app/Views/people/index.php","line":23,"severity":8192}
[23-Feb-2026 08:07:45 UTC] PHP Deprecated:  htmlspecialchars(): Passing null to parameter #1 ($string) of type string is deprecated in /var/www/html/laptop-loans/app/Views/people/index.php on line 23
[2026-02-23 08:07:45] ERROR   PHP error: htmlspecialchars(): Passing null to parameter #1 ($string) of type string is deprecated in /var/www/html/laptop-loans/app/Views/people/index.php:24 {"msg":"htmlspecialchars(): Passing null to parameter #1 ($string) of type string is deprecated","file":"/var/www/html/laptop-loans/app/Views/people/index.php","line":24,"severity":8192}
[23-Feb-2026 08:07:45 UTC] PHP Deprecated:  htmlspecialchars(): Passing null to parameter #1 ($string) of type string is deprecated in /var/www/html/laptop-loans/app/Views/people/index.php on line 24
[2026-02-23 08:07:45] ERROR   PHP error: htmlspecialchars(): Passing null to parameter #1 ($string) of type string is deprecated in /var/www/html/laptop-loans/app/Views/people/index.php:25 {"msg":"htmlspecialchars(): Passing null to parameter #1 ($string) of type string is deprecated","file":"/var/www/html/laptop-loans/app/Views/people/index.php","line":25,"severity":8192}
[23-Feb-2026 08:07:45 UTC] PHP Deprecated:  htmlspecialchars(): Passing null to parameter #1 ($string) of type string is deprecated in /var/www/html/laptop-loans/app/Views/people/index.php on line 25
[2026-02-23 08:07:45] ERROR   PHP error: htmlspecialchars(): Passing null to parameter #1 ($string) of type string is deprecated in /var/www/html/laptop-loans/app/Views/people/index.php:26 {"msg":"htmlspecialchars(): Passing null to parameter #1 ($string) of type string is deprecated","file":"/var/www/html/laptop-loans/app/Views/people/index.php","line":26,"severity":8192}
[23-Feb-2026 08:07:45 UTC] PHP Deprecated:  htmlspecialchars(): Passing null to parameter #1 ($string) of type string is deprecated in /var/www/html/laptop-loans/app/Views/people/index.php on line 26
[2026-02-23 08:07:45] ERROR   PHP error: htmlspecialchars(): Passing null to parameter #1 ($string) of type string is deprecated in /var/www/html/laptop-loans/app/Views/people/index.php:23 {"msg":"htmlspecialchars(): Passing null to parameter #1 ($string) of type string is deprecated","file":"/var/www/html/laptop-loans/app/Views/people/index.php","line":23,"severity":8192}
[23-Feb-2026 08:07:45 UTC] PHP Deprecated:  htmlspecialchars(): Passing null to parameter #1 ($string) of type string is deprecated in /var/www/html/laptop-loans/app/Views/people/index.php on line 23
[2026-02-23 08:07:45] ERROR   PHP error: htmlspecialchars(): Passing null to parameter #1 ($string) of type string is deprecated in /var/www/html/laptop-loans/app/Views/people/index.php:24 {"msg":"htmlspecialchars(): Passing null to parameter #1 ($string) of type string is deprecated","file":"/var/www/html/laptop-loans/app/Views/people/index.php","line":24,"severity":8192}
[23-Feb-2026 08:07:45 UTC] PHP Deprecated:  htmlspecialchars(): Passing null to parameter #1 ($string) of type string is deprecated in /var/www/html/laptop-loans/app/Views/people/index.php on line 24
[2026-02-23 08:07:45] ERROR   PHP error: htmlspecialchars(): Passing null to parameter #1 ($string) of type string is deprecated in /var/www/html/laptop-loans/app/Views/people/index.php:25 {"msg":"htmlspecialchars(): Passing null to parameter #1 ($string) of type string is deprecated","file":"/var/www/html/laptop-loans/app/Views/people/index.php","line":25,"severity":8192}
[23-Feb-2026 08:07:45 UTC] PHP Deprecated:  htmlspecialchars(): Passing null to parameter #1 ($string) of type string is deprecated in /var/www/html/laptop-loans/app/Views/people/index.php on line 25
[2026-02-23 08:07:45] ERROR   PHP error: htmlspecialchars(): Passing null to parameter #1 ($string) of type string is deprecated in /var/www/html/laptop-loans/app/Views/people/index.php:26 {"msg":"htmlspecialchars(): Passing null to parameter #1 ($string) of type string is deprecated","file":"/var/www/html/laptop-loans/app/Views/people/index.php","line":26,"severity":8192}
[23-Feb-2026 08:07:45 UTC] PHP Deprecated:  htmlspecialchars(): Passing null to parameter #1 ($string) of type string is deprecated in /var/www/html/laptop-loans/app/Views/people/index.php on line 26
[2026-02-23 08:07:54] INFO    AUDIT visit {"user_id":null,"username":"anon","route":"people/index","ip":"10.52.2.5"}
[2026-02-23 08:07:55] INFO    AUDIT visit {"user_id":null,"username":"anon","route":"people/index","ip":"10.52.2.5"}
[2026-02-23 08:07:55] ERROR   PHP error: htmlspecialchars(): Passing null to parameter #1 ($string) of type string is deprecated in /var/www/html/laptop-loans/app/Views/people/index.php:23 {"msg":"htmlspecialchars(): Passing null to parameter #1 ($string) of type string is deprecated","file":"/var/www/html/laptop-loans/app/Views/people/index.php","line":23,"severity":8192}
[23-Feb-2026 08:07:55 UTC] PHP Deprecated:  htmlspecialchars(): Passing null to parameter #1 ($string) of type string is deprecated in /var/www/html/laptop-loans/app/Views/people/index.php on line 23
[2026-02-23 08:07:55] ERROR   PHP error: htmlspecialchars(): Passing null to parameter #1 ($string) of type string is deprecated in /var/www/html/laptop-loans/app/Views/people/index.php:24 {"msg":"htmlspecialchars(): Passing null to parameter #1 ($string) of type string is deprecated","file":"/var/www/html/laptop-loans/app/Views/people/index.php","line":24,"severity":8192}
[23-Feb-2026 08:07:55 UTC] PHP Deprecated:  htmlspecialchars(): Passing null to parameter #1 ($string) of type string is deprecated in /var/www/html/laptop-loans/app/Views/people/index.php on line 24
[2026-02-23 08:07:55] ERROR   PHP error: htmlspecialchars(): Passing null to parameter #1 ($string) of type string is deprecated in /var/www/html/laptop-loans/app/Views/people/index.php:25 {"msg":"htmlspecialchars(): Passing null to parameter #1 ($string) of type string is deprecated","file":"/var/www/html/laptop-loans/app/Views/people/index.php","line":25,"severity":8192}
[23-Feb-2026 08:07:55 UTC] PHP Deprecated:  htmlspecialchars(): Passing null to parameter #1 ($string) of type string is deprecated in /var/www/html/laptop-loans/app/Views/people/index.php on line 25
[2026-02-23 08:07:55] ERROR   PHP error: htmlspecialchars(): Passing null to parameter #1 ($string) of type string is deprecated in /var/www/html/laptop-loans/app/Views/people/index.php:26 {"msg":"htmlspecialchars(): Passing null to parameter #1 ($string) of type string is deprecated","file":"/var/www/html/laptop-loans/app/Views/people/index.php","line":26,"severity":8192}
[23-Feb-2026 08:07:55 UTC] PHP Deprecated:  htmlspecialchars(): Passing null to parameter #1 ($string) of type string is deprecated in /var/www/html/laptop-loans/app/Views/people/index.php on line 26
[2026-02-23 08:07:55] ERROR   PHP error: htmlspecialchars(): Passing null to parameter #1 ($string) of type string is deprecated in /var/www/html/laptop-loans/app/Views/people/index.php:23 {"msg":"htmlspecialchars(): Passing null to parameter #1 ($string) of type string is deprecated","file":"/var/www/html/laptop-loans/app/Views/people/index.php","line":23,"severity":8192}
[23-Feb-2026 08:07:55 UTC] PHP Deprecated:  htmlspecialchars(): Passing null to parameter #1 ($string) of type string is deprecated in /var/www/html/laptop-loans/app/Views/people/index.php on line 23
[2026-02-23 08:07:55] ERROR   PHP error: htmlspecialchars(): Passing null to parameter #1 ($string) of type string is deprecated in /var/www/html/laptop-loans/app/Views/people/index.php:24 {"msg":"htmlspecialchars(): Passing null to parameter #1 ($string) of type string is deprecated","file":"/var/www/html/laptop-loans/app/Views/people/index.php","line":24,"severity":8192}
[23-Feb-2026 08:07:55 UTC] PHP Deprecated:  htmlspecialchars(): Passing null to parameter #1 ($string) of type string is deprecated in /var/www/html/laptop-loans/app/Views/people/index.php on line 24
[2026-02-23 08:07:55] ERROR   PHP error: htmlspecialchars(): Passing null to parameter #1 ($string) of type string is deprecated in /var/www/html/laptop-loans/app/Views/people/index.php:25 {"msg":"htmlspecialchars(): Passing null to parameter #1 ($string) of type string is deprecated","file":"/var/www/html/laptop-loans/app/Views/people/index.php","line":25,"severity":8192}
[23-Feb-2026 08:07:55 UTC] PHP Deprecated:  htmlspecialchars(): Passing null to parameter #1 ($string) of type string is deprecated in /var/www/html/laptop-loans/app/Views/people/index.php on line 25
[2026-02-23 08:07:55] ERROR   PHP error: htmlspecialchars(): Passing null to parameter #1 ($string) of type string is deprecated in /var/www/html/laptop-loans/app/Views/people/index.php:26 {"msg":"htmlspecialchars(): Passing null to parameter #1 ($string) of type string is deprecated","file":"/var/www/html/laptop-loans/app/Views/people/index.php","line":26,"severity":8192}
[23-Feb-2026 08:07:55 UTC] PHP Deprecated:  htmlspecialchars(): Passing null to parameter #1 ($string) of type string is deprecated in /var/www/html/laptop-loans/app/Views/people/index.php on line 26
[2026-02-23 08:07:55] ERROR   PHP error: htmlspecialchars(): Passing null to parameter #1 ($string) of type string is deprecated in /var/www/html/laptop-loans/app/Views/people/index.php:23 {"msg":"htmlspecialchars(): Passing null to parameter #1 ($string) of type string is deprecated","file":"/var/www/html/laptop-loans/app/Views/people/index.php","line":23,"severity":8192}
[23-Feb-2026 08:07:55 UTC] PHP Deprecated:  htmlspecialchars(): Passing null to parameter #1 ($string) of type string is deprecated in /var/www/html/laptop-loans/app/Views/people/index.php on line 23
[2026-02-23 08:07:55] ERROR   PHP error: htmlspecialchars(): Passing null to parameter #1 ($string) of type string is deprecated in /var/www/html/laptop-loans/app/Views/people/index.php:24 {"msg":"htmlspecialchars(): Passing null to parameter #1 ($string) of type string is deprecated","file":"/var/www/html/laptop-loans/app/Views/people/index.php","line":24,"severity":8192}
[23-Feb-2026 08:07:55 UTC] PHP Deprecated:  htmlspecialchars(): Passing null to parameter #1 ($string) of type string is deprecated in /var/www/html/laptop-loans/app/Views/people/index.php on line 24
[2026-02-23 08:07:55] ERROR   PHP error: htmlspecialchars(): Passing null to parameter #1 ($string) of type string is deprecated in /var/www/html/laptop-loans/app/Views/people/index.php:25 {"msg":"htmlspecialchars(): Passing null to parameter #1 ($string) of type string is deprecated","file":"/var/www/html/laptop-loans/app/Views/people/index.php","line":25,"severity":8192}
[23-Feb-2026 08:07:55 UTC] PHP Deprecated:  htmlspecialchars(): Passing null to parameter #1 ($string) of type string is deprecated in /var/www/html/laptop-loans/app/Views/people/index.php on line 25
[2026-02-23 08:07:55] ERROR   PHP error: htmlspecialchars(): Passing null to parameter #1 ($string) of type string is deprecated in /var/www/html/laptop-loans/app/Views/people/index.php:26 {"msg":"htmlspecialchars(): Passing null to parameter #1 ($string) of type string is deprecated","file":"/var/www/html/laptop-loans/app/Views/people/index.php","line":26,"severity":8192}
[23-Feb-2026 08:07:55 UTC] PHP Deprecated:  htmlspecialchars(): Passing null to parameter #1 ($string) of type string is deprecated in /var/www/html/laptop-loans/app/Views/people/index.php on line 26
[2026-02-23 08:07:55] ERROR   PHP error: htmlspecialchars(): Passing null to parameter #1 ($string) of type string is deprecated in /var/www/html/laptop-loans/app/Views/people/index.php:23 {"msg":"htmlspecialchars(): Passing null to parameter #1 ($string) of type string is deprecated","file":"/var/www/html/laptop-loans/app/Views/people/index.php","line":23,"severity":8192}
[23-Feb-2026 08:07:55 UTC] PHP Deprecated:  htmlspecialchars(): Passing null to parameter #1 ($string) of type string is deprecated in /var/www/html/laptop-loans/app/Views/people/index.php on line 23
[2026-02-23 08:07:55] ERROR   PHP error: htmlspecialchars(): Passing null to parameter #1 ($string) of type string is deprecated in /var/www/html/laptop-loans/app/Views/people/index.php:24 {"msg":"htmlspecialchars(): Passing null to parameter #1 ($string) of type string is deprecated","file":"/var/www/html/laptop-loans/app/Views/people/index.php","line":24,"severity":8192}
[23-Feb-2026 08:07:55 UTC] PHP Deprecated:  htmlspecialchars(): Passing null to parameter #1 ($string) of type string is deprecated in /var/www/html/laptop-loans/app/Views/people/index.php on line 24
[2026-02-23 08:07:55] ERROR   PHP error: htmlspecialchars(): Passing null to parameter #1 ($string) of type string is deprecated in /var/www/html/laptop-loans/app/Views/people/index.php:25 {"msg":"htmlspecialchars(): Passing null to parameter #1 ($string) of type string is deprecated","file":"/var/www/html/laptop-loans/app/Views/people/index.php","line":25,"severity":8192}
[23-Feb-2026 08:07:55 UTC] PHP Deprecated:  htmlspecialchars(): Passing null to parameter #1 ($string) of type string is deprecated in /var/www/html/laptop-loans/app/Views/people/index.php on line 25
[2026-02-23 08:07:55] ERROR   PHP error: htmlspecialchars(): Passing null to parameter #1 ($string) of type string is deprecated in /var/www/html/laptop-loans/app/Views/people/index.php:26 {"msg":"htmlspecialchars(): Passing null to parameter #1 ($string) of type string is deprecated","file":"/var/www/html/laptop-loans/app/Views/people/index.php","line":26,"severity":8192}
[23-Feb-2026 08:07:55 UTC] PHP Deprecated:  htmlspecialchars(): Passing null to parameter #1 ($string) of type string is deprecated in /var/www/html/laptop-loans/app/Views/people/index.php on line 26
[2026-02-23 08:07:55] ERROR   PHP error: htmlspecialchars(): Passing null to parameter #1 ($string) of type string is deprecated in /var/www/html/laptop-loans/app/Views/people/index.php:23 {"msg":"htmlspecialchars(): Passing null to parameter #1 ($string) of type string is deprecated","file":"/var/www/html/laptop-loans/app/Views/people/index.php","line":23,"severity":8192}
[23-Feb-2026 08:07:55 UTC] PHP Deprecated:  htmlspecialchars(): Passing null to parameter #1 ($string) of type string is deprecated in /var/www/html/laptop-loans/app/Views/people/index.php on line 23
[2026-02-23 08:07:55] ERROR   PHP error: htmlspecialchars(): Passing null to parameter #1 ($string) of type string is deprecated in /var/www/html/laptop-loans/app/Views/people/index.php:24 {"msg":"htmlspecialchars(): Passing null to parameter #1 ($string) of type string is deprecated","file":"/var/www/html/laptop-loans/app/Views/people/index.php","line":24,"severity":8192}
[23-Feb-2026 08:07:55 UTC] PHP Deprecated:  htmlspecialchars(): Passing null to parameter #1 ($string) of type string is deprecated in /var/www/html/laptop-loans/app/Views/people/index.php on line 24
[2026-02-23 08:07:55] ERROR   PHP error: htmlspecialchars(): Passing null to parameter #1 ($string) of type string is deprecated in /var/www/html/laptop-loans/app/Views/people/index.php:25 {"msg":"htmlspecialchars(): Passing null to parameter #1 ($string) of type string is deprecated","file":"/var/www/html/laptop-loans/app/Views/people/index.php","line":25,"severity":8192}
[23-Feb-2026 08:07:55 UTC] PHP Deprecated:  htmlspecialchars(): Passing null to parameter #1 ($string) of type string is deprecated in /var/www/html/laptop-loans/app/Views/people/index.php on line 25
[2026-02-23 08:07:55] ERROR   PHP error: htmlspecialchars(): Passing null to parameter #1 ($string) of type string is deprecated in /var/www/html/laptop-loans/app/Views/people/index.php:26 {"msg":"htmlspecialchars(): Passing null to parameter #1 ($string) of type string is deprecated","file":"/var/www/html/laptop-loans/app/Views/people/index.php","line":26,"severity":8192}
[23-Feb-2026 08:07:55 UTC] PHP Deprecated:  htmlspecialchars(): Passing null to parameter #1 ($string) of type string is deprecated in /var/www/html/laptop-loans/app/Views/people/index.php on line 26
[2026-02-23 08:07:55] ERROR   PHP error: htmlspecialchars(): Passing null to parameter #1 ($string) of type string is deprecated in /var/www/html/laptop-loans/app/Views/people/index.php:23 {"msg":"htmlspecialchars(): Passing null to parameter #1 ($string) of type string is deprecated","file":"/var/www/html/laptop-loans/app/Views/people/index.php","line":23,"severity":8192}
[23-Feb-2026 08:07:55 UTC] PHP Deprecated:  htmlspecialchars(): Passing null to parameter #1 ($string) of type string is deprecated in /var/www/html/laptop-loans/app/Views/people/index.php on line 23
[2026-02-23 08:07:55] ERROR   PHP error: htmlspecialchars(): Passing null to parameter #1 ($string) of type string is deprecated in /var/www/html/laptop-loans/app/Views/people/index.php:24 {"msg":"htmlspecialchars(): Passing null to parameter #1 ($string) of type string is deprecated","file":"/var/www/html/laptop-loans/app/Views/people/index.php","line":24,"severity":8192}
[23-Feb-2026 08:07:55 UTC] PHP Deprecated:  htmlspecialchars(): Passing null to parameter #1 ($string) of type string is deprecated in /var/www/html/laptop-loans/app/Views/people/index.php on line 24
[2026-02-23 08:07:55] ERROR   PHP error: htmlspecialchars(): Passing null to parameter #1 ($string) of type string is deprecated in /var/www/html/laptop-loans/app/Views/people/index.php:25 {"msg":"htmlspecialchars(): Passing null to parameter #1 ($string) of type string is deprecated","file":"/var/www/html/laptop-loans/app/Views/people/index.php","line":25,"severity":8192}
[23-Feb-2026 08:07:55 UTC] PHP Deprecated:  htmlspecialchars(): Passing null to parameter #1 ($string) of type string is deprecated in /var/www/html/laptop-loans/app/Views/people/index.php on line 25
[2026-02-23 08:07:55] ERROR   PHP error: htmlspecialchars(): Passing null to parameter #1 ($string) of type string is deprecated in /var/www/html/laptop-loans/app/Views/people/index.php:26 {"msg":"htmlspecialchars(): Passing null to parameter #1 ($string) of type string is deprecated","file":"/var/www/html/laptop-loans/app/Views/people/index.php","line":26,"severity":8192}
[23-Feb-2026 08:07:55 UTC] PHP Deprecated:  htmlspecialchars(): Passing null to parameter #1 ($string) of type string is deprecated in /var/www/html/laptop-loans/app/Views/people/index.php on line 26
[2026-02-23 08:07:55] ERROR   PHP error: htmlspecialchars(): Passing null to parameter #1 ($string) of type string is deprecated in /var/www/html/laptop-loans/app/Views/people/index.php:23 {"msg":"htmlspecialchars(): Passing null to parameter #1 ($string) of type string is deprecated","file":"/var/www/html/laptop-loans/app/Views/people/index.php","line":23,"severity":8192}
[23-Feb-2026 08:07:55 UTC] PHP Deprecated:  htmlspecialchars(): Passing null to parameter #1 ($string) of type string is deprecated in /var/www/html/laptop-loans/app/Views/people/index.php on line 23
[2026-02-23 08:07:55] ERROR   PHP error: htmlspecialchars(): Passing null to parameter #1 ($string) of type string is deprecated in /var/www/html/laptop-loans/app/Views/people/index.php:24 {"msg":"htmlspecialchars(): Passing null to parameter #1 ($string) of type string is deprecated","file":"/var/www/html/laptop-loans/app/Views/people/index.php","line":24,"severity":8192}
[23-Feb-2026 08:07:55 UTC] PHP Deprecated:  htmlspecialchars(): Passing null to parameter #1 ($string) of type string is deprecated in /var/www/html/laptop-loans/app/Views/people/index.php on line 24
[2026-02-23 08:07:55] ERROR   PHP error: htmlspecialchars(): Passing null to parameter #1 ($string) of type string is deprecated in /var/www/html/laptop-loans/app/Views/people/index.php:25 {"msg":"htmlspecialchars(): Passing null to parameter #1 ($string) of type string is deprecated","file":"/var/www/html/laptop-loans/app/Views/people/index.php","line":25,"severity":8192}
[23-Feb-2026 08:07:55 UTC] PHP Deprecated:  htmlspecialchars(): Passing null to parameter #1 ($string) of type string is deprecated in /var/www/html/laptop-loans/app/Views/people/index.php on line 25
[2026-02-23 08:07:55] ERROR   PHP error: htmlspecialchars(): Passing null to parameter #1 ($string) of type string is deprecated in /var/www/html/laptop-loans/app/Views/people/index.php:26 {"msg":"htmlspecialchars(): Passing null to parameter #1 ($string) of type string is deprecated","file":"/var/www/html/laptop-loans/app/Views/people/index.php","line":26,"severity":8192}
[23-Feb-2026 08:07:55 UTC] PHP Deprecated:  htmlspecialchars(): Passing null to parameter #1 ($string) of type string is deprecated in /var/www/html/laptop-loans/app/Views/people/index.php on line 26
[2026-02-23 08:07:55] ERROR   PHP error: htmlspecialchars(): Passing null to parameter #1 ($string) of type string is deprecated in /var/www/html/laptop-loans/app/Views/people/index.php:23 {"msg":"htmlspecialchars(): Passing null to parameter #1 ($string) of type string is deprecated","file":"/var/www/html/laptop-loans/app/Views/people/index.php","line":23,"severity":8192}
[23-Feb-2026 08:07:55 UTC] PHP Deprecated:  htmlspecialchars(): Passing null to parameter #1 ($string) of type string is deprecated in /var/www/html/laptop-loans/app/Views/people/index.php on line 23
[2026-02-23 08:07:55] ERROR   PHP error: htmlspecialchars(): Passing null to parameter #1 ($string) of type string is deprecated in /var/www/html/laptop-loans/app/Views/people/index.php:24 {"msg":"htmlspecialchars(): Passing null to parameter #1 ($string) of type string is deprecated","file":"/var/www/html/laptop-loans/app/Views/people/index.php","line":24,"severity":8192}
[23-Feb-2026 08:07:55 UTC] PHP Deprecated:  htmlspecialchars(): Passing null to parameter #1 ($string) of type string is deprecated in /var/www/html/laptop-loans/app/Views/people/index.php on line 24
[2026-02-23 08:07:55] ERROR   PHP error: htmlspecialchars(): Passing null to parameter #1 ($string) of type string is deprecated in /var/www/html/laptop-loans/app/Views/people/index.php:25 {"msg":"htmlspecialchars(): Passing null to parameter #1 ($string) of type string is deprecated","file":"/var/www/html/laptop-loans/app/Views/people/index.php","line":25,"severity":8192}
[23-Feb-2026 08:07:55 UTC] PHP Deprecated:  htmlspecialchars(): Passing null to parameter #1 ($string) of type string is deprecated in /var/www/html/laptop-loans/app/Views/people/index.php on line 25
[2026-02-23 08:07:55] ERROR   PHP error: htmlspecialchars(): Passing null to parameter #1 ($string) of type string is deprecated in /var/www/html/laptop-loans/app/Views/people/index.php:26 {"msg":"htmlspecialchars(): Passing null to parameter #1 ($string) of type string is deprecated","file":"/var/www/html/laptop-loans/app/Views/people/index.php","line":26,"severity":8192}
[23-Feb-2026 08:07:55 UTC] PHP Deprecated:  htmlspecialchars(): Passing null to parameter #1 ($string) of type string is deprecated in /var/www/html/laptop-loans/app/Views/people/index.php on line 26
[2026-02-23 08:07:55] ERROR   PHP error: htmlspecialchars(): Passing null to parameter #1 ($string) of type string is deprecated in /var/www/html/laptop-loans/app/Views/people/index.php:23 {"msg":"htmlspecialchars(): Passing null to parameter #1 ($string) of type string is deprecated","file":"/var/www/html/laptop-loans/app/Views/people/index.php","line":23,"severity":8192}
[23-Feb-2026 08:07:55 UTC] PHP Deprecated:  htmlspecialchars(): Passing null to parameter #1 ($string) of type string is deprecated in /var/www/html/laptop-loans/app/Views/people/index.php on line 23
[2026-02-23 08:07:55] ERROR   PHP error: htmlspecialchars(): Passing null to parameter #1 ($string) of type string is deprecated in /var/www/html/laptop-loans/app/Views/people/index.php:24 {"msg":"htmlspecialchars(): Passing null to parameter #1 ($string) of type string is deprecated","file":"/var/www/html/laptop-loans/app/Views/people/index.php","line":24,"severity":8192}
[23-Feb-2026 08:07:55 UTC] PHP Deprecated:  htmlspecialchars(): Passing null to parameter #1 ($string) of type string is deprecated in /var/www/html/laptop-loans/app/Views/people/index.php on line 24
[2026-02-23 08:07:55] ERROR   PHP error: htmlspecialchars(): Passing null to parameter #1 ($string) of type string is deprecated in /var/www/html/laptop-loans/app/Views/people/index.php:25 {"msg":"htmlspecialchars(): Passing null to parameter #1 ($string) of type string is deprecated","file":"/var/www/html/laptop-loans/app/Views/people/index.php","line":25,"severity":8192}
[23-Feb-2026 08:07:55 UTC] PHP Deprecated:  htmlspecialchars(): Passing null to parameter #1 ($string) of type string is deprecated in /var/www/html/laptop-loans/app/Views/people/index.php on line 25
[2026-02-23 08:07:55] ERROR   PHP error: htmlspecialchars(): Passing null to parameter #1 ($string) of type string is deprecated in /var/www/html/laptop-loans/app/Views/people/index.php:26 {"msg":"htmlspecialchars(): Passing null to parameter #1 ($string) of type string is deprecated","file":"/var/www/html/laptop-loans/app/Views/people/index.php","line":26,"severity":8192}
[23-Feb-2026 08:07:55 UTC] PHP Deprecated:  htmlspecialchars(): Passing null to parameter #1 ($string) of type string is deprecated in /var/www/html/laptop-loans/app/Views/people/index.php on line 26
[2026-02-23 08:07:55] ERROR   PHP error: htmlspecialchars(): Passing null to parameter #1 ($string) of type string is deprecated in /var/www/html/laptop-loans/app/Views/people/index.php:23 {"msg":"htmlspecialchars(): Passing null to parameter #1 ($string) of type string is deprecated","file":"/var/www/html/laptop-loans/app/Views/people/index.php","line":23,"severity":8192}
[23-Feb-2026 08:07:55 UTC] PHP Deprecated:  htmlspecialchars(): Passing null to parameter #1 ($string) of type string is deprecated in /var/www/html/laptop-loans/app/Views/people/index.php on line 23
[2026-02-23 08:07:55] ERROR   PHP error: htmlspecialchars(): Passing null to parameter #1 ($string) of type string is deprecated in /var/www/html/laptop-loans/app/Views/people/index.php:24 {"msg":"htmlspecialchars(): Passing null to parameter #1 ($string) of type string is deprecated","file":"/var/www/html/laptop-loans/app/Views/people/index.php","line":24,"severity":8192}
[23-Feb-2026 08:07:55 UTC] PHP Deprecated:  htmlspecialchars(): Passing null to parameter #1 ($string) of type string is deprecated in /var/www/html/laptop-loans/app/Views/people/index.php on line 24
[2026-02-23 08:07:55] ERROR   PHP error: htmlspecialchars(): Passing null to parameter #1 ($string) of type string is deprecated in /var/www/html/laptop-loans/app/Views/people/index.php:25 {"msg":"htmlspecialchars(): Passing null to parameter #1 ($string) of type string is deprecated","file":"/var/www/html/laptop-loans/app/Views/people/index.php","line":25,"severity":8192}
[23-Feb-2026 08:07:55 UTC] PHP Deprecated:  htmlspecialchars(): Passing null to parameter #1 ($string) of type string is deprecated in /var/www/html/laptop-loans/app/Views/people/index.php on line 25
[2026-02-23 08:07:55] ERROR   PHP error: htmlspecialchars(): Passing null to parameter #1 ($string) of type string is deprecated in /var/www/html/laptop-loans/app/Views/people/index.php:26 {"msg":"htmlspecialchars(): Passing null to parameter #1 ($string) of type string is deprecated","file":"/var/www/html/laptop-loans/app/Views/people/index.php","line":26,"severity":8192}
[23-Feb-2026 08:07:55 UTC] PHP Deprecated:  htmlspecialchars(): Passing null to parameter #1 ($string) of type string is deprecated in /var/www/html/laptop-loans/app/Views/people/index.php on line 26
[2026-02-23 08:07:55] ERROR   PHP error: htmlspecialchars(): Passing null to parameter #1 ($string) of type string is deprecated in /var/www/html/laptop-loans/app/Views/people/index.php:23 {"msg":"htmlspecialchars(): Passing null to parameter #1 ($string) of type string is deprecated","file":"/var/www/html/laptop-loans/app/Views/people/index.php","line":23,"severity":8192}
[23-Feb-2026 08:07:55 UTC] PHP Deprecated:  htmlspecialchars(): Passing null to parameter #1 ($string) of type string is deprecated in /var/www/html/laptop-loans/app/Views/people/index.php on line 23
[2026-02-23 08:07:55] ERROR   PHP error: htmlspecialchars(): Passing null to parameter #1 ($string) of type string is deprecated in /var/www/html/laptop-loans/app/Views/people/index.php:24 {"msg":"htmlspecialchars(): Passing null to parameter #1 ($string) of type string is deprecated","file":"/var/www/html/laptop-loans/app/Views/people/index.php","line":24,"severity":8192}
[23-Feb-2026 08:07:55 UTC] PHP Deprecated:  htmlspecialchars(): Passing null to parameter #1 ($string) of type string is deprecated in /var/www/html/laptop-loans/app/Views/people/index.php on line 24
[2026-02-23 08:07:55] ERROR   PHP error: htmlspecialchars(): Passing null to parameter #1 ($string) of type string is deprecated in /var/www/html/laptop-loans/app/Views/people/index.php:25 {"msg":"htmlspecialchars(): Passing null to parameter #1 ($string) of type string is deprecated","file":"/var/www/html/laptop-loans/app/Views/people/index.php","line":25,"severity":8192}
[23-Feb-2026 08:07:55 UTC] PHP Deprecated:  htmlspecialchars(): Passing null to parameter #1 ($string) of type string is deprecated in /var/www/html/laptop-loans/app/Views/people/index.php on line 25
[2026-02-23 08:07:55] ERROR   PHP error: htmlspecialchars(): Passing null to parameter #1 ($string) of type string is deprecated in /var/www/html/laptop-loans/app/Views/people/index.php:26 {"msg":"htmlspecialchars(): Passing null to parameter #1 ($string) of type string is deprecated","file":"/var/www/html/laptop-loans/app/Views/people/index.php","line":26,"severity":8192}
[23-Feb-2026 08:07:55 UTC] PHP Deprecated:  htmlspecialchars(): Passing null to parameter #1 ($string) of type string is deprecated in /var/www/html/laptop-loans/app/Views/people/index.php on line 26
[2026-02-23 08:07:55] ERROR   PHP error: htmlspecialchars(): Passing null to parameter #1 ($string) of type string is deprecated in /var/www/html/laptop-loans/app/Views/people/index.php:23 {"msg":"htmlspecialchars(): Passing null to parameter #1 ($string) of type string is deprecated","file":"/var/www/html/laptop-loans/app/Views/people/index.php","line":23,"severity":8192}
[23-Feb-2026 08:07:55 UTC] PHP Deprecated:  htmlspecialchars(): Passing null to parameter #1 ($string) of type string is deprecated in /var/www/html/laptop-loans/app/Views/people/index.php on line 23
[2026-02-23 08:07:55] ERROR   PHP error: htmlspecialchars(): Passing null to parameter #1 ($string) of type string is deprecated in /var/www/html/laptop-loans/app/Views/people/index.php:24 {"msg":"htmlspecialchars(): Passing null to parameter #1 ($string) of type string is deprecated","file":"/var/www/html/laptop-loans/app/Views/people/index.php","line":24,"severity":8192}
[23-Feb-2026 08:07:55 UTC] PHP Deprecated:  htmlspecialchars(): Passing null to parameter #1 ($string) of type string is deprecated in /var/www/html/laptop-loans/app/Views/people/index.php on line 24
[2026-02-23 08:07:55] ERROR   PHP error: htmlspecialchars(): Passing null to parameter #1 ($string) of type string is deprecated in /var/www/html/laptop-loans/app/Views/people/index.php:25 {"msg":"htmlspecialchars(): Passing null to parameter #1 ($string) of type string is deprecated","file":"/var/www/html/laptop-loans/app/Views/people/index.php","line":25,"severity":8192}
[23-Feb-2026 08:07:55 UTC] PHP Deprecated:  htmlspecialchars(): Passing null to parameter #1 ($string) of type string is deprecated in /var/www/html/laptop-loans/app/Views/people/index.php on line 25
[2026-02-23 08:07:55] ERROR   PHP error: htmlspecialchars(): Passing null to parameter #1 ($string) of type string is deprecated in /var/www/html/laptop-loans/app/Views/people/index.php:26 {"msg":"htmlspecialchars(): Passing null to parameter #1 ($string) of type string is deprecated","file":"/var/www/html/laptop-loans/app/Views/people/index.php","line":26,"severity":8192}
[23-Feb-2026 08:07:55 UTC] PHP Deprecated:  htmlspecialchars(): Passing null to parameter #1 ($string) of type string is deprecated in /var/www/html/laptop-loans/app/Views/people/index.php on line 26
[2026-02-23 08:07:55] ERROR   PHP error: htmlspecialchars(): Passing null to parameter #1 ($string) of type string is deprecated in /var/www/html/laptop-loans/app/Views/people/index.php:24 {"msg":"htmlspecialchars(): Passing null to parameter #1 ($string) of type string is deprecated","file":"/var/www/html/laptop-loans/app/Views/people/index.php","line":24,"severity":8192}
[23-Feb-2026 08:07:55 UTC] PHP Deprecated:  htmlspecialchars(): Passing null to parameter #1 ($string) of type string is deprecated in /var/www/html/laptop-loans/app/Views/people/index.php on line 24
[2026-02-23 08:07:55] ERROR   PHP error: htmlspecialchars(): Passing null to parameter #1 ($string) of type string is deprecated in /var/www/html/laptop-loans/app/Views/people/index.php:25 {"msg":"htmlspecialchars(): Passing null to parameter #1 ($string) of type string is deprecated","file":"/var/www/html/laptop-loans/app/Views/people/index.php","line":25,"severity":8192}
[23-Feb-2026 08:07:55 UTC] PHP Deprecated:  htmlspecialchars(): Passing null to parameter #1 ($string) of type string is deprecated in /var/www/html/laptop-loans/app/Views/people/index.php on line 25
[2026-02-23 08:07:55] ERROR   PHP error: htmlspecialchars(): Passing null to parameter #1 ($string) of type string is deprecated in /var/www/html/laptop-loans/app/Views/people/index.php:26 {"msg":"htmlspecialchars(): Passing null to parameter #1 ($string) of type string is deprecated","file":"/var/www/html/laptop-loans/app/Views/people/index.php","line":26,"severity":8192}
[23-Feb-2026 08:07:55 UTC] PHP Deprecated:  htmlspecialchars(): Passing null to parameter #1 ($string) of type string is deprecated in /var/www/html/laptop-loans/app/Views/people/index.php on line 26
[2026-02-23 08:07:55] ERROR   PHP error: htmlspecialchars(): Passing null to parameter #1 ($string) of type string is deprecated in /var/www/html/laptop-loans/app/Views/people/index.php:23 {"msg":"htmlspecialchars(): Passing null to parameter #1 ($string) of type string is deprecated","file":"/var/www/html/laptop-loans/app/Views/people/index.php","line":23,"severity":8192}
[23-Feb-2026 08:07:55 UTC] PHP Deprecated:  htmlspecialchars(): Passing null to parameter #1 ($string) of type string is deprecated in /var/www/html/laptop-loans/app/Views/people/index.php on line 23
[2026-02-23 08:07:55] ERROR   PHP error: htmlspecialchars(): Passing null to parameter #1 ($string) of type string is deprecated in /var/www/html/laptop-loans/app/Views/people/index.php:24 {"msg":"htmlspecialchars(): Passing null to parameter #1 ($string) of type string is deprecated","file":"/var/www/html/laptop-loans/app/Views/people/index.php","line":24,"severity":8192}
[23-Feb-2026 08:07:55 UTC] PHP Deprecated:  htmlspecialchars(): Passing null to parameter #1 ($string) of type string is deprecated in /var/www/html/laptop-loans/app/Views/people/index.php on line 24
[2026-02-23 08:07:55] ERROR   PHP error: htmlspecialchars(): Passing null to parameter #1 ($string) of type string is deprecated in /var/www/html/laptop-loans/app/Views/people/index.php:25 {"msg":"htmlspecialchars(): Passing null to parameter #1 ($string) of type string is deprecated","file":"/var/www/html/laptop-loans/app/Views/people/index.php","line":25,"severity":8192}
[23-Feb-2026 08:07:55 UTC] PHP Deprecated:  htmlspecialchars(): Passing null to parameter #1 ($string) of type string is deprecated in /var/www/html/laptop-loans/app/Views/people/index.php on line 25
[2026-02-23 08:07:55] ERROR   PHP error: htmlspecialchars(): Passing null to parameter #1 ($string) of type string is deprecated in /var/www/html/laptop-loans/app/Views/people/index.php:26 {"msg":"htmlspecialchars(): Passing null to parameter #1 ($string) of type string is deprecated","file":"/var/www/html/laptop-loans/app/Views/people/index.php","line":26,"severity":8192}
[23-Feb-2026 08:07:55 UTC] PHP Deprecated:  htmlspecialchars(): Passing null to parameter #1 ($string) of type string is deprecated in /var/www/html/laptop-loans/app/Views/people/index.php on line 26
[2026-02-23 08:07:55] ERROR   PHP error: htmlspecialchars(): Passing null to parameter #1 ($string) of type string is deprecated in /var/www/html/laptop-loans/app/Views/people/index.php:23 {"msg":"htmlspecialchars(): Passing null to parameter #1 ($string) of type string is deprecated","file":"/var/www/html/laptop-loans/app/Views/people/index.php","line":23,"severity":8192}
[23-Feb-2026 08:07:55 UTC] PHP Deprecated:  htmlspecialchars(): Passing null to parameter #1 ($string) of type string is deprecated in /var/www/html/laptop-loans/app/Views/people/index.php on line 23
[2026-02-23 08:07:55] ERROR   PHP error: htmlspecialchars(): Passing null to parameter #1 ($string) of type string is deprecated in /var/www/html/laptop-loans/app/Views/people/index.php:24 {"msg":"htmlspecialchars(): Passing null to parameter #1 ($string) of type string is deprecated","file":"/var/www/html/laptop-loans/app/Views/people/index.php","line":24,"severity":8192}
[23-Feb-2026 08:07:55 UTC] PHP Deprecated:  htmlspecialchars(): Passing null to parameter #1 ($string) of type string is deprecated in /var/www/html/laptop-loans/app/Views/people/index.php on line 24
[2026-02-23 08:07:55] ERROR   PHP error: htmlspecialchars(): Passing null to parameter #1 ($string) of type string is deprecated in /var/www/html/laptop-loans/app/Views/people/index.php:25 {"msg":"htmlspecialchars(): Passing null to parameter #1 ($string) of type string is deprecated","file":"/var/www/html/laptop-loans/app/Views/people/index.php","line":25,"severity":8192}
[23-Feb-2026 08:07:55 UTC] PHP Deprecated:  htmlspecialchars(): Passing null to parameter #1 ($string) of type string is deprecated in /var/www/html/laptop-loans/app/Views/people/index.php on line 25
[2026-02-23 08:07:55] ERROR   PHP error: htmlspecialchars(): Passing null to parameter #1 ($string) of type string is deprecated in /var/www/html/laptop-loans/app/Views/people/index.php:26 {"msg":"htmlspecialchars(): Passing null to parameter #1 ($string) of type string is deprecated","file":"/var/www/html/laptop-loans/app/Views/people/index.php","line":26,"severity":8192}
[23-Feb-2026 08:07:55 UTC] PHP Deprecated:  htmlspecialchars(): Passing null to parameter #1 ($string) of type string is deprecated in /var/www/html/laptop-loans/app/Views/people/index.php on line 26
[2026-02-23 08:07:55] ERROR   PHP error: htmlspecialchars(): Passing null to parameter #1 ($string) of type string is deprecated in /var/www/html/laptop-loans/app/Views/people/index.php:23 {"msg":"htmlspecialchars(): Passing null to parameter #1 ($string) of type string is deprecated","file":"/var/www/html/laptop-loans/app/Views/people/index.php","line":23,"severity":8192}
[23-Feb-2026 08:07:55 UTC] PHP Deprecated:  htmlspecialchars(): Passing null to parameter #1 ($string) of type string is deprecated in /var/www/html/laptop-loans/app/Views/people/index.php on line 23
[2026-02-23 08:07:55] ERROR   PHP error: htmlspecialchars(): Passing null to parameter #1 ($string) of type string is deprecated in /var/www/html/laptop-loans/app/Views/people/index.php:24 {"msg":"htmlspecialchars(): Passing null to parameter #1 ($string) of type string is deprecated","file":"/var/www/html/laptop-loans/app/Views/people/index.php","line":24,"severity":8192}
[23-Feb-2026 08:07:55 UTC] PHP Deprecated:  htmlspecialchars(): Passing null to parameter #1 ($string) of type string is deprecated in /var/www/html/laptop-loans/app/Views/people/index.php on line 24
[2026-02-23 08:07:55] ERROR   PHP error: htmlspecialchars(): Passing null to parameter #1 ($string) of type string is deprecated in /var/www/html/laptop-loans/app/Views/people/index.php:25 {"msg":"htmlspecialchars(): Passing null to parameter #1 ($string) of type string is deprecated","file":"/var/www/html/laptop-loans/app/Views/people/index.php","line":25,"severity":8192}
[23-Feb-2026 08:07:55 UTC] PHP Deprecated:  htmlspecialchars(): Passing null to parameter #1 ($string) of type string is deprecated in /var/www/html/laptop-loans/app/Views/people/index.php on line 25
[2026-02-23 08:07:55] ERROR   PHP error: htmlspecialchars(): Passing null to parameter #1 ($string) of type string is deprecated in /var/www/html/laptop-loans/app/Views/people/index.php:26 {"msg":"htmlspecialchars(): Passing null to parameter #1 ($string) of type string is deprecated","file":"/var/www/html/laptop-loans/app/Views/people/index.php","line":26,"severity":8192}
[23-Feb-2026 08:07:55 UTC] PHP Deprecated:  htmlspecialchars(): Passing null to parameter #1 ($string) of type string is deprecated in /var/www/html/laptop-loans/app/Views/people/index.php on line 26
[2026-02-23 08:07:55] ERROR   PHP error: htmlspecialchars(): Passing null to parameter #1 ($string) of type string is deprecated in /var/www/html/laptop-loans/app/Views/people/index.php:23 {"msg":"htmlspecialchars(): Passing null to parameter #1 ($string) of type string is deprecated","file":"/var/www/html/laptop-loans/app/Views/people/index.php","line":23,"severity":8192}
[23-Feb-2026 08:07:55 UTC] PHP Deprecated:  htmlspecialchars(): Passing null to parameter #1 ($string) of type string is deprecated in /var/www/html/laptop-loans/app/Views/people/index.php on line 23
[2026-02-23 08:07:55] ERROR   PHP error: htmlspecialchars(): Passing null to parameter #1 ($string) of type string is deprecated in /var/www/html/laptop-loans/app/Views/people/index.php:24 {"msg":"htmlspecialchars(): Passing null to parameter #1 ($string) of type string is deprecated","file":"/var/www/html/laptop-loans/app/Views/people/index.php","line":24,"severity":8192}
[23-Feb-2026 08:07:55 UTC] PHP Deprecated:  htmlspecialchars(): Passing null to parameter #1 ($string) of type string is deprecated in /var/www/html/laptop-loans/app/Views/people/index.php on line 24
[2026-02-23 08:07:55] ERROR   PHP error: htmlspecialchars(): Passing null to parameter #1 ($string) of type string is deprecated in /var/www/html/laptop-loans/app/Views/people/index.php:25 {"msg":"htmlspecialchars(): Passing null to parameter #1 ($string) of type string is deprecated","file":"/var/www/html/laptop-loans/app/Views/people/index.php","line":25,"severity":8192}
[23-Feb-2026 08:07:55 UTC] PHP Deprecated:  htmlspecialchars(): Passing null to parameter #1 ($string) of type string is deprecated in /var/www/html/laptop-loans/app/Views/people/index.php on line 25
[2026-02-23 08:07:55] ERROR   PHP error: htmlspecialchars(): Passing null to parameter #1 ($string) of type string is deprecated in /var/www/html/laptop-loans/app/Views/people/index.php:26 {"msg":"htmlspecialchars(): Passing null to parameter #1 ($string) of type string is deprecated","file":"/var/www/html/laptop-loans/app/Views/people/index.php","line":26,"severity":8192}
[23-Feb-2026 08:07:55 UTC] PHP Deprecated:  htmlspecialchars(): Passing null to parameter #1 ($string) of type string is deprecated in /var/www/html/laptop-loans/app/Views/people/index.php on line 26
[2026-02-23 08:07:55] ERROR   PHP error: htmlspecialchars(): Passing null to parameter #1 ($string) of type string is deprecated in /var/www/html/laptop-loans/app/Views/people/index.php:23 {"msg":"htmlspecialchars(): Passing null to parameter #1 ($string) of type string is deprecated","file":"/var/www/html/laptop-loans/app/Views/people/index.php","line":23,"severity":8192}
[23-Feb-2026 08:07:55 UTC] PHP Deprecated:  htmlspecialchars(): Passing null to parameter #1 ($string) of type string is deprecated in /var/www/html/laptop-loans/app/Views/people/index.php on line 23
[2026-02-23 08:07:55] ERROR   PHP error: htmlspecialchars(): Passing null to parameter #1 ($string) of type string is deprecated in /var/www/html/laptop-loans/app/Views/people/index.php:24 {"msg":"htmlspecialchars(): Passing null to parameter #1 ($string) of type string is deprecated","file":"/var/www/html/laptop-loans/app/Views/people/index.php","line":24,"severity":8192}
[23-Feb-2026 08:07:55 UTC] PHP Deprecated:  htmlspecialchars(): Passing null to parameter #1 ($string) of type string is deprecated in /var/www/html/laptop-loans/app/Views/people/index.php on line 24
[2026-02-23 08:07:55] ERROR   PHP error: htmlspecialchars(): Passing null to parameter #1 ($string) of type string is deprecated in /var/www/html/laptop-loans/app/Views/people/index.php:25 {"msg":"htmlspecialchars(): Passing null to parameter #1 ($string) of type string is deprecated","file":"/var/www/html/laptop-loans/app/Views/people/index.php","line":25,"severity":8192}
[23-Feb-2026 08:07:55 UTC] PHP Deprecated:  htmlspecialchars(): Passing null to parameter #1 ($string) of type string is deprecated in /var/www/html/laptop-loans/app/Views/people/index.php on line 25
[2026-02-23 08:07:55] ERROR   PHP error: htmlspecialchars(): Passing null to parameter #1 ($string) of type string is deprecated in /var/www/html/laptop-loans/app/Views/people/index.php:26 {"msg":"htmlspecialchars(): Passing null to parameter #1 ($string) of type string is deprecated","file":"/var/www/html/laptop-loans/app/Views/people/index.php","line":26,"severity":8192}
[23-Feb-2026 08:07:55 UTC] PHP Deprecated:  htmlspecialchars(): Passing null to parameter #1 ($string) of type string is deprecated in /var/www/html/laptop-loans/app/Views/people/index.php on line 26
[2026-02-23 08:07:55] ERROR   PHP error: htmlspecialchars(): Passing null to parameter #1 ($string) of type string is deprecated in /var/www/html/laptop-loans/app/Views/people/index.php:23 {"msg":"htmlspecialchars(): Passing null to parameter #1 ($string) of type string is deprecated","file":"/var/www/html/laptop-loans/app/Views/people/index.php","line":23,"severity":8192}
[23-Feb-2026 08:07:55 UTC] PHP Deprecated:  htmlspecialchars(): Passing null to parameter #1 ($string) of type string is deprecated in /var/www/html/laptop-loans/app/Views/people/index.php on line 23
[2026-02-23 08:07:55] ERROR   PHP error: htmlspecialchars(): Passing null to parameter #1 ($string) of type string is deprecated in /var/www/html/laptop-loans/app/Views/people/index.php:24 {"msg":"htmlspecialchars(): Passing null to parameter #1 ($string) of type string is deprecated","file":"/var/www/html/laptop-loans/app/Views/people/index.php","line":24,"severity":8192}
[23-Feb-2026 08:07:55 UTC] PHP Deprecated:  htmlspecialchars(): Passing null to parameter #1 ($string) of type string is deprecated in /var/www/html/laptop-loans/app/Views/people/index.php on line 24
[2026-02-23 08:07:55] ERROR   PHP error: htmlspecialchars(): Passing null to parameter #1 ($string) of type string is deprecated in /var/www/html/laptop-loans/app/Views/people/index.php:25 {"msg":"htmlspecialchars(): Passing null to parameter #1 ($string) of type string is deprecated","file":"/var/www/html/laptop-loans/app/Views/people/index.php","line":25,"severity":8192}
[23-Feb-2026 08:07:55 UTC] PHP Deprecated:  htmlspecialchars(): Passing null to parameter #1 ($string) of type string is deprecated in /var/www/html/laptop-loans/app/Views/people/index.php on line 25
[2026-02-23 08:07:55] ERROR   PHP error: htmlspecialchars(): Passing null to parameter #1 ($string) of type string is deprecated in /var/www/html/laptop-loans/app/Views/people/index.php:26 {"msg":"htmlspecialchars(): Passing null to parameter #1 ($string) of type string is deprecated","file":"/var/www/html/laptop-loans/app/Views/people/index.php","line":26,"severity":8192}
[23-Feb-2026 08:07:55 UTC] PHP Deprecated:  htmlspecialchars(): Passing null to parameter #1 ($string) of type string is deprecated in /var/www/html/laptop-loans/app/Views/people/index.php on line 26
[2026-02-23 08:07:55] ERROR   PHP error: htmlspecialchars(): Passing null to parameter #1 ($string) of type string is deprecated in /var/www/html/laptop-loans/app/Views/people/index.php:23 {"msg":"htmlspecialchars(): Passing null to parameter #1 ($string) of type string is deprecated","file":"/var/www/html/laptop-loans/app/Views/people/index.php","line":23,"severity":8192}
[23-Feb-2026 08:07:55 UTC] PHP Deprecated:  htmlspecialchars(): Passing null to parameter #1 ($string) of type string is deprecated in /var/www/html/laptop-loans/app/Views/people/index.php on line 23
[2026-02-23 08:07:55] ERROR   PHP error: htmlspecialchars(): Passing null to parameter #1 ($string) of type string is deprecated in /var/www/html/laptop-loans/app/Views/people/index.php:24 {"msg":"htmlspecialchars(): Passing null to parameter #1 ($string) of type string is deprecated","file":"/var/www/html/laptop-loans/app/Views/people/index.php","line":24,"severity":8192}
[23-Feb-2026 08:07:55 UTC] PHP Deprecated:  htmlspecialchars(): Passing null to parameter #1 ($string) of type string is deprecated in /var/www/html/laptop-loans/app/Views/people/index.php on line 24
[2026-02-23 08:07:55] ERROR   PHP error: htmlspecialchars(): Passing null to parameter #1 ($string) of type string is deprecated in /var/www/html/laptop-loans/app/Views/people/index.php:25 {"msg":"htmlspecialchars(): Passing null to parameter #1 ($string) of type string is deprecated","file":"/var/www/html/laptop-loans/app/Views/people/index.php","line":25,"severity":8192}
[23-Feb-2026 08:07:55 UTC] PHP Deprecated:  htmlspecialchars(): Passing null to parameter #1 ($string) of type string is deprecated in /var/www/html/laptop-loans/app/Views/people/index.php on line 25
[2026-02-23 08:07:55] ERROR   PHP error: htmlspecialchars(): Passing null to parameter #1 ($string) of type string is deprecated in /var/www/html/laptop-loans/app/Views/people/index.php:26 {"msg":"htmlspecialchars(): Passing null to parameter #1 ($string) of type string is deprecated","file":"/var/www/html/laptop-loans/app/Views/people/index.php","line":26,"severity":8192}
[23-Feb-2026 08:07:55 UTC] PHP Deprecated:  htmlspecialchars(): Passing null to parameter #1 ($string) of type string is deprecated in /var/www/html/laptop-loans/app/Views/people/index.php on line 26
[2026-02-23 08:07:55] ERROR   PHP error: htmlspecialchars(): Passing null to parameter #1 ($string) of type string is deprecated in /var/www/html/laptop-loans/app/Views/people/index.php:23 {"msg":"htmlspecialchars(): Passing null to parameter #1 ($string) of type string is deprecated","file":"/var/www/html/laptop-loans/app/Views/people/index.php","line":23,"severity":8192}
[23-Feb-2026 08:07:55 UTC] PHP Deprecated:  htmlspecialchars(): Passing null to parameter #1 ($string) of type string is deprecated in /var/www/html/laptop-loans/app/Views/people/index.php on line 23
[2026-02-23 08:07:55] ERROR   PHP error: htmlspecialchars(): Passing null to parameter #1 ($string) of type string is deprecated in /var/www/html/laptop-loans/app/Views/people/index.php:24 {"msg":"htmlspecialchars(): Passing null to parameter #1 ($string) of type string is deprecated","file":"/var/www/html/laptop-loans/app/Views/people/index.php","line":24,"severity":8192}
[23-Feb-2026 08:07:55 UTC] PHP Deprecated:  htmlspecialchars(): Passing null to parameter #1 ($string) of type string is deprecated in /var/www/html/laptop-loans/app/Views/people/index.php on line 24
[2026-02-23 08:07:55] ERROR   PHP error: htmlspecialchars(): Passing null to parameter #1 ($string) of type string is deprecated in /var/www/html/laptop-loans/app/Views/people/index.php:25 {"msg":"htmlspecialchars(): Passing null to parameter #1 ($string) of type string is deprecated","file":"/var/www/html/laptop-loans/app/Views/people/index.php","line":25,"severity":8192}
[23-Feb-2026 08:07:55 UTC] PHP Deprecated:  htmlspecialchars(): Passing null to parameter #1 ($string) of type string is deprecated in /var/www/html/laptop-loans/app/Views/people/index.php on line 25
[2026-02-23 08:07:55] ERROR   PHP error: htmlspecialchars(): Passing null to parameter #1 ($string) of type string is deprecated in /var/www/html/laptop-loans/app/Views/people/index.php:26 {"msg":"htmlspecialchars(): Passing null to parameter #1 ($string) of type string is deprecated","file":"/var/www/html/laptop-loans/app/Views/people/index.php","line":26,"severity":8192}
[23-Feb-2026 08:07:55 UTC] PHP Deprecated:  htmlspecialchars(): Passing null to parameter #1 ($string) of type string is deprecated in /var/www/html/laptop-loans/app/Views/people/index.php on line 26
[2026-02-23 08:07:55] ERROR   PHP error: htmlspecialchars(): Passing null to parameter #1 ($string) of type string is deprecated in /var/www/html/laptop-loans/app/Views/people/index.php:23 {"msg":"htmlspecialchars(): Passing null to parameter #1 ($string) of type string is deprecated","file":"/var/www/html/laptop-loans/app/Views/people/index.php","line":23,"severity":8192}
[23-Feb-2026 08:07:55 UTC] PHP Deprecated:  htmlspecialchars(): Passing null to parameter #1 ($string) of type string is deprecated in /var/www/html/laptop-loans/app/Views/people/index.php on line 23
[2026-02-23 08:07:55] ERROR   PHP error: htmlspecialchars(): Passing null to parameter #1 ($string) of type string is deprecated in /var/www/html/laptop-loans/app/Views/people/index.php:24 {"msg":"htmlspecialchars(): Passing null to parameter #1 ($string) of type string is deprecated","file":"/var/www/html/laptop-loans/app/Views/people/index.php","line":24,"severity":8192}
[23-Feb-2026 08:07:55 UTC] PHP Deprecated:  htmlspecialchars(): Passing null to parameter #1 ($string) of type string is deprecated in /var/www/html/laptop-loans/app/Views/people/index.php on line 24
[2026-02-23 08:07:55] ERROR   PHP error: htmlspecialchars(): Passing null to parameter #1 ($string) of type string is deprecated in /var/www/html/laptop-loans/app/Views/people/index.php:25 {"msg":"htmlspecialchars(): Passing null to parameter #1 ($string) of type string is deprecated","file":"/var/www/html/laptop-loans/app/Views/people/index.php","line":25,"severity":8192}
[23-Feb-2026 08:07:55 UTC] PHP Deprecated:  htmlspecialchars(): Passing null to parameter #1 ($string) of type string is deprecated in /var/www/html/laptop-loans/app/Views/people/index.php on line 25
[2026-02-23 08:07:55] ERROR   PHP error: htmlspecialchars(): Passing null to parameter #1 ($string) of type string is deprecated in /var/www/html/laptop-loans/app/Views/people/index.php:26 {"msg":"htmlspecialchars(): Passing null to parameter #1 ($string) of type string is deprecated","file":"/var/www/html/laptop-loans/app/Views/people/index.php","line":26,"severity":8192}
[23-Feb-2026 08:07:55 UTC] PHP Deprecated:  htmlspecialchars(): Passing null to parameter #1 ($string) of type string is deprecated in /var/www/html/laptop-loans/app/Views/people/index.php on line 26
[2026-02-23 08:07:55] ERROR   PHP error: htmlspecialchars(): Passing null to parameter #1 ($string) of type string is deprecated in /var/www/html/laptop-loans/app/Views/people/index.php:23 {"msg":"htmlspecialchars(): Passing null to parameter #1 ($string) of type string is deprecated","file":"/var/www/html/laptop-loans/app/Views/people/index.php","line":23,"severity":8192}
[23-Feb-2026 08:07:55 UTC] PHP Deprecated:  htmlspecialchars(): Passing null to parameter #1 ($string) of type string is deprecated in /var/www/html/laptop-loans/app/Views/people/index.php on line 23
[2026-02-23 08:07:55] ERROR   PHP error: htmlspecialchars(): Passing null to parameter #1 ($string) of type string is deprecated in /var/www/html/laptop-loans/app/Views/people/index.php:24 {"msg":"htmlspecialchars(): Passing null to parameter #1 ($string) of type string is deprecated","file":"/var/www/html/laptop-loans/app/Views/people/index.php","line":24,"severity":8192}
[23-Feb-2026 08:07:55 UTC] PHP Deprecated:  htmlspecialchars(): Passing null to parameter #1 ($string) of type string is deprecated in /var/www/html/laptop-loans/app/Views/people/index.php on line 24
[2026-02-23 08:07:55] ERROR   PHP error: htmlspecialchars(): Passing null to parameter #1 ($string) of type string is deprecated in /var/www/html/laptop-loans/app/Views/people/index.php:25 {"msg":"htmlspecialchars(): Passing null to parameter #1 ($string) of type string is deprecated","file":"/var/www/html/laptop-loans/app/Views/people/index.php","line":25,"severity":8192}
[23-Feb-2026 08:07:55 UTC] PHP Deprecated:  htmlspecialchars(): Passing null to parameter #1 ($string) of type string is deprecated in /var/www/html/laptop-loans/app/Views/people/index.php on line 25
[2026-02-23 08:07:55] ERROR   PHP error: htmlspecialchars(): Passing null to parameter #1 ($string) of type string is deprecated in /var/www/html/laptop-loans/app/Views/people/index.php:26 {"msg":"htmlspecialchars(): Passing null to parameter #1 ($string) of type string is deprecated","file":"/var/www/html/laptop-loans/app/Views/people/index.php","line":26,"severity":8192}
[23-Feb-2026 08:07:55 UTC] PHP Deprecated:  htmlspecialchars(): Passing null to parameter #1 ($string) of type string is deprecated in /var/www/html/laptop-loans/app/Views/people/index.php on line 26
[2026-02-23 08:07:55] ERROR   PHP error: htmlspecialchars(): Passing null to parameter #1 ($string) of type string is deprecated in /var/www/html/laptop-loans/app/Views/people/index.php:23 {"msg":"htmlspecialchars(): Passing null to parameter #1 ($string) of type string is deprecated","file":"/var/www/html/laptop-loans/app/Views/people/index.php","line":23,"severity":8192}
[23-Feb-2026 08:07:55 UTC] PHP Deprecated:  htmlspecialchars(): Passing null to parameter #1 ($string) of type string is deprecated in /var/www/html/laptop-loans/app/Views/people/index.php on line 23
[2026-02-23 08:07:55] ERROR   PHP error: htmlspecialchars(): Passing null to parameter #1 ($string) of type string is deprecated in /var/www/html/laptop-loans/app/Views/people/index.php:24 {"msg":"htmlspecialchars(): Passing null to parameter #1 ($string) of type string is deprecated","file":"/var/www/html/laptop-loans/app/Views/people/index.php","line":24,"severity":8192}
[23-Feb-2026 08:07:55 UTC] PHP Deprecated:  htmlspecialchars(): Passing null to parameter #1 ($string) of type string is deprecated in /var/www/html/laptop-loans/app/Views/people/index.php on line 24
[2026-02-23 08:07:55] ERROR   PHP error: htmlspecialchars(): Passing null to parameter #1 ($string) of type string is deprecated in /var/www/html/laptop-loans/app/Views/people/index.php:25 {"msg":"htmlspecialchars(): Passing null to parameter #1 ($string) of type string is deprecated","file":"/var/www/html/laptop-loans/app/Views/people/index.php","line":25,"severity":8192}
[23-Feb-2026 08:07:55 UTC] PHP Deprecated:  htmlspecialchars(): Passing null to parameter #1 ($string) of type string is deprecated in /var/www/html/laptop-loans/app/Views/people/index.php on line 25
[2026-02-23 08:07:55] ERROR   PHP error: htmlspecialchars(): Passing null to parameter #1 ($string) of type string is deprecated in /var/www/html/laptop-loans/app/Views/people/index.php:26 {"msg":"htmlspecialchars(): Passing null to parameter #1 ($string) of type string is deprecated","file":"/var/www/html/laptop-loans/app/Views/people/index.php","line":26,"severity":8192}
[23-Feb-2026 08:07:55 UTC] PHP Deprecated:  htmlspecialchars(): Passing null to parameter #1 ($string) of type string is deprecated in /var/www/html/laptop-loans/app/Views/people/index.php on line 26
[2026-02-23 08:07:55] ERROR   PHP error: htmlspecialchars(): Passing null to parameter #1 ($string) of type string is deprecated in /var/www/html/laptop-loans/app/Views/people/index.php:23 {"msg":"htmlspecialchars(): Passing null to parameter #1 ($string) of type string is deprecated","file":"/var/www/html/laptop-loans/app/Views/people/index.php","line":23,"severity":8192}
[23-Feb-2026 08:07:55 UTC] PHP Deprecated:  htmlspecialchars(): Passing null to parameter #1 ($string) of type string is deprecated in /var/www/html/laptop-loans/app/Views/people/index.php on line 23
[2026-02-23 08:07:55] ERROR   PHP error: htmlspecialchars(): Passing null to parameter #1 ($string) of type string is deprecated in /var/www/html/laptop-loans/app/Views/people/index.php:24 {"msg":"htmlspecialchars(): Passing null to parameter #1 ($string) of type string is deprecated","file":"/var/www/html/laptop-loans/app/Views/people/index.php","line":24,"severity":8192}
[23-Feb-2026 08:07:55 UTC] PHP Deprecated:  htmlspecialchars(): Passing null to parameter #1 ($string) of type string is deprecated in /var/www/html/laptop-loans/app/Views/people/index.php on line 24
[2026-02-23 08:07:55] ERROR   PHP error: htmlspecialchars(): Passing null to parameter #1 ($string) of type string is deprecated in /var/www/html/laptop-loans/app/Views/people/index.php:25 {"msg":"htmlspecialchars(): Passing null to parameter #1 ($string) of type string is deprecated","file":"/var/www/html/laptop-loans/app/Views/people/index.php","line":25,"severity":8192}
[23-Feb-2026 08:07:55 UTC] PHP Deprecated:  htmlspecialchars(): Passing null to parameter #1 ($string) of type string is deprecated in /var/www/html/laptop-loans/app/Views/people/index.php on line 25
[2026-02-23 08:07:55] ERROR   PHP error: htmlspecialchars(): Passing null to parameter #1 ($string) of type string is deprecated in /var/www/html/laptop-loans/app/Views/people/index.php:26 {"msg":"htmlspecialchars(): Passing null to parameter #1 ($string) of type string is deprecated","file":"/var/www/html/laptop-loans/app/Views/people/index.php","line":26,"severity":8192}
[23-Feb-2026 08:07:55 UTC] PHP Deprecated:  htmlspecialchars(): Passing null to parameter #1 ($string) of type string is deprecated in /var/www/html/laptop-loans/app/Views/people/index.php on line 26
[2026-02-23 08:07:57] INFO    AUDIT visit {"user_id":null,"username":"anon","route":"laptops/index","ip":"10.52.2.5"}
[2026-02-23 08:08:02] INFO    AUDIT visit {"user_id":null,"username":"anon","route":"handovers/index","ip":"10.52.2.5"}
[2026-02-23 08:08:48] INFO    AUDIT visit {"user_id":null,"username":"anon","route":"laptops/index","ip":"10.52.2.5"}
[2026-02-23 08:08:54] INFO    AUDIT visit {"user_id":null,"username":"anon","route":"laptops/delete","ip":"10.52.2.5"}
[2026-02-23 08:08:54] INFO    AUDIT delete {"user_id":null,"username":"anon","ip":"10.52.2.5","route":"laptops/delete","entity":"laptops","id":142,"was":[]}
[2026-02-23 08:08:54] INFO    AUDIT visit {"user_id":null,"username":"anon","route":"laptops/index","ip":"10.52.2.5"}
[2026-02-23 08:08:56] INFO    AUDIT visit {"user_id":null,"username":"anon","route":"laptops/delete","ip":"10.52.2.5"}
[2026-02-23 08:08:56] INFO    AUDIT delete {"user_id":null,"username":"anon","ip":"10.52.2.5","route":"laptops/delete","entity":"laptops","id":19,"was":[]}
[2026-02-23 08:08:56] INFO    AUDIT visit {"user_id":null,"username":"anon","route":"laptops/index","ip":"10.52.2.5"}
[2026-02-23 08:08:58] INFO    AUDIT visit {"user_id":null,"username":"anon","route":"laptops/delete","ip":"10.52.2.5"}
[2026-02-23 08:08:58] INFO    AUDIT delete {"user_id":null,"username":"anon","ip":"10.52.2.5","route":"laptops/delete","entity":"laptops","id":20,"was":[]}
[2026-02-23 08:08:58] INFO    AUDIT visit {"user_id":null,"username":"anon","route":"laptops/index","ip":"10.52.2.5"}
[2026-02-23 08:09:00] INFO    AUDIT visit {"user_id":null,"username":"anon","route":"laptops/delete","ip":"10.52.2.5"}
[2026-02-23 08:09:00] INFO    AUDIT delete {"user_id":null,"username":"anon","ip":"10.52.2.5","route":"laptops/delete","entity":"laptops","id":22,"was":[]}
[2026-02-23 08:09:00] INFO    AUDIT visit {"user_id":null,"username":"anon","route":"laptops/index","ip":"10.52.2.5"}
[2026-02-23 08:09:02] INFO    AUDIT visit {"user_id":null,"username":"anon","route":"laptops/delete","ip":"10.52.2.5"}
[2026-02-23 08:09:02] INFO    AUDIT delete {"user_id":null,"username":"anon","ip":"10.52.2.5","route":"laptops/delete","entity":"laptops","id":23,"was":[]}
[2026-02-23 08:09:02] INFO    AUDIT visit {"user_id":null,"username":"anon","route":"laptops/index","ip":"10.52.2.5"}
[2026-02-23 08:09:04] INFO    AUDIT visit {"user_id":null,"username":"anon","route":"laptops/delete","ip":"10.52.2.5"}
[2026-02-23 08:09:04] INFO    AUDIT delete {"user_id":null,"username":"anon","ip":"10.52.2.5","route":"laptops/delete","entity":"laptops","id":24,"was":[]}
[2026-02-23 08:09:04] INFO    AUDIT visit {"user_id":null,"username":"anon","route":"laptops/index","ip":"10.52.2.5"}
[2026-02-23 08:09:06] INFO    AUDIT visit {"user_id":null,"username":"anon","route":"laptops/delete","ip":"10.52.2.5"}
[2026-02-23 08:09:06] INFO    AUDIT delete {"user_id":null,"username":"anon","ip":"10.52.2.5","route":"laptops/delete","entity":"laptops","id":27,"was":[]}
[2026-02-23 08:09:06] INFO    AUDIT visit {"user_id":null,"username":"anon","route":"laptops/index","ip":"10.52.2.5"}
[2026-02-23 08:09:08] INFO    AUDIT visit {"user_id":null,"username":"anon","route":"laptops/delete","ip":"10.52.2.5"}
[2026-02-23 08:09:08] INFO    AUDIT delete {"user_id":null,"username":"anon","ip":"10.52.2.5","route":"laptops/delete","entity":"laptops","id":143,"was":[]}
[2026-02-23 08:09:08] INFO    AUDIT visit {"user_id":null,"username":"anon","route":"laptops/index","ip":"10.52.2.5"}
[2026-02-23 08:09:10] INFO    AUDIT visit {"user_id":null,"username":"anon","route":"laptops/delete","ip":"10.52.2.5"}
[2026-02-23 08:09:10] INFO    AUDIT delete {"user_id":null,"username":"anon","ip":"10.52.2.5","route":"laptops/delete","entity":"laptops","id":28,"was":[]}
[2026-02-23 08:09:10] INFO    AUDIT visit {"user_id":null,"username":"anon","route":"laptops/index","ip":"10.52.2.5"}
[2026-02-23 08:09:12] INFO    AUDIT visit {"user_id":null,"username":"anon","route":"laptops/delete","ip":"10.52.2.5"}
[2026-02-23 08:09:12] INFO    AUDIT delete {"user_id":null,"username":"anon","ip":"10.52.2.5","route":"laptops/delete","entity":"laptops","id":35,"was":[]}
[2026-02-23 08:09:12] INFO    AUDIT visit {"user_id":null,"username":"anon","route":"laptops/index","ip":"10.52.2.5"}
[2026-02-23 08:09:13] INFO    AUDIT visit {"user_id":null,"username":"anon","route":"laptops/delete","ip":"10.52.2.5"}
[2026-02-23 08:09:13] INFO    AUDIT delete {"user_id":null,"username":"anon","ip":"10.52.2.5","route":"laptops/delete","entity":"laptops","id":46,"was":[]}
[2026-02-23 08:09:13] INFO    AUDIT visit {"user_id":null,"username":"anon","route":"laptops/index","ip":"10.52.2.5"}
[2026-02-23 08:09:15] INFO    AUDIT visit {"user_id":null,"username":"anon","route":"laptops/delete","ip":"10.52.2.5"}
[2026-02-23 08:09:15] INFO    AUDIT delete {"user_id":null,"username":"anon","ip":"10.52.2.5","route":"laptops/delete","entity":"laptops","id":47,"was":[]}
[2026-02-23 08:09:15] INFO    AUDIT visit {"user_id":null,"username":"anon","route":"laptops/index","ip":"10.52.2.5"}
[2026-02-23 08:10:25] INFO    AUDIT visit {"user_id":null,"username":"anon","route":"laptops/index","ip":"10.52.2.5"}
[2026-02-23 08:10:34] INFO    AUDIT visit {"user_id":null,"username":"anon","route":"courses/index","ip":"10.52.2.5"}
[2026-02-23 08:10:44] INFO    AUDIT visit {"user_id":null,"username":"anon","route":"locations/index","ip":"10.52.2.5"}
[2026-02-23 08:10:48] INFO    AUDIT visit {"user_id":null,"username":"anon","route":"handovers/entrega","ip":"10.52.2.5"}
[2026-02-23 08:10:48] ERROR   PHP error: htmlspecialchars(): Passing null to parameter #1 ($string) of type string is deprecated in /var/www/html/laptop-loans/app/Views/handovers/entrega.php:15 {"msg":"htmlspecialchars(): Passing null to parameter #1 ($string) of type string is deprecated","file":"/var/www/html/laptop-loans/app/Views/handovers/entrega.php","line":15,"severity":8192}
[23-Feb-2026 08:10:48 UTC] PHP Deprecated:  htmlspecialchars(): Passing null to parameter #1 ($string) of type string is deprecated in /var/www/html/laptop-loans/app/Views/handovers/entrega.php on line 15
[2026-02-23 08:10:48] ERROR   PHP error: htmlspecialchars(): Passing null to parameter #1 ($string) of type string is deprecated in /var/www/html/laptop-loans/app/Views/handovers/entrega.php:15 {"msg":"htmlspecialchars(): Passing null to parameter #1 ($string) of type string is deprecated","file":"/var/www/html/laptop-loans/app/Views/handovers/entrega.php","line":15,"severity":8192}
[23-Feb-2026 08:10:48 UTC] PHP Deprecated:  htmlspecialchars(): Passing null to parameter #1 ($string) of type string is deprecated in /var/www/html/laptop-loans/app/Views/handovers/entrega.php on line 15
[2026-02-23 08:10:48] ERROR   PHP error: htmlspecialchars(): Passing null to parameter #1 ($string) of type string is deprecated in /var/www/html/laptop-loans/app/Views/handovers/entrega.php:15 {"msg":"htmlspecialchars(): Passing null to parameter #1 ($string) of type string is deprecated","file":"/var/www/html/laptop-loans/app/Views/handovers/entrega.php","line":15,"severity":8192}
[23-Feb-2026 08:10:48 UTC] PHP Deprecated:  htmlspecialchars(): Passing null to parameter #1 ($string) of type string is deprecated in /var/www/html/laptop-loans/app/Views/handovers/entrega.php on line 15
[2026-02-23 08:10:48] ERROR   PHP error: htmlspecialchars(): Passing null to parameter #1 ($string) of type string is deprecated in /var/www/html/laptop-loans/app/Views/handovers/entrega.php:15 {"msg":"htmlspecialchars(): Passing null to parameter #1 ($string) of type string is deprecated","file":"/var/www/html/laptop-loans/app/Views/handovers/entrega.php","line":15,"severity":8192}
[23-Feb-2026 08:10:48 UTC] PHP Deprecated:  htmlspecialchars(): Passing null to parameter #1 ($string) of type string is deprecated in /var/www/html/laptop-loans/app/Views/handovers/entrega.php on line 15
[2026-02-23 08:10:48] ERROR   PHP error: htmlspecialchars(): Passing null to parameter #1 ($string) of type string is deprecated in /var/www/html/laptop-loans/app/Views/handovers/entrega.php:15 {"msg":"htmlspecialchars(): Passing null to parameter #1 ($string) of type string is deprecated","file":"/var/www/html/laptop-loans/app/Views/handovers/entrega.php","line":15,"severity":8192}
[23-Feb-2026 08:10:48 UTC] PHP Deprecated:  htmlspecialchars(): Passing null to parameter #1 ($string) of type string is deprecated in /var/www/html/laptop-loans/app/Views/handovers/entrega.php on line 15
[2026-02-23 08:10:48] ERROR   PHP error: htmlspecialchars(): Passing null to parameter #1 ($string) of type string is deprecated in /var/www/html/laptop-loans/app/Views/handovers/entrega.php:15 {"msg":"htmlspecialchars(): Passing null to parameter #1 ($string) of type string is deprecated","file":"/var/www/html/laptop-loans/app/Views/handovers/entrega.php","line":15,"severity":8192}
[23-Feb-2026 08:10:48 UTC] PHP Deprecated:  htmlspecialchars(): Passing null to parameter #1 ($string) of type string is deprecated in /var/www/html/laptop-loans/app/Views/handovers/entrega.php on line 15
[2026-02-23 08:10:48] ERROR   PHP error: htmlspecialchars(): Passing null to parameter #1 ($string) of type string is deprecated in /var/www/html/laptop-loans/app/Views/handovers/entrega.php:15 {"msg":"htmlspecialchars(): Passing null to parameter #1 ($string) of type string is deprecated","file":"/var/www/html/laptop-loans/app/Views/handovers/entrega.php","line":15,"severity":8192}
[23-Feb-2026 08:10:48 UTC] PHP Deprecated:  htmlspecialchars(): Passing null to parameter #1 ($string) of type string is deprecated in /var/www/html/laptop-loans/app/Views/handovers/entrega.php on line 15
[2026-02-23 08:10:48] ERROR   PHP error: htmlspecialchars(): Passing null to parameter #1 ($string) of type string is deprecated in /var/www/html/laptop-loans/app/Views/handovers/entrega.php:15 {"msg":"htmlspecialchars(): Passing null to parameter #1 ($string) of type string is deprecated","file":"/var/www/html/laptop-loans/app/Views/handovers/entrega.php","line":15,"severity":8192}
[23-Feb-2026 08:10:48 UTC] PHP Deprecated:  htmlspecialchars(): Passing null to parameter #1 ($string) of type string is deprecated in /var/www/html/laptop-loans/app/Views/handovers/entrega.php on line 15
[2026-02-23 08:10:48] ERROR   PHP error: htmlspecialchars(): Passing null to parameter #1 ($string) of type string is deprecated in /var/www/html/laptop-loans/app/Views/handovers/entrega.php:15 {"msg":"htmlspecialchars(): Passing null to parameter #1 ($string) of type string is deprecated","file":"/var/www/html/laptop-loans/app/Views/handovers/entrega.php","line":15,"severity":8192}
[23-Feb-2026 08:10:48 UTC] PHP Deprecated:  htmlspecialchars(): Passing null to parameter #1 ($string) of type string is deprecated in /var/www/html/laptop-loans/app/Views/handovers/entrega.php on line 15
[2026-02-23 08:10:48] ERROR   PHP error: htmlspecialchars(): Passing null to parameter #1 ($string) of type string is deprecated in /var/www/html/laptop-loans/app/Views/handovers/entrega.php:15 {"msg":"htmlspecialchars(): Passing null to parameter #1 ($string) of type string is deprecated","file":"/var/www/html/laptop-loans/app/Views/handovers/entrega.php","line":15,"severity":8192}
[23-Feb-2026 08:10:48 UTC] PHP Deprecated:  htmlspecialchars(): Passing null to parameter #1 ($string) of type string is deprecated in /var/www/html/laptop-loans/app/Views/handovers/entrega.php on line 15
[2026-02-23 08:10:48] ERROR   PHP error: htmlspecialchars(): Passing null to parameter #1 ($string) of type string is deprecated in /var/www/html/laptop-loans/app/Views/handovers/entrega.php:15 {"msg":"htmlspecialchars(): Passing null to parameter #1 ($string) of type string is deprecated","file":"/var/www/html/laptop-loans/app/Views/handovers/entrega.php","line":15,"severity":8192}
[23-Feb-2026 08:10:48 UTC] PHP Deprecated:  htmlspecialchars(): Passing null to parameter #1 ($string) of type string is deprecated in /var/www/html/laptop-loans/app/Views/handovers/entrega.php on line 15
[2026-02-23 08:10:48] ERROR   PHP error: htmlspecialchars(): Passing null to parameter #1 ($string) of type string is deprecated in /var/www/html/laptop-loans/app/Views/handovers/entrega.php:15 {"msg":"htmlspecialchars(): Passing null to parameter #1 ($string) of type string is deprecated","file":"/var/www/html/laptop-loans/app/Views/handovers/entrega.php","line":15,"severity":8192}
[23-Feb-2026 08:10:48 UTC] PHP Deprecated:  htmlspecialchars(): Passing null to parameter #1 ($string) of type string is deprecated in /var/www/html/laptop-loans/app/Views/handovers/entrega.php on line 15
[2026-02-23 08:10:48] ERROR   PHP error: htmlspecialchars(): Passing null to parameter #1 ($string) of type string is deprecated in /var/www/html/laptop-loans/app/Views/handovers/entrega.php:15 {"msg":"htmlspecialchars(): Passing null to parameter #1 ($string) of type string is deprecated","file":"/var/www/html/laptop-loans/app/Views/handovers/entrega.php","line":15,"severity":8192}
[23-Feb-2026 08:10:48 UTC] PHP Deprecated:  htmlspecialchars(): Passing null to parameter #1 ($string) of type string is deprecated in /var/www/html/laptop-loans/app/Views/handovers/entrega.php on line 15
[2026-02-23 08:10:48] ERROR   PHP error: htmlspecialchars(): Passing null to parameter #1 ($string) of type string is deprecated in /var/www/html/laptop-loans/app/Views/handovers/entrega.php:15 {"msg":"htmlspecialchars(): Passing null to parameter #1 ($string) of type string is deprecated","file":"/var/www/html/laptop-loans/app/Views/handovers/entrega.php","line":15,"severity":8192}
[23-Feb-2026 08:10:48 UTC] PHP Deprecated:  htmlspecialchars(): Passing null to parameter #1 ($string) of type string is deprecated in /var/www/html/laptop-loans/app/Views/handovers/entrega.php on line 15
[2026-02-23 08:10:48] ERROR   PHP error: htmlspecialchars(): Passing null to parameter #1 ($string) of type string is deprecated in /var/www/html/laptop-loans/app/Views/handovers/entrega.php:15 {"msg":"htmlspecialchars(): Passing null to parameter #1 ($string) of type string is deprecated","file":"/var/www/html/laptop-loans/app/Views/handovers/entrega.php","line":15,"severity":8192}
[23-Feb-2026 08:10:48 UTC] PHP Deprecated:  htmlspecialchars(): Passing null to parameter #1 ($string) of type string is deprecated in /var/www/html/laptop-loans/app/Views/handovers/entrega.php on line 15
[2026-02-23 08:10:48] ERROR   PHP error: htmlspecialchars(): Passing null to parameter #1 ($string) of type string is deprecated in /var/www/html/laptop-loans/app/Views/handovers/entrega.php:15 {"msg":"htmlspecialchars(): Passing null to parameter #1 ($string) of type string is deprecated","file":"/var/www/html/laptop-loans/app/Views/handovers/entrega.php","line":15,"severity":8192}
[23-Feb-2026 08:10:48 UTC] PHP Deprecated:  htmlspecialchars(): Passing null to parameter #1 ($string) of type string is deprecated in /var/www/html/laptop-loans/app/Views/handovers/entrega.php on line 15
[2026-02-23 08:10:48] ERROR   PHP error: htmlspecialchars(): Passing null to parameter #1 ($string) of type string is deprecated in /var/www/html/laptop-loans/app/Views/handovers/entrega.php:15 {"msg":"htmlspecialchars(): Passing null to parameter #1 ($string) of type string is deprecated","file":"/var/www/html/laptop-loans/app/Views/handovers/entrega.php","line":15,"severity":8192}
[23-Feb-2026 08:10:48 UTC] PHP Deprecated:  htmlspecialchars(): Passing null to parameter #1 ($string) of type string is deprecated in /var/www/html/laptop-loans/app/Views/handovers/entrega.php on line 15
[2026-02-23 08:10:48] ERROR   PHP error: htmlspecialchars(): Passing null to parameter #1 ($string) of type string is deprecated in /var/www/html/laptop-loans/app/Views/handovers/entrega.php:15 {"msg":"htmlspecialchars(): Passing null to parameter #1 ($string) of type string is deprecated","file":"/var/www/html/laptop-loans/app/Views/handovers/entrega.php","line":15,"severity":8192}
[23-Feb-2026 08:10:48 UTC] PHP Deprecated:  htmlspecialchars(): Passing null to parameter #1 ($string) of type string is deprecated in /var/www/html/laptop-loans/app/Views/handovers/entrega.php on line 15
[2026-02-23 08:10:48] ERROR   PHP error: htmlspecialchars(): Passing null to parameter #1 ($string) of type string is deprecated in /var/www/html/laptop-loans/app/Views/handovers/entrega.php:15 {"msg":"htmlspecialchars(): Passing null to parameter #1 ($string) of type string is deprecated","file":"/var/www/html/laptop-loans/app/Views/handovers/entrega.php","line":15,"severity":8192}
[23-Feb-2026 08:10:48 UTC] PHP Deprecated:  htmlspecialchars(): Passing null to parameter #1 ($string) of type string is deprecated in /var/www/html/laptop-loans/app/Views/handovers/entrega.php on line 15
[2026-02-23 08:10:48] ERROR   PHP error: htmlspecialchars(): Passing null to parameter #1 ($string) of type string is deprecated in /var/www/html/laptop-loans/app/Views/handovers/entrega.php:15 {"msg":"htmlspecialchars(): Passing null to parameter #1 ($string) of type string is deprecated","file":"/var/www/html/laptop-loans/app/Views/handovers/entrega.php","line":15,"severity":8192}
[23-Feb-2026 08:10:48 UTC] PHP Deprecated:  htmlspecialchars(): Passing null to parameter #1 ($string) of type string is deprecated in /var/www/html/laptop-loans/app/Views/handovers/entrega.php on line 15
[2026-02-23 08:10:48] ERROR   PHP error: htmlspecialchars(): Passing null to parameter #1 ($string) of type string is deprecated in /var/www/html/laptop-loans/app/Views/handovers/entrega.php:15 {"msg":"htmlspecialchars(): Passing null to parameter #1 ($string) of type string is deprecated","file":"/var/www/html/laptop-loans/app/Views/handovers/entrega.php","line":15,"severity":8192}
[23-Feb-2026 08:10:48 UTC] PHP Deprecated:  htmlspecialchars(): Passing null to parameter #1 ($string) of type string is deprecated in /var/www/html/laptop-loans/app/Views/handovers/entrega.php on line 15
[2026-02-23 08:10:48] ERROR   PHP error: htmlspecialchars(): Passing null to parameter #1 ($string) of type string is deprecated in /var/www/html/laptop-loans/app/Views/handovers/entrega.php:15 {"msg":"htmlspecialchars(): Passing null to parameter #1 ($string) of type string is deprecated","file":"/var/www/html/laptop-loans/app/Views/handovers/entrega.php","line":15,"severity":8192}
[23-Feb-2026 08:10:48 UTC] PHP Deprecated:  htmlspecialchars(): Passing null to parameter #1 ($string) of type string is deprecated in /var/www/html/laptop-loans/app/Views/handovers/entrega.php on line 15
[2026-02-23 08:10:48] ERROR   PHP error: htmlspecialchars(): Passing null to parameter #1 ($string) of type string is deprecated in /var/www/html/laptop-loans/app/Views/handovers/entrega.php:15 {"msg":"htmlspecialchars(): Passing null to parameter #1 ($string) of type string is deprecated","file":"/var/www/html/laptop-loans/app/Views/handovers/entrega.php","line":15,"severity":8192}
[23-Feb-2026 08:10:48 UTC] PHP Deprecated:  htmlspecialchars(): Passing null to parameter #1 ($string) of type string is deprecated in /var/www/html/laptop-loans/app/Views/handovers/entrega.php on line 15
[2026-02-23 08:10:48] ERROR   PHP error: htmlspecialchars(): Passing null to parameter #1 ($string) of type string is deprecated in /var/www/html/laptop-loans/app/Views/handovers/entrega.php:15 {"msg":"htmlspecialchars(): Passing null to parameter #1 ($string) of type string is deprecated","file":"/var/www/html/laptop-loans/app/Views/handovers/entrega.php","line":15,"severity":8192}
[23-Feb-2026 08:10:48 UTC] PHP Deprecated:  htmlspecialchars(): Passing null to parameter #1 ($string) of type string is deprecated in /var/www/html/laptop-loans/app/Views/handovers/entrega.php on line 15
[2026-02-23 08:10:48] ERROR   PHP error: htmlspecialchars(): Passing null to parameter #1 ($string) of type string is deprecated in /var/www/html/laptop-loans/app/Views/handovers/entrega.php:15 {"msg":"htmlspecialchars(): Passing null to parameter #1 ($string) of type string is deprecated","file":"/var/www/html/laptop-loans/app/Views/handovers/entrega.php","line":15,"severity":8192}
[23-Feb-2026 08:10:48 UTC] PHP Deprecated:  htmlspecialchars(): Passing null to parameter #1 ($string) of type string is deprecated in /var/www/html/laptop-loans/app/Views/handovers/entrega.php on line 15
[2026-02-23 08:10:48] ERROR   PHP error: htmlspecialchars(): Passing null to parameter #1 ($string) of type string is deprecated in /var/www/html/laptop-loans/app/Views/handovers/entrega.php:15 {"msg":"htmlspecialchars(): Passing null to parameter #1 ($string) of type string is deprecated","file":"/var/www/html/laptop-loans/app/Views/handovers/entrega.php","line":15,"severity":8192}
[23-Feb-2026 08:10:48 UTC] PHP Deprecated:  htmlspecialchars(): Passing null to parameter #1 ($string) of type string is deprecated in /var/www/html/laptop-loans/app/Views/handovers/entrega.php on line 15
[2026-02-23 08:10:48] ERROR   PHP error: htmlspecialchars(): Passing null to parameter #1 ($string) of type string is deprecated in /var/www/html/laptop-loans/app/Views/handovers/entrega.php:15 {"msg":"htmlspecialchars(): Passing null to parameter #1 ($string) of type string is deprecated","file":"/var/www/html/laptop-loans/app/Views/handovers/entrega.php","line":15,"severity":8192}
[23-Feb-2026 08:10:48 UTC] PHP Deprecated:  htmlspecialchars(): Passing null to parameter #1 ($string) of type string is deprecated in /var/www/html/laptop-loans/app/Views/handovers/entrega.php on line 15
[2026-02-23 08:10:48] ERROR   PHP error: htmlspecialchars(): Passing null to parameter #1 ($string) of type string is deprecated in /var/www/html/laptop-loans/app/Views/handovers/entrega.php:15 {"msg":"htmlspecialchars(): Passing null to parameter #1 ($string) of type string is deprecated","file":"/var/www/html/laptop-loans/app/Views/handovers/entrega.php","line":15,"severity":8192}
[23-Feb-2026 08:10:48 UTC] PHP Deprecated:  htmlspecialchars(): Passing null to parameter #1 ($string) of type string is deprecated in /var/www/html/laptop-loans/app/Views/handovers/entrega.php on line 15
[2026-02-23 08:10:48] ERROR   PHP error: htmlspecialchars(): Passing null to parameter #1 ($string) of type string is deprecated in /var/www/html/laptop-loans/app/Views/handovers/entrega.php:15 {"msg":"htmlspecialchars(): Passing null to parameter #1 ($string) of type string is deprecated","file":"/var/www/html/laptop-loans/app/Views/handovers/entrega.php","line":15,"severity":8192}
[23-Feb-2026 08:10:48 UTC] PHP Deprecated:  htmlspecialchars(): Passing null to parameter #1 ($string) of type string is deprecated in /var/www/html/laptop-loans/app/Views/handovers/entrega.php on line 15
[2026-02-23 08:10:48] ERROR   PHP error: htmlspecialchars(): Passing null to parameter #1 ($string) of type string is deprecated in /var/www/html/laptop-loans/app/Views/handovers/entrega.php:15 {"msg":"htmlspecialchars(): Passing null to parameter #1 ($string) of type string is deprecated","file":"/var/www/html/laptop-loans/app/Views/handovers/entrega.php","line":15,"severity":8192}
[23-Feb-2026 08:10:48 UTC] PHP Deprecated:  htmlspecialchars(): Passing null to parameter #1 ($string) of type string is deprecated in /var/www/html/laptop-loans/app/Views/handovers/entrega.php on line 15
[2026-02-23 08:10:48] ERROR   PHP error: htmlspecialchars(): Passing null to parameter #1 ($string) of type string is deprecated in /var/www/html/laptop-loans/app/Views/handovers/entrega.php:15 {"msg":"htmlspecialchars(): Passing null to parameter #1 ($string) of type string is deprecated","file":"/var/www/html/laptop-loans/app/Views/handovers/entrega.php","line":15,"severity":8192}
[23-Feb-2026 08:10:48 UTC] PHP Deprecated:  htmlspecialchars(): Passing null to parameter #1 ($string) of type string is deprecated in /var/www/html/laptop-loans/app/Views/handovers/entrega.php on line 15
[2026-02-23 08:10:48] ERROR   PHP error: htmlspecialchars(): Passing null to parameter #1 ($string) of type string is deprecated in /var/www/html/laptop-loans/app/Views/handovers/entrega.php:15 {"msg":"htmlspecialchars(): Passing null to parameter #1 ($string) of type string is deprecated","file":"/var/www/html/laptop-loans/app/Views/handovers/entrega.php","line":15,"severity":8192}
[23-Feb-2026 08:10:48 UTC] PHP Deprecated:  htmlspecialchars(): Passing null to parameter #1 ($string) of type string is deprecated in /var/www/html/laptop-loans/app/Views/handovers/entrega.php on line 15
[2026-02-23 08:10:48] ERROR   PHP error: htmlspecialchars(): Passing null to parameter #1 ($string) of type string is deprecated in /var/www/html/laptop-loans/app/Views/handovers/entrega.php:15 {"msg":"htmlspecialchars(): Passing null to parameter #1 ($string) of type string is deprecated","file":"/var/www/html/laptop-loans/app/Views/handovers/entrega.php","line":15,"severity":8192}
[23-Feb-2026 08:10:48 UTC] PHP Deprecated:  htmlspecialchars(): Passing null to parameter #1 ($string) of type string is deprecated in /var/www/html/laptop-loans/app/Views/handovers/entrega.php on line 15
[2026-02-23 08:10:48] ERROR   PHP error: htmlspecialchars(): Passing null to parameter #1 ($string) of type string is deprecated in /var/www/html/laptop-loans/app/Views/handovers/entrega.php:15 {"msg":"htmlspecialchars(): Passing null to parameter #1 ($string) of type string is deprecated","file":"/var/www/html/laptop-loans/app/Views/handovers/entrega.php","line":15,"severity":8192}
[23-Feb-2026 08:10:48 UTC] PHP Deprecated:  htmlspecialchars(): Passing null to parameter #1 ($string) of type string is deprecated in /var/www/html/laptop-loans/app/Views/handovers/entrega.php on line 15
[2026-02-23 08:10:48] ERROR   PHP error: htmlspecialchars(): Passing null to parameter #1 ($string) of type string is deprecated in /var/www/html/laptop-loans/app/Views/handovers/entrega.php:15 {"msg":"htmlspecialchars(): Passing null to parameter #1 ($string) of type string is deprecated","file":"/var/www/html/laptop-loans/app/Views/handovers/entrega.php","line":15,"severity":8192}
[23-Feb-2026 08:10:48 UTC] PHP Deprecated:  htmlspecialchars(): Passing null to parameter #1 ($string) of type string is deprecated in /var/www/html/laptop-loans/app/Views/handovers/entrega.php on line 15
[2026-02-23 08:10:48] ERROR   PHP error: htmlspecialchars(): Passing null to parameter #1 ($string) of type string is deprecated in /var/www/html/laptop-loans/app/Views/handovers/entrega.php:15 {"msg":"htmlspecialchars(): Passing null to parameter #1 ($string) of type string is deprecated","file":"/var/www/html/laptop-loans/app/Views/handovers/entrega.php","line":15,"severity":8192}
[23-Feb-2026 08:10:48 UTC] PHP Deprecated:  htmlspecialchars(): Passing null to parameter #1 ($string) of type string is deprecated in /var/www/html/laptop-loans/app/Views/handovers/entrega.php on line 15
[2026-02-23 08:10:48] ERROR   PHP error: htmlspecialchars(): Passing null to parameter #1 ($string) of type string is deprecated in /var/www/html/laptop-loans/app/Views/handovers/entrega.php:15 {"msg":"htmlspecialchars(): Passing null to parameter #1 ($string) of type string is deprecated","file":"/var/www/html/laptop-loans/app/Views/handovers/entrega.php","line":15,"severity":8192}
[23-Feb-2026 08:10:48 UTC] PHP Deprecated:  htmlspecialchars(): Passing null to parameter #1 ($string) of type string is deprecated in /var/www/html/laptop-loans/app/Views/handovers/entrega.php on line 15
[2026-02-23 08:10:48] ERROR   PHP error: htmlspecialchars(): Passing null to parameter #1 ($string) of type string is deprecated in /var/www/html/laptop-loans/app/Views/handovers/entrega.php:15 {"msg":"htmlspecialchars(): Passing null to parameter #1 ($string) of type string is deprecated","file":"/var/www/html/laptop-loans/app/Views/handovers/entrega.php","line":15,"severity":8192}
[23-Feb-2026 08:10:48 UTC] PHP Deprecated:  htmlspecialchars(): Passing null to parameter #1 ($string) of type string is deprecated in /var/www/html/laptop-loans/app/Views/handovers/entrega.php on line 15
[2026-02-23 08:10:48] ERROR   PHP error: htmlspecialchars(): Passing null to parameter #1 ($string) of type string is deprecated in /var/www/html/laptop-loans/app/Views/handovers/entrega.php:15 {"msg":"htmlspecialchars(): Passing null to parameter #1 ($string) of type string is deprecated","file":"/var/www/html/laptop-loans/app/Views/handovers/entrega.php","line":15,"severity":8192}
[23-Feb-2026 08:10:48 UTC] PHP Deprecated:  htmlspecialchars(): Passing null to parameter #1 ($string) of type string is deprecated in /var/www/html/laptop-loans/app/Views/handovers/entrega.php on line 15
[2026-02-23 08:10:48] ERROR   PHP error: htmlspecialchars(): Passing null to parameter #1 ($string) of type string is deprecated in /var/www/html/laptop-loans/app/Views/handovers/entrega.php:15 {"msg":"htmlspecialchars(): Passing null to parameter #1 ($string) of type string is deprecated","file":"/var/www/html/laptop-loans/app/Views/handovers/entrega.php","line":15,"severity":8192}
[23-Feb-2026 08:10:48 UTC] PHP Deprecated:  htmlspecialchars(): Passing null to parameter #1 ($string) of type string is deprecated in /var/www/html/laptop-loans/app/Views/handovers/entrega.php on line 15
[2026-02-23 08:10:48] ERROR   PHP error: htmlspecialchars(): Passing null to parameter #1 ($string) of type string is deprecated in /var/www/html/laptop-loans/app/Views/handovers/entrega.php:15 {"msg":"htmlspecialchars(): Passing null to parameter #1 ($string) of type string is deprecated","file":"/var/www/html/laptop-loans/app/Views/handovers/entrega.php","line":15,"severity":8192}
[23-Feb-2026 08:10:48 UTC] PHP Deprecated:  htmlspecialchars(): Passing null to parameter #1 ($string) of type string is deprecated in /var/www/html/laptop-loans/app/Views/handovers/entrega.php on line 15
[2026-02-23 08:10:48] ERROR   PHP error: htmlspecialchars(): Passing null to parameter #1 ($string) of type string is deprecated in /var/www/html/laptop-loans/app/Views/handovers/entrega.php:15 {"msg":"htmlspecialchars(): Passing null to parameter #1 ($string) of type string is deprecated","file":"/var/www/html/laptop-loans/app/Views/handovers/entrega.php","line":15,"severity":8192}
[23-Feb-2026 08:10:48 UTC] PHP Deprecated:  htmlspecialchars(): Passing null to parameter #1 ($string) of type string is deprecated in /var/www/html/laptop-loans/app/Views/handovers/entrega.php on line 15
[2026-02-23 08:10:48] ERROR   PHP error: htmlspecialchars(): Passing null to parameter #1 ($string) of type string is deprecated in /var/www/html/laptop-loans/app/Views/handovers/entrega.php:15 {"msg":"htmlspecialchars(): Passing null to parameter #1 ($string) of type string is deprecated","file":"/var/www/html/laptop-loans/app/Views/handovers/entrega.php","line":15,"severity":8192}
[23-Feb-2026 08:10:48 UTC] PHP Deprecated:  htmlspecialchars(): Passing null to parameter #1 ($string) of type string is deprecated in /var/www/html/laptop-loans/app/Views/handovers/entrega.php on line 15
[2026-02-23 08:10:48] ERROR   PHP error: htmlspecialchars(): Passing null to parameter #1 ($string) of type string is deprecated in /var/www/html/laptop-loans/app/Views/handovers/entrega.php:15 {"msg":"htmlspecialchars(): Passing null to parameter #1 ($string) of type string is deprecated","file":"/var/www/html/laptop-loans/app/Views/handovers/entrega.php","line":15,"severity":8192}
[23-Feb-2026 08:10:48 UTC] PHP Deprecated:  htmlspecialchars(): Passing null to parameter #1 ($string) of type string is deprecated in /var/www/html/laptop-loans/app/Views/handovers/entrega.php on line 15
[2026-02-23 08:10:48] ERROR   PHP error: htmlspecialchars(): Passing null to parameter #1 ($string) of type string is deprecated in /var/www/html/laptop-loans/app/Views/handovers/entrega.php:15 {"msg":"htmlspecialchars(): Passing null to parameter #1 ($string) of type string is deprecated","file":"/var/www/html/laptop-loans/app/Views/handovers/entrega.php","line":15,"severity":8192}
[23-Feb-2026 08:10:48 UTC] PHP Deprecated:  htmlspecialchars(): Passing null to parameter #1 ($string) of type string is deprecated in /var/www/html/laptop-loans/app/Views/handovers/entrega.php on line 15
[2026-02-23 08:10:48] ERROR   PHP error: htmlspecialchars(): Passing null to parameter #1 ($string) of type string is deprecated in /var/www/html/laptop-loans/app/Views/handovers/entrega.php:15 {"msg":"htmlspecialchars(): Passing null to parameter #1 ($string) of type string is deprecated","file":"/var/www/html/laptop-loans/app/Views/handovers/entrega.php","line":15,"severity":8192}
[23-Feb-2026 08:10:48 UTC] PHP Deprecated:  htmlspecialchars(): Passing null to parameter #1 ($string) of type string is deprecated in /var/www/html/laptop-loans/app/Views/handovers/entrega.php on line 15
[2026-02-23 08:10:48] ERROR   PHP error: htmlspecialchars(): Passing null to parameter #1 ($string) of type string is deprecated in /var/www/html/laptop-loans/app/Views/handovers/entrega.php:15 {"msg":"htmlspecialchars(): Passing null to parameter #1 ($string) of type string is deprecated","file":"/var/www/html/laptop-loans/app/Views/handovers/entrega.php","line":15,"severity":8192}
[23-Feb-2026 08:10:48 UTC] PHP Deprecated:  htmlspecialchars(): Passing null to parameter #1 ($string) of type string is deprecated in /var/www/html/laptop-loans/app/Views/handovers/entrega.php on line 15
[2026-02-23 08:10:48] ERROR   PHP error: htmlspecialchars(): Passing null to parameter #1 ($string) of type string is deprecated in /var/www/html/laptop-loans/app/Views/handovers/entrega.php:15 {"msg":"htmlspecialchars(): Passing null to parameter #1 ($string) of type string is deprecated","file":"/var/www/html/laptop-loans/app/Views/handovers/entrega.php","line":15,"severity":8192}
[23-Feb-2026 08:10:48 UTC] PHP Deprecated:  htmlspecialchars(): Passing null to parameter #1 ($string) of type string is deprecated in /var/www/html/laptop-loans/app/Views/handovers/entrega.php on line 15
[2026-02-23 08:10:48] ERROR   PHP error: htmlspecialchars(): Passing null to parameter #1 ($string) of type string is deprecated in /var/www/html/laptop-loans/app/Views/handovers/entrega.php:15 {"msg":"htmlspecialchars(): Passing null to parameter #1 ($string) of type string is deprecated","file":"/var/www/html/laptop-loans/app/Views/handovers/entrega.php","line":15,"severity":8192}
[23-Feb-2026 08:10:48 UTC] PHP Deprecated:  htmlspecialchars(): Passing null to parameter #1 ($string) of type string is deprecated in /var/www/html/laptop-loans/app/Views/handovers/entrega.php on line 15
[2026-02-23 08:10:48] ERROR   PHP error: htmlspecialchars(): Passing null to parameter #1 ($string) of type string is deprecated in /var/www/html/laptop-loans/app/Views/handovers/entrega.php:15 {"msg":"htmlspecialchars(): Passing null to parameter #1 ($string) of type string is deprecated","file":"/var/www/html/laptop-loans/app/Views/handovers/entrega.php","line":15,"severity":8192}
[23-Feb-2026 08:10:48 UTC] PHP Deprecated:  htmlspecialchars(): Passing null to parameter #1 ($string) of type string is deprecated in /var/www/html/laptop-loans/app/Views/handovers/entrega.php on line 15
[2026-02-23 08:10:48] ERROR   PHP error: htmlspecialchars(): Passing null to parameter #1 ($string) of type string is deprecated in /var/www/html/laptop-loans/app/Views/handovers/entrega.php:15 {"msg":"htmlspecialchars(): Passing null to parameter #1 ($string) of type string is deprecated","file":"/var/www/html/laptop-loans/app/Views/handovers/entrega.php","line":15,"severity":8192}
[23-Feb-2026 08:10:48 UTC] PHP Deprecated:  htmlspecialchars(): Passing null to parameter #1 ($string) of type string is deprecated in /var/www/html/laptop-loans/app/Views/handovers/entrega.php on line 15
[2026-02-23 08:10:48] ERROR   PHP error: htmlspecialchars(): Passing null to parameter #1 ($string) of type string is deprecated in /var/www/html/laptop-loans/app/Views/handovers/entrega.php:15 {"msg":"htmlspecialchars(): Passing null to parameter #1 ($string) of type string is deprecated","file":"/var/www/html/laptop-loans/app/Views/handovers/entrega.php","line":15,"severity":8192}
[23-Feb-2026 08:10:48 UTC] PHP Deprecated:  htmlspecialchars(): Passing null to parameter #1 ($string) of type string is deprecated in /var/www/html/laptop-loans/app/Views/handovers/entrega.php on line 15
[2026-02-23 08:10:48] ERROR   PHP error: htmlspecialchars(): Passing null to parameter #1 ($string) of type string is deprecated in /var/www/html/laptop-loans/app/Views/handovers/entrega.php:15 {"msg":"htmlspecialchars(): Passing null to parameter #1 ($string) of type string is deprecated","file":"/var/www/html/laptop-loans/app/Views/handovers/entrega.php","line":15,"severity":8192}
[23-Feb-2026 08:10:48 UTC] PHP Deprecated:  htmlspecialchars(): Passing null to parameter #1 ($string) of type string is deprecated in /var/www/html/laptop-loans/app/Views/handovers/entrega.php on line 15
[2026-02-23 08:10:48] ERROR   PHP error: htmlspecialchars(): Passing null to parameter #1 ($string) of type string is deprecated in /var/www/html/laptop-loans/app/Views/handovers/entrega.php:15 {"msg":"htmlspecialchars(): Passing null to parameter #1 ($string) of type string is deprecated","file":"/var/www/html/laptop-loans/app/Views/handovers/entrega.php","line":15,"severity":8192}
[23-Feb-2026 08:10:48 UTC] PHP Deprecated:  htmlspecialchars(): Passing null to parameter #1 ($string) of type string is deprecated in /var/www/html/laptop-loans/app/Views/handovers/entrega.php on line 15
[2026-02-23 08:10:48] ERROR   PHP error: htmlspecialchars(): Passing null to parameter #1 ($string) of type string is deprecated in /var/www/html/laptop-loans/app/Views/handovers/entrega.php:15 {"msg":"htmlspecialchars(): Passing null to parameter #1 ($string) of type string is deprecated","file":"/var/www/html/laptop-loans/app/Views/handovers/entrega.php","line":15,"severity":8192}
[23-Feb-2026 08:10:48 UTC] PHP Deprecated:  htmlspecialchars(): Passing null to parameter #1 ($string) of type string is deprecated in /var/www/html/laptop-loans/app/Views/handovers/entrega.php on line 15
[2026-02-23 08:10:48] ERROR   PHP error: htmlspecialchars(): Passing null to parameter #1 ($string) of type string is deprecated in /var/www/html/laptop-loans/app/Views/handovers/entrega.php:15 {"msg":"htmlspecialchars(): Passing null to parameter #1 ($string) of type string is deprecated","file":"/var/www/html/laptop-loans/app/Views/handovers/entrega.php","line":15,"severity":8192}
[23-Feb-2026 08:10:48 UTC] PHP Deprecated:  htmlspecialchars(): Passing null to parameter #1 ($string) of type string is deprecated in /var/www/html/laptop-loans/app/Views/handovers/entrega.php on line 15
[2026-02-23 08:10:48] ERROR   PHP error: htmlspecialchars(): Passing null to parameter #1 ($string) of type string is deprecated in /var/www/html/laptop-loans/app/Views/handovers/entrega.php:15 {"msg":"htmlspecialchars(): Passing null to parameter #1 ($string) of type string is deprecated","file":"/var/www/html/laptop-loans/app/Views/handovers/entrega.php","line":15,"severity":8192}
[23-Feb-2026 08:10:48 UTC] PHP Deprecated:  htmlspecialchars(): Passing null to parameter #1 ($string) of type string is deprecated in /var/www/html/laptop-loans/app/Views/handovers/entrega.php on line 15
[2026-02-23 08:10:48] ERROR   PHP error: htmlspecialchars(): Passing null to parameter #1 ($string) of type string is deprecated in /var/www/html/laptop-loans/app/Views/handovers/entrega.php:15 {"msg":"htmlspecialchars(): Passing null to parameter #1 ($string) of type string is deprecated","file":"/var/www/html/laptop-loans/app/Views/handovers/entrega.php","line":15,"severity":8192}
[23-Feb-2026 08:10:48 UTC] PHP Deprecated:  htmlspecialchars(): Passing null to parameter #1 ($string) of type string is deprecated in /var/www/html/laptop-loans/app/Views/handovers/entrega.php on line 15
[2026-02-23 08:10:48] ERROR   PHP error: htmlspecialchars(): Passing null to parameter #1 ($string) of type string is deprecated in /var/www/html/laptop-loans/app/Views/handovers/entrega.php:15 {"msg":"htmlspecialchars(): Passing null to parameter #1 ($string) of type string is deprecated","file":"/var/www/html/laptop-loans/app/Views/handovers/entrega.php","line":15,"severity":8192}
[23-Feb-2026 08:10:48 UTC] PHP Deprecated:  htmlspecialchars(): Passing null to parameter #1 ($string) of type string is deprecated in /var/www/html/laptop-loans/app/Views/handovers/entrega.php on line 15
[2026-02-23 08:10:48] ERROR   PHP error: htmlspecialchars(): Passing null to parameter #1 ($string) of type string is deprecated in /var/www/html/laptop-loans/app/Views/handovers/entrega.php:15 {"msg":"htmlspecialchars(): Passing null to parameter #1 ($string) of type string is deprecated","file":"/var/www/html/laptop-loans/app/Views/handovers/entrega.php","line":15,"severity":8192}
[23-Feb-2026 08:10:48 UTC] PHP Deprecated:  htmlspecialchars(): Passing null to parameter #1 ($string) of type string is deprecated in /var/www/html/laptop-loans/app/Views/handovers/entrega.php on line 15
[2026-02-23 08:10:48] ERROR   PHP error: htmlspecialchars(): Passing null to parameter #1 ($string) of type string is deprecated in /var/www/html/laptop-loans/app/Views/handovers/entrega.php:15 {"msg":"htmlspecialchars(): Passing null to parameter #1 ($string) of type string is deprecated","file":"/var/www/html/laptop-loans/app/Views/handovers/entrega.php","line":15,"severity":8192}
[23-Feb-2026 08:10:48 UTC] PHP Deprecated:  htmlspecialchars(): Passing null to parameter #1 ($string) of type string is deprecated in /var/www/html/laptop-loans/app/Views/handovers/entrega.php on line 15
[2026-02-23 08:10:48] ERROR   PHP error: htmlspecialchars(): Passing null to parameter #1 ($string) of type string is deprecated in /var/www/html/laptop-loans/app/Views/handovers/entrega.php:15 {"msg":"htmlspecialchars(): Passing null to parameter #1 ($string) of type string is deprecated","file":"/var/www/html/laptop-loans/app/Views/handovers/entrega.php","line":15,"severity":8192}
[23-Feb-2026 08:10:48 UTC] PHP Deprecated:  htmlspecialchars(): Passing null to parameter #1 ($string) of type string is deprecated in /var/www/html/laptop-loans/app/Views/handovers/entrega.php on line 15
[2026-02-23 08:10:48] ERROR   PHP error: htmlspecialchars(): Passing null to parameter #1 ($string) of type string is deprecated in /var/www/html/laptop-loans/app/Views/handovers/entrega.php:15 {"msg":"htmlspecialchars(): Passing null to parameter #1 ($string) of type string is deprecated","file":"/var/www/html/laptop-loans/app/Views/handovers/entrega.php","line":15,"severity":8192}
[23-Feb-2026 08:10:48 UTC] PHP Deprecated:  htmlspecialchars(): Passing null to parameter #1 ($string) of type string is deprecated in /var/www/html/laptop-loans/app/Views/handovers/entrega.php on line 15
[2026-02-23 08:10:48] ERROR   PHP error: htmlspecialchars(): Passing null to parameter #1 ($string) of type string is deprecated in /var/www/html/laptop-loans/app/Views/handovers/entrega.php:15 {"msg":"htmlspecialchars(): Passing null to parameter #1 ($string) of type string is deprecated","file":"/var/www/html/laptop-loans/app/Views/handovers/entrega.php","line":15,"severity":8192}
[23-Feb-2026 08:10:48 UTC] PHP Deprecated:  htmlspecialchars(): Passing null to parameter #1 ($string) of type string is deprecated in /var/www/html/laptop-loans/app/Views/handovers/entrega.php on line 15
[2026-02-23 08:10:48] ERROR   PHP error: htmlspecialchars(): Passing null to parameter #1 ($string) of type string is deprecated in /var/www/html/laptop-loans/app/Views/handovers/entrega.php:15 {"msg":"htmlspecialchars(): Passing null to parameter #1 ($string) of type string is deprecated","file":"/var/www/html/laptop-loans/app/Views/handovers/entrega.php","line":15,"severity":8192}
[23-Feb-2026 08:10:48 UTC] PHP Deprecated:  htmlspecialchars(): Passing null to parameter #1 ($string) of type string is deprecated in /var/www/html/laptop-loans/app/Views/handovers/entrega.php on line 15
[2026-02-23 08:10:48] ERROR   PHP error: htmlspecialchars(): Passing null to parameter #1 ($string) of type string is deprecated in /var/www/html/laptop-loans/app/Views/handovers/entrega.php:15 {"msg":"htmlspecialchars(): Passing null to parameter #1 ($string) of type string is deprecated","file":"/var/www/html/laptop-loans/app/Views/handovers/entrega.php","line":15,"severity":8192}
[23-Feb-2026 08:10:48 UTC] PHP Deprecated:  htmlspecialchars(): Passing null to parameter #1 ($string) of type string is deprecated in /var/www/html/laptop-loans/app/Views/handovers/entrega.php on line 15
[2026-02-23 08:10:48] ERROR   PHP error: htmlspecialchars(): Passing null to parameter #1 ($string) of type string is deprecated in /var/www/html/laptop-loans/app/Views/handovers/entrega.php:15 {"msg":"htmlspecialchars(): Passing null to parameter #1 ($string) of type string is deprecated","file":"/var/www/html/laptop-loans/app/Views/handovers/entrega.php","line":15,"severity":8192}
[23-Feb-2026 08:10:48 UTC] PHP Deprecated:  htmlspecialchars(): Passing null to parameter #1 ($string) of type string is deprecated in /var/www/html/laptop-loans/app/Views/handovers/entrega.php on line 15
[2026-02-23 08:10:48] ERROR   PHP error: htmlspecialchars(): Passing null to parameter #1 ($string) of type string is deprecated in /var/www/html/laptop-loans/app/Views/handovers/entrega.php:15 {"msg":"htmlspecialchars(): Passing null to parameter #1 ($string) of type string is deprecated","file":"/var/www/html/laptop-loans/app/Views/handovers/entrega.php","line":15,"severity":8192}
[23-Feb-2026 08:10:48 UTC] PHP Deprecated:  htmlspecialchars(): Passing null to parameter #1 ($string) of type string is deprecated in /var/www/html/laptop-loans/app/Views/handovers/entrega.php on line 15
[2026-02-23 08:10:48] ERROR   PHP error: htmlspecialchars(): Passing null to parameter #1 ($string) of type string is deprecated in /var/www/html/laptop-loans/app/Views/handovers/entrega.php:15 {"msg":"htmlspecialchars(): Passing null to parameter #1 ($string) of type string is deprecated","file":"/var/www/html/laptop-loans/app/Views/handovers/entrega.php","line":15,"severity":8192}
[23-Feb-2026 08:10:48 UTC] PHP Deprecated:  htmlspecialchars(): Passing null to parameter #1 ($string) of type string is deprecated in /var/www/html/laptop-loans/app/Views/handovers/entrega.php on line 15
[2026-02-23 08:10:48] ERROR   PHP error: htmlspecialchars(): Passing null to parameter #1 ($string) of type string is deprecated in /var/www/html/laptop-loans/app/Views/handovers/entrega.php:15 {"msg":"htmlspecialchars(): Passing null to parameter #1 ($string) of type string is deprecated","file":"/var/www/html/laptop-loans/app/Views/handovers/entrega.php","line":15,"severity":8192}
[23-Feb-2026 08:10:48 UTC] PHP Deprecated:  htmlspecialchars(): Passing null to parameter #1 ($string) of type string is deprecated in /var/www/html/laptop-loans/app/Views/handovers/entrega.php on line 15
[2026-02-23 08:10:48] ERROR   PHP error: htmlspecialchars(): Passing null to parameter #1 ($string) of type string is deprecated in /var/www/html/laptop-loans/app/Views/handovers/entrega.php:15 {"msg":"htmlspecialchars(): Passing null to parameter #1 ($string) of type string is deprecated","file":"/var/www/html/laptop-loans/app/Views/handovers/entrega.php","line":15,"severity":8192}
[23-Feb-2026 08:10:48 UTC] PHP Deprecated:  htmlspecialchars(): Passing null to parameter #1 ($string) of type string is deprecated in /var/www/html/laptop-loans/app/Views/handovers/entrega.php on line 15
[2026-02-23 08:10:48] ERROR   PHP error: htmlspecialchars(): Passing null to parameter #1 ($string) of type string is deprecated in /var/www/html/laptop-loans/app/Views/handovers/entrega.php:15 {"msg":"htmlspecialchars(): Passing null to parameter #1 ($string) of type string is deprecated","file":"/var/www/html/laptop-loans/app/Views/handovers/entrega.php","line":15,"severity":8192}
[23-Feb-2026 08:10:48 UTC] PHP Deprecated:  htmlspecialchars(): Passing null to parameter #1 ($string) of type string is deprecated in /var/www/html/laptop-loans/app/Views/handovers/entrega.php on line 15
[2026-02-23 08:10:48] ERROR   PHP error: htmlspecialchars(): Passing null to parameter #1 ($string) of type string is deprecated in /var/www/html/laptop-loans/app/Views/handovers/entrega.php:15 {"msg":"htmlspecialchars(): Passing null to parameter #1 ($string) of type string is deprecated","file":"/var/www/html/laptop-loans/app/Views/handovers/entrega.php","line":15,"severity":8192}
[23-Feb-2026 08:10:48 UTC] PHP Deprecated:  htmlspecialchars(): Passing null to parameter #1 ($string) of type string is deprecated in /var/www/html/laptop-loans/app/Views/handovers/entrega.php on line 15
[2026-02-23 08:10:48] ERROR   PHP error: htmlspecialchars(): Passing null to parameter #1 ($string) of type string is deprecated in /var/www/html/laptop-loans/app/Views/handovers/entrega.php:15 {"msg":"htmlspecialchars(): Passing null to parameter #1 ($string) of type string is deprecated","file":"/var/www/html/laptop-loans/app/Views/handovers/entrega.php","line":15,"severity":8192}
[23-Feb-2026 08:10:48 UTC] PHP Deprecated:  htmlspecialchars(): Passing null to parameter #1 ($string) of type string is deprecated in /var/www/html/laptop-loans/app/Views/handovers/entrega.php on line 15
[2026-02-23 08:10:48] ERROR   PHP error: htmlspecialchars(): Passing null to parameter #1 ($string) of type string is deprecated in /var/www/html/laptop-loans/app/Views/handovers/entrega.php:15 {"msg":"htmlspecialchars(): Passing null to parameter #1 ($string) of type string is deprecated","file":"/var/www/html/laptop-loans/app/Views/handovers/entrega.php","line":15,"severity":8192}
[23-Feb-2026 08:10:48 UTC] PHP Deprecated:  htmlspecialchars(): Passing null to parameter #1 ($string) of type string is deprecated in /var/www/html/laptop-loans/app/Views/handovers/entrega.php on line 15
[2026-02-23 08:10:48] ERROR   PHP error: htmlspecialchars(): Passing null to parameter #1 ($string) of type string is deprecated in /var/www/html/laptop-loans/app/Views/handovers/entrega.php:15 {"msg":"htmlspecialchars(): Passing null to parameter #1 ($string) of type string is deprecated","file":"/var/www/html/laptop-loans/app/Views/handovers/entrega.php","line":15,"severity":8192}
[23-Feb-2026 08:10:48 UTC] PHP Deprecated:  htmlspecialchars(): Passing null to parameter #1 ($string) of type string is deprecated in /var/www/html/laptop-loans/app/Views/handovers/entrega.php on line 15
[2026-02-23 08:10:48] ERROR   PHP error: htmlspecialchars(): Passing null to parameter #1 ($string) of type string is deprecated in /var/www/html/laptop-loans/app/Views/handovers/entrega.php:15 {"msg":"htmlspecialchars(): Passing null to parameter #1 ($string) of type string is deprecated","file":"/var/www/html/laptop-loans/app/Views/handovers/entrega.php","line":15,"severity":8192}
[23-Feb-2026 08:10:48 UTC] PHP Deprecated:  htmlspecialchars(): Passing null to parameter #1 ($string) of type string is deprecated in /var/www/html/laptop-loans/app/Views/handovers/entrega.php on line 15
[2026-02-23 08:10:48] ERROR   PHP error: htmlspecialchars(): Passing null to parameter #1 ($string) of type string is deprecated in /var/www/html/laptop-loans/app/Views/handovers/entrega.php:15 {"msg":"htmlspecialchars(): Passing null to parameter #1 ($string) of type string is deprecated","file":"/var/www/html/laptop-loans/app/Views/handovers/entrega.php","line":15,"severity":8192}
[23-Feb-2026 08:10:48 UTC] PHP Deprecated:  htmlspecialchars(): Passing null to parameter #1 ($string) of type string is deprecated in /var/www/html/laptop-loans/app/Views/handovers/entrega.php on line 15
[2026-02-23 08:10:48] ERROR   PHP error: htmlspecialchars(): Passing null to parameter #1 ($string) of type string is deprecated in /var/www/html/laptop-loans/app/Views/handovers/entrega.php:15 {"msg":"htmlspecialchars(): Passing null to parameter #1 ($string) of type string is deprecated","file":"/var/www/html/laptop-loans/app/Views/handovers/entrega.php","line":15,"severity":8192}
[23-Feb-2026 08:10:48 UTC] PHP Deprecated:  htmlspecialchars(): Passing null to parameter #1 ($string) of type string is deprecated in /var/www/html/laptop-loans/app/Views/handovers/entrega.php on line 15
[2026-02-23 08:10:48] ERROR   PHP error: htmlspecialchars(): Passing null to parameter #1 ($string) of type string is deprecated in /var/www/html/laptop-loans/app/Views/handovers/entrega.php:15 {"msg":"htmlspecialchars(): Passing null to parameter #1 ($string) of type string is deprecated","file":"/var/www/html/laptop-loans/app/Views/handovers/entrega.php","line":15,"severity":8192}
[23-Feb-2026 08:10:48 UTC] PHP Deprecated:  htmlspecialchars(): Passing null to parameter #1 ($string) of type string is deprecated in /var/www/html/laptop-loans/app/Views/handovers/entrega.php on line 15
[2026-02-23 08:10:48] ERROR   PHP error: htmlspecialchars(): Passing null to parameter #1 ($string) of type string is deprecated in /var/www/html/laptop-loans/app/Views/handovers/entrega.php:15 {"msg":"htmlspecialchars(): Passing null to parameter #1 ($string) of type string is deprecated","file":"/var/www/html/laptop-loans/app/Views/handovers/entrega.php","line":15,"severity":8192}
[23-Feb-2026 08:10:48 UTC] PHP Deprecated:  htmlspecialchars(): Passing null to parameter #1 ($string) of type string is deprecated in /var/www/html/laptop-loans/app/Views/handovers/entrega.php on line 15
[2026-02-23 08:10:48] ERROR   PHP error: htmlspecialchars(): Passing null to parameter #1 ($string) of type string is deprecated in /var/www/html/laptop-loans/app/Views/handovers/entrega.php:15 {"msg":"htmlspecialchars(): Passing null to parameter #1 ($string) of type string is deprecated","file":"/var/www/html/laptop-loans/app/Views/handovers/entrega.php","line":15,"severity":8192}
[23-Feb-2026 08:10:48 UTC] PHP Deprecated:  htmlspecialchars(): Passing null to parameter #1 ($string) of type string is deprecated in /var/www/html/laptop-loans/app/Views/handovers/entrega.php on line 15
[2026-02-23 08:10:48] ERROR   PHP error: htmlspecialchars(): Passing null to parameter #1 ($string) of type string is deprecated in /var/www/html/laptop-loans/app/Views/handovers/entrega.php:15 {"msg":"htmlspecialchars(): Passing null to parameter #1 ($string) of type string is deprecated","file":"/var/www/html/laptop-loans/app/Views/handovers/entrega.php","line":15,"severity":8192}
[23-Feb-2026 08:10:48 UTC] PHP Deprecated:  htmlspecialchars(): Passing null to parameter #1 ($string) of type string is deprecated in /var/www/html/laptop-loans/app/Views/handovers/entrega.php on line 15
[2026-02-23 08:10:48] ERROR   PHP error: htmlspecialchars(): Passing null to parameter #1 ($string) of type string is deprecated in /var/www/html/laptop-loans/app/Views/handovers/entrega.php:15 {"msg":"htmlspecialchars(): Passing null to parameter #1 ($string) of type string is deprecated","file":"/var/www/html/laptop-loans/app/Views/handovers/entrega.php","line":15,"severity":8192}
[23-Feb-2026 08:10:48 UTC] PHP Deprecated:  htmlspecialchars(): Passing null to parameter #1 ($string) of type string is deprecated in /var/www/html/laptop-loans/app/Views/handovers/entrega.php on line 15
[2026-02-23 08:10:48] ERROR   PHP error: htmlspecialchars(): Passing null to parameter #1 ($string) of type string is deprecated in /var/www/html/laptop-loans/app/Views/handovers/entrega.php:15 {"msg":"htmlspecialchars(): Passing null to parameter #1 ($string) of type string is deprecated","file":"/var/www/html/laptop-loans/app/Views/handovers/entrega.php","line":15,"severity":8192}
[23-Feb-2026 08:10:48 UTC] PHP Deprecated:  htmlspecialchars(): Passing null to parameter #1 ($string) of type string is deprecated in /var/www/html/laptop-loans/app/Views/handovers/entrega.php on line 15
[2026-02-23 08:10:48] ERROR   PHP error: htmlspecialchars(): Passing null to parameter #1 ($string) of type string is deprecated in /var/www/html/laptop-loans/app/Views/handovers/entrega.php:15 {"msg":"htmlspecialchars(): Passing null to parameter #1 ($string) of type string is deprecated","file":"/var/www/html/laptop-loans/app/Views/handovers/entrega.php","line":15,"severity":8192}
[23-Feb-2026 08:10:48 UTC] PHP Deprecated:  htmlspecialchars(): Passing null to parameter #1 ($string) of type string is deprecated in /var/www/html/laptop-loans/app/Views/handovers/entrega.php on line 15
[2026-02-23 08:10:48] ERROR   PHP error: htmlspecialchars(): Passing null to parameter #1 ($string) of type string is deprecated in /var/www/html/laptop-loans/app/Views/handovers/entrega.php:15 {"msg":"htmlspecialchars(): Passing null to parameter #1 ($string) of type string is deprecated","file":"/var/www/html/laptop-loans/app/Views/handovers/entrega.php","line":15,"severity":8192}
[23-Feb-2026 08:10:48 UTC] PHP Deprecated:  htmlspecialchars(): Passing null to parameter #1 ($string) of type string is deprecated in /var/www/html/laptop-loans/app/Views/handovers/entrega.php on line 15
[2026-02-23 08:10:48] ERROR   PHP error: htmlspecialchars(): Passing null to parameter #1 ($string) of type string is deprecated in /var/www/html/laptop-loans/app/Views/handovers/entrega.php:15 {"msg":"htmlspecialchars(): Passing null to parameter #1 ($string) of type string is deprecated","file":"/var/www/html/laptop-loans/app/Views/handovers/entrega.php","line":15,"severity":8192}
[23-Feb-2026 08:10:48 UTC] PHP Deprecated:  htmlspecialchars(): Passing null to parameter #1 ($string) of type string is deprecated in /var/www/html/laptop-loans/app/Views/handovers/entrega.php on line 15
[2026-02-23 08:10:48] ERROR   PHP error: htmlspecialchars(): Passing null to parameter #1 ($string) of type string is deprecated in /var/www/html/laptop-loans/app/Views/handovers/entrega.php:15 {"msg":"htmlspecialchars(): Passing null to parameter #1 ($string) of type string is deprecated","file":"/var/www/html/laptop-loans/app/Views/handovers/entrega.php","line":15,"severity":8192}
[23-Feb-2026 08:10:48 UTC] PHP Deprecated:  htmlspecialchars(): Passing null to parameter #1 ($string) of type string is deprecated in /var/www/html/laptop-loans/app/Views/handovers/entrega.php on line 15
[2026-02-23 08:10:48] ERROR   PHP error: htmlspecialchars(): Passing null to parameter #1 ($string) of type string is deprecated in /var/www/html/laptop-loans/app/Views/handovers/entrega.php:15 {"msg":"htmlspecialchars(): Passing null to parameter #1 ($string) of type string is deprecated","file":"/var/www/html/laptop-loans/app/Views/handovers/entrega.php","line":15,"severity":8192}
[23-Feb-2026 08:10:48 UTC] PHP Deprecated:  htmlspecialchars(): Passing null to parameter #1 ($string) of type string is deprecated in /var/www/html/laptop-loans/app/Views/handovers/entrega.php on line 15
[2026-02-23 08:10:48] ERROR   PHP error: htmlspecialchars(): Passing null to parameter #1 ($string) of type string is deprecated in /var/www/html/laptop-loans/app/Views/handovers/entrega.php:15 {"msg":"htmlspecialchars(): Passing null to parameter #1 ($string) of type string is deprecated","file":"/var/www/html/laptop-loans/app/Views/handovers/entrega.php","line":15,"severity":8192}
[23-Feb-2026 08:10:48 UTC] PHP Deprecated:  htmlspecialchars(): Passing null to parameter #1 ($string) of type string is deprecated in /var/www/html/laptop-loans/app/Views/handovers/entrega.php on line 15
[2026-02-23 08:10:48] ERROR   PHP error: htmlspecialchars(): Passing null to parameter #1 ($string) of type string is deprecated in /var/www/html/laptop-loans/app/Views/handovers/entrega.php:15 {"msg":"htmlspecialchars(): Passing null to parameter #1 ($string) of type string is deprecated","file":"/var/www/html/laptop-loans/app/Views/handovers/entrega.php","line":15,"severity":8192}
[23-Feb-2026 08:10:48 UTC] PHP Deprecated:  htmlspecialchars(): Passing null to parameter #1 ($string) of type string is deprecated in /var/www/html/laptop-loans/app/Views/handovers/entrega.php on line 15
[2026-02-23 08:10:48] ERROR   PHP error: htmlspecialchars(): Passing null to parameter #1 ($string) of type string is deprecated in /var/www/html/laptop-loans/app/Views/handovers/entrega.php:15 {"msg":"htmlspecialchars(): Passing null to parameter #1 ($string) of type string is deprecated","file":"/var/www/html/laptop-loans/app/Views/handovers/entrega.php","line":15,"severity":8192}
[23-Feb-2026 08:10:48 UTC] PHP Deprecated:  htmlspecialchars(): Passing null to parameter #1 ($string) of type string is deprecated in /var/www/html/laptop-loans/app/Views/handovers/entrega.php on line 15
[2026-02-23 08:10:48] ERROR   PHP error: htmlspecialchars(): Passing null to parameter #1 ($string) of type string is deprecated in /var/www/html/laptop-loans/app/Views/handovers/entrega.php:15 {"msg":"htmlspecialchars(): Passing null to parameter #1 ($string) of type string is deprecated","file":"/var/www/html/laptop-loans/app/Views/handovers/entrega.php","line":15,"severity":8192}
[23-Feb-2026 08:10:48 UTC] PHP Deprecated:  htmlspecialchars(): Passing null to parameter #1 ($string) of type string is deprecated in /var/www/html/laptop-loans/app/Views/handovers/entrega.php on line 15
[2026-02-23 08:10:48] ERROR   PHP error: htmlspecialchars(): Passing null to parameter #1 ($string) of type string is deprecated in /var/www/html/laptop-loans/app/Views/handovers/entrega.php:15 {"msg":"htmlspecialchars(): Passing null to parameter #1 ($string) of type string is deprecated","file":"/var/www/html/laptop-loans/app/Views/handovers/entrega.php","line":15,"severity":8192}
[23-Feb-2026 08:10:48 UTC] PHP Deprecated:  htmlspecialchars(): Passing null to parameter #1 ($string) of type string is deprecated in /var/www/html/laptop-loans/app/Views/handovers/entrega.php on line 15
[2026-02-23 08:10:48] ERROR   PHP error: htmlspecialchars(): Passing null to parameter #1 ($string) of type string is deprecated in /var/www/html/laptop-loans/app/Views/handovers/entrega.php:15 {"msg":"htmlspecialchars(): Passing null to parameter #1 ($string) of type string is deprecated","file":"/var/www/html/laptop-loans/app/Views/handovers/entrega.php","line":15,"severity":8192}
[23-Feb-2026 08:10:48 UTC] PHP Deprecated:  htmlspecialchars(): Passing null to parameter #1 ($string) of type string is deprecated in /var/www/html/laptop-loans/app/Views/handovers/entrega.php on line 15
[2026-02-23 08:10:48] ERROR   PHP error: htmlspecialchars(): Passing null to parameter #1 ($string) of type string is deprecated in /var/www/html/laptop-loans/app/Views/handovers/entrega.php:15 {"msg":"htmlspecialchars(): Passing null to parameter #1 ($string) of type string is deprecated","file":"/var/www/html/laptop-loans/app/Views/handovers/entrega.php","line":15,"severity":8192}
[23-Feb-2026 08:10:48 UTC] PHP Deprecated:  htmlspecialchars(): Passing null to parameter #1 ($string) of type string is deprecated in /var/www/html/laptop-loans/app/Views/handovers/entrega.php on line 15
[2026-02-23 08:10:48] ERROR   PHP error: htmlspecialchars(): Passing null to parameter #1 ($string) of type string is deprecated in /var/www/html/laptop-loans/app/Views/handovers/entrega.php:15 {"msg":"htmlspecialchars(): Passing null to parameter #1 ($string) of type string is deprecated","file":"/var/www/html/laptop-loans/app/Views/handovers/entrega.php","line":15,"severity":8192}
[23-Feb-2026 08:10:48 UTC] PHP Deprecated:  htmlspecialchars(): Passing null to parameter #1 ($string) of type string is deprecated in /var/www/html/laptop-loans/app/Views/handovers/entrega.php on line 15
[2026-02-23 08:10:48] ERROR   PHP error: htmlspecialchars(): Passing null to parameter #1 ($string) of type string is deprecated in /var/www/html/laptop-loans/app/Views/handovers/entrega.php:15 {"msg":"htmlspecialchars(): Passing null to parameter #1 ($string) of type string is deprecated","file":"/var/www/html/laptop-loans/app/Views/handovers/entrega.php","line":15,"severity":8192}
[23-Feb-2026 08:10:48 UTC] PHP Deprecated:  htmlspecialchars(): Passing null to parameter #1 ($string) of type string is deprecated in /var/www/html/laptop-loans/app/Views/handovers/entrega.php on line 15
[2026-02-23 08:10:48] ERROR   PHP error: htmlspecialchars(): Passing null to parameter #1 ($string) of type string is deprecated in /var/www/html/laptop-loans/app/Views/handovers/entrega.php:15 {"msg":"htmlspecialchars(): Passing null to parameter #1 ($string) of type string is deprecated","file":"/var/www/html/laptop-loans/app/Views/handovers/entrega.php","line":15,"severity":8192}
[23-Feb-2026 08:10:48 UTC] PHP Deprecated:  htmlspecialchars(): Passing null to parameter #1 ($string) of type string is deprecated in /var/www/html/laptop-loans/app/Views/handovers/entrega.php on line 15
[2026-02-23 08:10:48] ERROR   PHP error: htmlspecialchars(): Passing null to parameter #1 ($string) of type string is deprecated in /var/www/html/laptop-loans/app/Views/handovers/entrega.php:15 {"msg":"htmlspecialchars(): Passing null to parameter #1 ($string) of type string is deprecated","file":"/var/www/html/laptop-loans/app/Views/handovers/entrega.php","line":15,"severity":8192}
[23-Feb-2026 08:10:48 UTC] PHP Deprecated:  htmlspecialchars(): Passing null to parameter #1 ($string) of type string is deprecated in /var/www/html/laptop-loans/app/Views/handovers/entrega.php on line 15
[2026-02-23 08:10:48] ERROR   PHP error: htmlspecialchars(): Passing null to parameter #1 ($string) of type string is deprecated in /var/www/html/laptop-loans/app/Views/handovers/entrega.php:15 {"msg":"htmlspecialchars(): Passing null to parameter #1 ($string) of type string is deprecated","file":"/var/www/html/laptop-loans/app/Views/handovers/entrega.php","line":15,"severity":8192}
[23-Feb-2026 08:10:48 UTC] PHP Deprecated:  htmlspecialchars(): Passing null to parameter #1 ($string) of type string is deprecated in /var/www/html/laptop-loans/app/Views/handovers/entrega.php on line 15
[2026-02-23 08:10:48] ERROR   PHP error: htmlspecialchars(): Passing null to parameter #1 ($string) of type string is deprecated in /var/www/html/laptop-loans/app/Views/handovers/entrega.php:15 {"msg":"htmlspecialchars(): Passing null to parameter #1 ($string) of type string is deprecated","file":"/var/www/html/laptop-loans/app/Views/handovers/entrega.php","line":15,"severity":8192}
[23-Feb-2026 08:10:48 UTC] PHP Deprecated:  htmlspecialchars(): Passing null to parameter #1 ($string) of type string is deprecated in /var/www/html/laptop-loans/app/Views/handovers/entrega.php on line 15
[2026-02-23 08:10:48] ERROR   PHP error: htmlspecialchars(): Passing null to parameter #1 ($string) of type string is deprecated in /var/www/html/laptop-loans/app/Views/handovers/entrega.php:15 {"msg":"htmlspecialchars(): Passing null to parameter #1 ($string) of type string is deprecated","file":"/var/www/html/laptop-loans/app/Views/handovers/entrega.php","line":15,"severity":8192}
[23-Feb-2026 08:10:48 UTC] PHP Deprecated:  htmlspecialchars(): Passing null to parameter #1 ($string) of type string is deprecated in /var/www/html/laptop-loans/app/Views/handovers/entrega.php on line 15
[2026-02-23 08:10:48] ERROR   PHP error: htmlspecialchars(): Passing null to parameter #1 ($string) of type string is deprecated in /var/www/html/laptop-loans/app/Views/handovers/entrega.php:15 {"msg":"htmlspecialchars(): Passing null to parameter #1 ($string) of type string is deprecated","file":"/var/www/html/laptop-loans/app/Views/handovers/entrega.php","line":15,"severity":8192}
[23-Feb-2026 08:10:48 UTC] PHP Deprecated:  htmlspecialchars(): Passing null to parameter #1 ($string) of type string is deprecated in /var/www/html/laptop-loans/app/Views/handovers/entrega.php on line 15
[2026-02-23 08:10:48] ERROR   PHP error: htmlspecialchars(): Passing null to parameter #1 ($string) of type string is deprecated in /var/www/html/laptop-loans/app/Views/handovers/entrega.php:15 {"msg":"htmlspecialchars(): Passing null to parameter #1 ($string) of type string is deprecated","file":"/var/www/html/laptop-loans/app/Views/handovers/entrega.php","line":15,"severity":8192}
[23-Feb-2026 08:10:48 UTC] PHP Deprecated:  htmlspecialchars(): Passing null to parameter #1 ($string) of type string is deprecated in /var/www/html/laptop-loans/app/Views/handovers/entrega.php on line 15
[2026-02-23 08:10:48] ERROR   PHP error: htmlspecialchars(): Passing null to parameter #1 ($string) of type string is deprecated in /var/www/html/laptop-loans/app/Views/handovers/entrega.php:15 {"msg":"htmlspecialchars(): Passing null to parameter #1 ($string) of type string is deprecated","file":"/var/www/html/laptop-loans/app/Views/handovers/entrega.php","line":15,"severity":8192}
[23-Feb-2026 08:10:48 UTC] PHP Deprecated:  htmlspecialchars(): Passing null to parameter #1 ($string) of type string is deprecated in /var/www/html/laptop-loans/app/Views/handovers/entrega.php on line 15
[2026-02-23 08:10:48] ERROR   PHP error: htmlspecialchars(): Passing null to parameter #1 ($string) of type string is deprecated in /var/www/html/laptop-loans/app/Views/handovers/entrega.php:15 {"msg":"htmlspecialchars(): Passing null to parameter #1 ($string) of type string is deprecated","file":"/var/www/html/laptop-loans/app/Views/handovers/entrega.php","line":15,"severity":8192}
[23-Feb-2026 08:10:48 UTC] PHP Deprecated:  htmlspecialchars(): Passing null to parameter #1 ($string) of type string is deprecated in /var/www/html/laptop-loans/app/Views/handovers/entrega.php on line 15
[2026-02-23 08:10:48] ERROR   PHP error: htmlspecialchars(): Passing null to parameter #1 ($string) of type string is deprecated in /var/www/html/laptop-loans/app/Views/handovers/entrega.php:15 {"msg":"htmlspecialchars(): Passing null to parameter #1 ($string) of type string is deprecated","file":"/var/www/html/laptop-loans/app/Views/handovers/entrega.php","line":15,"severity":8192}
[23-Feb-2026 08:10:48 UTC] PHP Deprecated:  htmlspecialchars(): Passing null to parameter #1 ($string) of type string is deprecated in /var/www/html/laptop-loans/app/Views/handovers/entrega.php on line 15
[2026-02-23 08:10:48] ERROR   PHP error: htmlspecialchars(): Passing null to parameter #1 ($string) of type string is deprecated in /var/www/html/laptop-loans/app/Views/handovers/entrega.php:15 {"msg":"htmlspecialchars(): Passing null to parameter #1 ($string) of type string is deprecated","file":"/var/www/html/laptop-loans/app/Views/handovers/entrega.php","line":15,"severity":8192}
[23-Feb-2026 08:10:48 UTC] PHP Deprecated:  htmlspecialchars(): Passing null to parameter #1 ($string) of type string is deprecated in /var/www/html/laptop-loans/app/Views/handovers/entrega.php on line 15
[2026-02-23 08:10:48] ERROR   PHP error: htmlspecialchars(): Passing null to parameter #1 ($string) of type string is deprecated in /var/www/html/laptop-loans/app/Views/handovers/entrega.php:15 {"msg":"htmlspecialchars(): Passing null to parameter #1 ($string) of type string is deprecated","file":"/var/www/html/laptop-loans/app/Views/handovers/entrega.php","line":15,"severity":8192}
[23-Feb-2026 08:10:48 UTC] PHP Deprecated:  htmlspecialchars(): Passing null to parameter #1 ($string) of type string is deprecated in /var/www/html/laptop-loans/app/Views/handovers/entrega.php on line 15
[2026-02-23 08:10:48] ERROR   PHP error: htmlspecialchars(): Passing null to parameter #1 ($string) of type string is deprecated in /var/www/html/laptop-loans/app/Views/handovers/entrega.php:15 {"msg":"htmlspecialchars(): Passing null to parameter #1 ($string) of type string is deprecated","file":"/var/www/html/laptop-loans/app/Views/handovers/entrega.php","line":15,"severity":8192}
[23-Feb-2026 08:10:48 UTC] PHP Deprecated:  htmlspecialchars(): Passing null to parameter #1 ($string) of type string is deprecated in /var/www/html/laptop-loans/app/Views/handovers/entrega.php on line 15
[2026-02-23 08:10:48] ERROR   PHP error: htmlspecialchars(): Passing null to parameter #1 ($string) of type string is deprecated in /var/www/html/laptop-loans/app/Views/handovers/entrega.php:15 {"msg":"htmlspecialchars(): Passing null to parameter #1 ($string) of type string is deprecated","file":"/var/www/html/laptop-loans/app/Views/handovers/entrega.php","line":15,"severity":8192}
[23-Feb-2026 08:10:48 UTC] PHP Deprecated:  htmlspecialchars(): Passing null to parameter #1 ($string) of type string is deprecated in /var/www/html/laptop-loans/app/Views/handovers/entrega.php on line 15
[2026-02-23 08:10:48] ERROR   PHP error: htmlspecialchars(): Passing null to parameter #1 ($string) of type string is deprecated in /var/www/html/laptop-loans/app/Views/handovers/entrega.php:15 {"msg":"htmlspecialchars(): Passing null to parameter #1 ($string) of type string is deprecated","file":"/var/www/html/laptop-loans/app/Views/handovers/entrega.php","line":15,"severity":8192}
[23-Feb-2026 08:10:48 UTC] PHP Deprecated:  htmlspecialchars(): Passing null to parameter #1 ($string) of type string is deprecated in /var/www/html/laptop-loans/app/Views/handovers/entrega.php on line 15
[2026-02-23 08:10:48] ERROR   PHP error: htmlspecialchars(): Passing null to parameter #1 ($string) of type string is deprecated in /var/www/html/laptop-loans/app/Views/handovers/entrega.php:15 {"msg":"htmlspecialchars(): Passing null to parameter #1 ($string) of type string is deprecated","file":"/var/www/html/laptop-loans/app/Views/handovers/entrega.php","line":15,"severity":8192}
[23-Feb-2026 08:10:48 UTC] PHP Deprecated:  htmlspecialchars(): Passing null to parameter #1 ($string) of type string is deprecated in /var/www/html/laptop-loans/app/Views/handovers/entrega.php on line 15
[2026-02-23 08:10:48] ERROR   PHP error: htmlspecialchars(): Passing null to parameter #1 ($string) of type string is deprecated in /var/www/html/laptop-loans/app/Views/handovers/entrega.php:15 {"msg":"htmlspecialchars(): Passing null to parameter #1 ($string) of type string is deprecated","file":"/var/www/html/laptop-loans/app/Views/handovers/entrega.php","line":15,"severity":8192}
[23-Feb-2026 08:10:48 UTC] PHP Deprecated:  htmlspecialchars(): Passing null to parameter #1 ($string) of type string is deprecated in /var/www/html/laptop-loans/app/Views/handovers/entrega.php on line 15
[2026-02-23 08:10:48] ERROR   PHP error: htmlspecialchars(): Passing null to parameter #1 ($string) of type string is deprecated in /var/www/html/laptop-loans/app/Views/handovers/entrega.php:15 {"msg":"htmlspecialchars(): Passing null to parameter #1 ($string) of type string is deprecated","file":"/var/www/html/laptop-loans/app/Views/handovers/entrega.php","line":15,"severity":8192}
[23-Feb-2026 08:10:48 UTC] PHP Deprecated:  htmlspecialchars(): Passing null to parameter #1 ($string) of type string is deprecated in /var/www/html/laptop-loans/app/Views/handovers/entrega.php on line 15
[2026-02-23 08:10:48] ERROR   PHP error: htmlspecialchars(): Passing null to parameter #1 ($string) of type string is deprecated in /var/www/html/laptop-loans/app/Views/handovers/entrega.php:15 {"msg":"htmlspecialchars(): Passing null to parameter #1 ($string) of type string is deprecated","file":"/var/www/html/laptop-loans/app/Views/handovers/entrega.php","line":15,"severity":8192}
[23-Feb-2026 08:10:48 UTC] PHP Deprecated:  htmlspecialchars(): Passing null to parameter #1 ($string) of type string is deprecated in /var/www/html/laptop-loans/app/Views/handovers/entrega.php on line 15
[2026-02-23 08:10:48] ERROR   PHP error: htmlspecialchars(): Passing null to parameter #1 ($string) of type string is deprecated in /var/www/html/laptop-loans/app/Views/handovers/entrega.php:15 {"msg":"htmlspecialchars(): Passing null to parameter #1 ($string) of type string is deprecated","file":"/var/www/html/laptop-loans/app/Views/handovers/entrega.php","line":15,"severity":8192}
[23-Feb-2026 08:10:48 UTC] PHP Deprecated:  htmlspecialchars(): Passing null to parameter #1 ($string) of type string is deprecated in /var/www/html/laptop-loans/app/Views/handovers/entrega.php on line 15
[2026-02-23 08:10:48] ERROR   PHP error: htmlspecialchars(): Passing null to parameter #1 ($string) of type string is deprecated in /var/www/html/laptop-loans/app/Views/handovers/entrega.php:15 {"msg":"htmlspecialchars(): Passing null to parameter #1 ($string) of type string is deprecated","file":"/var/www/html/laptop-loans/app/Views/handovers/entrega.php","line":15,"severity":8192}
[23-Feb-2026 08:10:48 UTC] PHP Deprecated:  htmlspecialchars(): Passing null to parameter #1 ($string) of type string is deprecated in /var/www/html/laptop-loans/app/Views/handovers/entrega.php on line 15
[2026-02-23 08:10:48] ERROR   PHP error: htmlspecialchars(): Passing null to parameter #1 ($string) of type string is deprecated in /var/www/html/laptop-loans/app/Views/handovers/entrega.php:15 {"msg":"htmlspecialchars(): Passing null to parameter #1 ($string) of type string is deprecated","file":"/var/www/html/laptop-loans/app/Views/handovers/entrega.php","line":15,"severity":8192}
[23-Feb-2026 08:10:48 UTC] PHP Deprecated:  htmlspecialchars(): Passing null to parameter #1 ($string) of type string is deprecated in /var/www/html/laptop-loans/app/Views/handovers/entrega.php on line 15
[2026-02-23 08:10:48] ERROR   PHP error: htmlspecialchars(): Passing null to parameter #1 ($string) of type string is deprecated in /var/www/html/laptop-loans/app/Views/handovers/entrega.php:15 {"msg":"htmlspecialchars(): Passing null to parameter #1 ($string) of type string is deprecated","file":"/var/www/html/laptop-loans/app/Views/handovers/entrega.php","line":15,"severity":8192}
[23-Feb-2026 08:10:48 UTC] PHP Deprecated:  htmlspecialchars(): Passing null to parameter #1 ($string) of type string is deprecated in /var/www/html/laptop-loans/app/Views/handovers/entrega.php on line 15
[2026-02-23 08:10:48] ERROR   PHP error: htmlspecialchars(): Passing null to parameter #1 ($string) of type string is deprecated in /var/www/html/laptop-loans/app/Views/handovers/entrega.php:15 {"msg":"htmlspecialchars(): Passing null to parameter #1 ($string) of type string is deprecated","file":"/var/www/html/laptop-loans/app/Views/handovers/entrega.php","line":15,"severity":8192}
[23-Feb-2026 08:10:48 UTC] PHP Deprecated:  htmlspecialchars(): Passing null to parameter #1 ($string) of type string is deprecated in /var/www/html/laptop-loans/app/Views/handovers/entrega.php on line 15
[2026-02-23 08:10:48] ERROR   PHP error: htmlspecialchars(): Passing null to parameter #1 ($string) of type string is deprecated in /var/www/html/laptop-loans/app/Views/handovers/entrega.php:15 {"msg":"htmlspecialchars(): Passing null to parameter #1 ($string) of type string is deprecated","file":"/var/www/html/laptop-loans/app/Views/handovers/entrega.php","line":15,"severity":8192}
[23-Feb-2026 08:10:48 UTC] PHP Deprecated:  htmlspecialchars(): Passing null to parameter #1 ($string) of type string is deprecated in /var/www/html/laptop-loans/app/Views/handovers/entrega.php on line 15
[2026-02-23 08:10:48] ERROR   PHP error: htmlspecialchars(): Passing null to parameter #1 ($string) of type string is deprecated in /var/www/html/laptop-loans/app/Views/handovers/entrega.php:15 {"msg":"htmlspecialchars(): Passing null to parameter #1 ($string) of type string is deprecated","file":"/var/www/html/laptop-loans/app/Views/handovers/entrega.php","line":15,"severity":8192}
[23-Feb-2026 08:10:48 UTC] PHP Deprecated:  htmlspecialchars(): Passing null to parameter #1 ($string) of type string is deprecated in /var/www/html/laptop-loans/app/Views/handovers/entrega.php on line 15
[2026-02-23 08:10:48] ERROR   PHP error: htmlspecialchars(): Passing null to parameter #1 ($string) of type string is deprecated in /var/www/html/laptop-loans/app/Views/handovers/entrega.php:15 {"msg":"htmlspecialchars(): Passing null to parameter #1 ($string) of type string is deprecated","file":"/var/www/html/laptop-loans/app/Views/handovers/entrega.php","line":15,"severity":8192}
[23-Feb-2026 08:10:48 UTC] PHP Deprecated:  htmlspecialchars(): Passing null to parameter #1 ($string) of type string is deprecated in /var/www/html/laptop-loans/app/Views/handovers/entrega.php on line 15
[2026-02-23 08:10:48] ERROR   PHP error: htmlspecialchars(): Passing null to parameter #1 ($string) of type string is deprecated in /var/www/html/laptop-loans/app/Views/handovers/entrega.php:15 {"msg":"htmlspecialchars(): Passing null to parameter #1 ($string) of type string is deprecated","file":"/var/www/html/laptop-loans/app/Views/handovers/entrega.php","line":15,"severity":8192}
[23-Feb-2026 08:10:48 UTC] PHP Deprecated:  htmlspecialchars(): Passing null to parameter #1 ($string) of type string is deprecated in /var/www/html/laptop-loans/app/Views/handovers/entrega.php on line 15
[2026-02-23 08:10:48] ERROR   PHP error: htmlspecialchars(): Passing null to parameter #1 ($string) of type string is deprecated in /var/www/html/laptop-loans/app/Views/handovers/entrega.php:15 {"msg":"htmlspecialchars(): Passing null to parameter #1 ($string) of type string is deprecated","file":"/var/www/html/laptop-loans/app/Views/handovers/entrega.php","line":15,"severity":8192}
[23-Feb-2026 08:10:48 UTC] PHP Deprecated:  htmlspecialchars(): Passing null to parameter #1 ($string) of type string is deprecated in /var/www/html/laptop-loans/app/Views/handovers/entrega.php on line 15
[2026-02-23 08:10:48] ERROR   PHP error: htmlspecialchars(): Passing null to parameter #1 ($string) of type string is deprecated in /var/www/html/laptop-loans/app/Views/handovers/entrega.php:15 {"msg":"htmlspecialchars(): Passing null to parameter #1 ($string) of type string is deprecated","file":"/var/www/html/laptop-loans/app/Views/handovers/entrega.php","line":15,"severity":8192}
[23-Feb-2026 08:10:48 UTC] PHP Deprecated:  htmlspecialchars(): Passing null to parameter #1 ($string) of type string is deprecated in /var/www/html/laptop-loans/app/Views/handovers/entrega.php on line 15
[2026-02-23 08:10:48] ERROR   PHP error: htmlspecialchars(): Passing null to parameter #1 ($string) of type string is deprecated in /var/www/html/laptop-loans/app/Views/handovers/entrega.php:15 {"msg":"htmlspecialchars(): Passing null to parameter #1 ($string) of type string is deprecated","file":"/var/www/html/laptop-loans/app/Views/handovers/entrega.php","line":15,"severity":8192}
[23-Feb-2026 08:10:48 UTC] PHP Deprecated:  htmlspecialchars(): Passing null to parameter #1 ($string) of type string is deprecated in /var/www/html/laptop-loans/app/Views/handovers/entrega.php on line 15
[2026-02-23 08:10:48] ERROR   PHP error: htmlspecialchars(): Passing null to parameter #1 ($string) of type string is deprecated in /var/www/html/laptop-loans/app/Views/handovers/entrega.php:15 {"msg":"htmlspecialchars(): Passing null to parameter #1 ($string) of type string is deprecated","file":"/var/www/html/laptop-loans/app/Views/handovers/entrega.php","line":15,"severity":8192}
[23-Feb-2026 08:10:48 UTC] PHP Deprecated:  htmlspecialchars(): Passing null to parameter #1 ($string) of type string is deprecated in /var/www/html/laptop-loans/app/Views/handovers/entrega.php on line 15
[2026-02-23 08:10:48] ERROR   PHP error: htmlspecialchars(): Passing null to parameter #1 ($string) of type string is deprecated in /var/www/html/laptop-loans/app/Views/handovers/entrega.php:15 {"msg":"htmlspecialchars(): Passing null to parameter #1 ($string) of type string is deprecated","file":"/var/www/html/laptop-loans/app/Views/handovers/entrega.php","line":15,"severity":8192}
[23-Feb-2026 08:10:48 UTC] PHP Deprecated:  htmlspecialchars(): Passing null to parameter #1 ($string) of type string is deprecated in /var/www/html/laptop-loans/app/Views/handovers/entrega.php on line 15
[2026-02-23 08:10:48] ERROR   PHP error: htmlspecialchars(): Passing null to parameter #1 ($string) of type string is deprecated in /var/www/html/laptop-loans/app/Views/handovers/entrega.php:15 {"msg":"htmlspecialchars(): Passing null to parameter #1 ($string) of type string is deprecated","file":"/var/www/html/laptop-loans/app/Views/handovers/entrega.php","line":15,"severity":8192}
[23-Feb-2026 08:10:48 UTC] PHP Deprecated:  htmlspecialchars(): Passing null to parameter #1 ($string) of type string is deprecated in /var/www/html/laptop-loans/app/Views/handovers/entrega.php on line 15
[2026-02-23 08:10:48] ERROR   PHP error: htmlspecialchars(): Passing null to parameter #1 ($string) of type string is deprecated in /var/www/html/laptop-loans/app/Views/handovers/entrega.php:15 {"msg":"htmlspecialchars(): Passing null to parameter #1 ($string) of type string is deprecated","file":"/var/www/html/laptop-loans/app/Views/handovers/entrega.php","line":15,"severity":8192}
[23-Feb-2026 08:10:48 UTC] PHP Deprecated:  htmlspecialchars(): Passing null to parameter #1 ($string) of type string is deprecated in /var/www/html/laptop-loans/app/Views/handovers/entrega.php on line 15
[2026-02-23 08:10:48] ERROR   PHP error: htmlspecialchars(): Passing null to parameter #1 ($string) of type string is deprecated in /var/www/html/laptop-loans/app/Views/handovers/entrega.php:15 {"msg":"htmlspecialchars(): Passing null to parameter #1 ($string) of type string is deprecated","file":"/var/www/html/laptop-loans/app/Views/handovers/entrega.php","line":15,"severity":8192}
[23-Feb-2026 08:10:48 UTC] PHP Deprecated:  htmlspecialchars(): Passing null to parameter #1 ($string) of type string is deprecated in /var/www/html/laptop-loans/app/Views/handovers/entrega.php on line 15
[2026-02-23 08:10:48] ERROR   PHP error: htmlspecialchars(): Passing null to parameter #1 ($string) of type string is deprecated in /var/www/html/laptop-loans/app/Views/handovers/entrega.php:15 {"msg":"htmlspecialchars(): Passing null to parameter #1 ($string) of type string is deprecated","file":"/var/www/html/laptop-loans/app/Views/handovers/entrega.php","line":15,"severity":8192}
[23-Feb-2026 08:10:48 UTC] PHP Deprecated:  htmlspecialchars(): Passing null to parameter #1 ($string) of type string is deprecated in /var/www/html/laptop-loans/app/Views/handovers/entrega.php on line 15
[2026-02-23 08:10:48] ERROR   PHP error: htmlspecialchars(): Passing null to parameter #1 ($string) of type string is deprecated in /var/www/html/laptop-loans/app/Views/handovers/entrega.php:15 {"msg":"htmlspecialchars(): Passing null to parameter #1 ($string) of type string is deprecated","file":"/var/www/html/laptop-loans/app/Views/handovers/entrega.php","line":15,"severity":8192}
[23-Feb-2026 08:10:48 UTC] PHP Deprecated:  htmlspecialchars(): Passing null to parameter #1 ($string) of type string is deprecated in /var/www/html/laptop-loans/app/Views/handovers/entrega.php on line 15
[2026-02-23 08:10:48] ERROR   PHP error: htmlspecialchars(): Passing null to parameter #1 ($string) of type string is deprecated in /var/www/html/laptop-loans/app/Views/handovers/entrega.php:15 {"msg":"htmlspecialchars(): Passing null to parameter #1 ($string) of type string is deprecated","file":"/var/www/html/laptop-loans/app/Views/handovers/entrega.php","line":15,"severity":8192}
[23-Feb-2026 08:10:48 UTC] PHP Deprecated:  htmlspecialchars(): Passing null to parameter #1 ($string) of type string is deprecated in /var/www/html/laptop-loans/app/Views/handovers/entrega.php on line 15
[2026-02-23 08:10:48] ERROR   PHP error: htmlspecialchars(): Passing null to parameter #1 ($string) of type string is deprecated in /var/www/html/laptop-loans/app/Views/handovers/entrega.php:15 {"msg":"htmlspecialchars(): Passing null to parameter #1 ($string) of type string is deprecated","file":"/var/www/html/laptop-loans/app/Views/handovers/entrega.php","line":15,"severity":8192}
[23-Feb-2026 08:10:48 UTC] PHP Deprecated:  htmlspecialchars(): Passing null to parameter #1 ($string) of type string is deprecated in /var/www/html/laptop-loans/app/Views/handovers/entrega.php on line 15
[2026-02-23 08:10:48] ERROR   PHP error: htmlspecialchars(): Passing null to parameter #1 ($string) of type string is deprecated in /var/www/html/laptop-loans/app/Views/handovers/entrega.php:15 {"msg":"htmlspecialchars(): Passing null to parameter #1 ($string) of type string is deprecated","file":"/var/www/html/laptop-loans/app/Views/handovers/entrega.php","line":15,"severity":8192}
[23-Feb-2026 08:10:48 UTC] PHP Deprecated:  htmlspecialchars(): Passing null to parameter #1 ($string) of type string is deprecated in /var/www/html/laptop-loans/app/Views/handovers/entrega.php on line 15
[2026-02-23 08:10:48] ERROR   PHP error: htmlspecialchars(): Passing null to parameter #1 ($string) of type string is deprecated in /var/www/html/laptop-loans/app/Views/handovers/entrega.php:15 {"msg":"htmlspecialchars(): Passing null to parameter #1 ($string) of type string is deprecated","file":"/var/www/html/laptop-loans/app/Views/handovers/entrega.php","line":15,"severity":8192}
[23-Feb-2026 08:10:48 UTC] PHP Deprecated:  htmlspecialchars(): Passing null to parameter #1 ($string) of type string is deprecated in /var/www/html/laptop-loans/app/Views/handovers/entrega.php on line 15
[2026-02-23 08:10:48] ERROR   PHP error: htmlspecialchars(): Passing null to parameter #1 ($string) of type string is deprecated in /var/www/html/laptop-loans/app/Views/handovers/entrega.php:15 {"msg":"htmlspecialchars(): Passing null to parameter #1 ($string) of type string is deprecated","file":"/var/www/html/laptop-loans/app/Views/handovers/entrega.php","line":15,"severity":8192}
[23-Feb-2026 08:10:48 UTC] PHP Deprecated:  htmlspecialchars(): Passing null to parameter #1 ($string) of type string is deprecated in /var/www/html/laptop-loans/app/Views/handovers/entrega.php on line 15
[2026-02-23 08:10:48] ERROR   PHP error: htmlspecialchars(): Passing null to parameter #1 ($string) of type string is deprecated in /var/www/html/laptop-loans/app/Views/handovers/entrega.php:15 {"msg":"htmlspecialchars(): Passing null to parameter #1 ($string) of type string is deprecated","file":"/var/www/html/laptop-loans/app/Views/handovers/entrega.php","line":15,"severity":8192}
[23-Feb-2026 08:10:48 UTC] PHP Deprecated:  htmlspecialchars(): Passing null to parameter #1 ($string) of type string is deprecated in /var/www/html/laptop-loans/app/Views/handovers/entrega.php on line 15
[2026-02-23 08:10:48] ERROR   PHP error: htmlspecialchars(): Passing null to parameter #1 ($string) of type string is deprecated in /var/www/html/laptop-loans/app/Views/handovers/entrega.php:15 {"msg":"htmlspecialchars(): Passing null to parameter #1 ($string) of type string is deprecated","file":"/var/www/html/laptop-loans/app/Views/handovers/entrega.php","line":15,"severity":8192}
[23-Feb-2026 08:10:48 UTC] PHP Deprecated:  htmlspecialchars(): Passing null to parameter #1 ($string) of type string is deprecated in /var/www/html/laptop-loans/app/Views/handovers/entrega.php on line 15
[2026-02-23 08:10:48] ERROR   PHP error: htmlspecialchars(): Passing null to parameter #1 ($string) of type string is deprecated in /var/www/html/laptop-loans/app/Views/handovers/entrega.php:15 {"msg":"htmlspecialchars(): Passing null to parameter #1 ($string) of type string is deprecated","file":"/var/www/html/laptop-loans/app/Views/handovers/entrega.php","line":15,"severity":8192}
[23-Feb-2026 08:10:48 UTC] PHP Deprecated:  htmlspecialchars(): Passing null to parameter #1 ($string) of type string is deprecated in /var/www/html/laptop-loans/app/Views/handovers/entrega.php on line 15
[2026-02-23 08:10:48] ERROR   PHP error: htmlspecialchars(): Passing null to parameter #1 ($string) of type string is deprecated in /var/www/html/laptop-loans/app/Views/handovers/entrega.php:15 {"msg":"htmlspecialchars(): Passing null to parameter #1 ($string) of type string is deprecated","file":"/var/www/html/laptop-loans/app/Views/handovers/entrega.php","line":15,"severity":8192}
[23-Feb-2026 08:10:48 UTC] PHP Deprecated:  htmlspecialchars(): Passing null to parameter #1 ($string) of type string is deprecated in /var/www/html/laptop-loans/app/Views/handovers/entrega.php on line 15
[2026-02-23 08:10:48] ERROR   PHP error: htmlspecialchars(): Passing null to parameter #1 ($string) of type string is deprecated in /var/www/html/laptop-loans/app/Views/handovers/entrega.php:15 {"msg":"htmlspecialchars(): Passing null to parameter #1 ($string) of type string is deprecated","file":"/var/www/html/laptop-loans/app/Views/handovers/entrega.php","line":15,"severity":8192}
[23-Feb-2026 08:10:48 UTC] PHP Deprecated:  htmlspecialchars(): Passing null to parameter #1 ($string) of type string is deprecated in /var/www/html/laptop-loans/app/Views/handovers/entrega.php on line 15
[2026-02-23 08:10:48] ERROR   PHP error: htmlspecialchars(): Passing null to parameter #1 ($string) of type string is deprecated in /var/www/html/laptop-loans/app/Views/handovers/entrega.php:15 {"msg":"htmlspecialchars(): Passing null to parameter #1 ($string) of type string is deprecated","file":"/var/www/html/laptop-loans/app/Views/handovers/entrega.php","line":15,"severity":8192}
[23-Feb-2026 08:10:48 UTC] PHP Deprecated:  htmlspecialchars(): Passing null to parameter #1 ($string) of type string is deprecated in /var/www/html/laptop-loans/app/Views/handovers/entrega.php on line 15
[2026-02-23 08:10:48] ERROR   PHP error: htmlspecialchars(): Passing null to parameter #1 ($string) of type string is deprecated in /var/www/html/laptop-loans/app/Views/handovers/entrega.php:15 {"msg":"htmlspecialchars(): Passing null to parameter #1 ($string) of type string is deprecated","file":"/var/www/html/laptop-loans/app/Views/handovers/entrega.php","line":15,"severity":8192}
[23-Feb-2026 08:10:48 UTC] PHP Deprecated:  htmlspecialchars(): Passing null to parameter #1 ($string) of type string is deprecated in /var/www/html/laptop-loans/app/Views/handovers/entrega.php on line 15
[2026-02-23 08:10:48] ERROR   PHP error: htmlspecialchars(): Passing null to parameter #1 ($string) of type string is deprecated in /var/www/html/laptop-loans/app/Views/handovers/entrega.php:15 {"msg":"htmlspecialchars(): Passing null to parameter #1 ($string) of type string is deprecated","file":"/var/www/html/laptop-loans/app/Views/handovers/entrega.php","line":15,"severity":8192}
[23-Feb-2026 08:10:48 UTC] PHP Deprecated:  htmlspecialchars(): Passing null to parameter #1 ($string) of type string is deprecated in /var/www/html/laptop-loans/app/Views/handovers/entrega.php on line 15
[2026-02-23 08:10:48] ERROR   PHP error: htmlspecialchars(): Passing null to parameter #1 ($string) of type string is deprecated in /var/www/html/laptop-loans/app/Views/handovers/entrega.php:15 {"msg":"htmlspecialchars(): Passing null to parameter #1 ($string) of type string is deprecated","file":"/var/www/html/laptop-loans/app/Views/handovers/entrega.php","line":15,"severity":8192}
[23-Feb-2026 08:10:48 UTC] PHP Deprecated:  htmlspecialchars(): Passing null to parameter #1 ($string) of type string is deprecated in /var/www/html/laptop-loans/app/Views/handovers/entrega.php on line 15
[2026-02-23 08:10:48] ERROR   PHP error: htmlspecialchars(): Passing null to parameter #1 ($string) of type string is deprecated in /var/www/html/laptop-loans/app/Views/handovers/entrega.php:15 {"msg":"htmlspecialchars(): Passing null to parameter #1 ($string) of type string is deprecated","file":"/var/www/html/laptop-loans/app/Views/handovers/entrega.php","line":15,"severity":8192}
[23-Feb-2026 08:10:48 UTC] PHP Deprecated:  htmlspecialchars(): Passing null to parameter #1 ($string) of type string is deprecated in /var/www/html/laptop-loans/app/Views/handovers/entrega.php on line 15
[2026-02-23 08:10:48] ERROR   PHP error: htmlspecialchars(): Passing null to parameter #1 ($string) of type string is deprecated in /var/www/html/laptop-loans/app/Views/handovers/entrega.php:15 {"msg":"htmlspecialchars(): Passing null to parameter #1 ($string) of type string is deprecated","file":"/var/www/html/laptop-loans/app/Views/handovers/entrega.php","line":15,"severity":8192}
[23-Feb-2026 08:10:48 UTC] PHP Deprecated:  htmlspecialchars(): Passing null to parameter #1 ($string) of type string is deprecated in /var/www/html/laptop-loans/app/Views/handovers/entrega.php on line 15
[2026-02-23 08:10:48] ERROR   PHP error: htmlspecialchars(): Passing null to parameter #1 ($string) of type string is deprecated in /var/www/html/laptop-loans/app/Views/handovers/entrega.php:15 {"msg":"htmlspecialchars(): Passing null to parameter #1 ($string) of type string is deprecated","file":"/var/www/html/laptop-loans/app/Views/handovers/entrega.php","line":15,"severity":8192}
[23-Feb-2026 08:10:48 UTC] PHP Deprecated:  htmlspecialchars(): Passing null to parameter #1 ($string) of type string is deprecated in /var/www/html/laptop-loans/app/Views/handovers/entrega.php on line 15
[2026-02-23 08:10:48] ERROR   PHP error: htmlspecialchars(): Passing null to parameter #1 ($string) of type string is deprecated in /var/www/html/laptop-loans/app/Views/handovers/entrega.php:15 {"msg":"htmlspecialchars(): Passing null to parameter #1 ($string) of type string is deprecated","file":"/var/www/html/laptop-loans/app/Views/handovers/entrega.php","line":15,"severity":8192}
[23-Feb-2026 08:10:48 UTC] PHP Deprecated:  htmlspecialchars(): Passing null to parameter #1 ($string) of type string is deprecated in /var/www/html/laptop-loans/app/Views/handovers/entrega.php on line 15
[2026-02-23 08:10:48] ERROR   PHP error: htmlspecialchars(): Passing null to parameter #1 ($string) of type string is deprecated in /var/www/html/laptop-loans/app/Views/handovers/entrega.php:15 {"msg":"htmlspecialchars(): Passing null to parameter #1 ($string) of type string is deprecated","file":"/var/www/html/laptop-loans/app/Views/handovers/entrega.php","line":15,"severity":8192}
[23-Feb-2026 08:10:48 UTC] PHP Deprecated:  htmlspecialchars(): Passing null to parameter #1 ($string) of type string is deprecated in /var/www/html/laptop-loans/app/Views/handovers/entrega.php on line 15
[2026-02-23 08:10:48] ERROR   PHP error: htmlspecialchars(): Passing null to parameter #1 ($string) of type string is deprecated in /var/www/html/laptop-loans/app/Views/handovers/entrega.php:15 {"msg":"htmlspecialchars(): Passing null to parameter #1 ($string) of type string is deprecated","file":"/var/www/html/laptop-loans/app/Views/handovers/entrega.php","line":15,"severity":8192}
[23-Feb-2026 08:10:48 UTC] PHP Deprecated:  htmlspecialchars(): Passing null to parameter #1 ($string) of type string is deprecated in /var/www/html/laptop-loans/app/Views/handovers/entrega.php on line 15
[2026-02-23 08:10:48] ERROR   PHP error: htmlspecialchars(): Passing null to parameter #1 ($string) of type string is deprecated in /var/www/html/laptop-loans/app/Views/handovers/entrega.php:15 {"msg":"htmlspecialchars(): Passing null to parameter #1 ($string) of type string is deprecated","file":"/var/www/html/laptop-loans/app/Views/handovers/entrega.php","line":15,"severity":8192}
[23-Feb-2026 08:10:48 UTC] PHP Deprecated:  htmlspecialchars(): Passing null to parameter #1 ($string) of type string is deprecated in /var/www/html/laptop-loans/app/Views/handovers/entrega.php on line 15
[2026-02-23 08:10:48] ERROR   PHP error: htmlspecialchars(): Passing null to parameter #1 ($string) of type string is deprecated in /var/www/html/laptop-loans/app/Views/handovers/entrega.php:15 {"msg":"htmlspecialchars(): Passing null to parameter #1 ($string) of type string is deprecated","file":"/var/www/html/laptop-loans/app/Views/handovers/entrega.php","line":15,"severity":8192}
[23-Feb-2026 08:10:48 UTC] PHP Deprecated:  htmlspecialchars(): Passing null to parameter #1 ($string) of type string is deprecated in /var/www/html/laptop-loans/app/Views/handovers/entrega.php on line 15
[2026-02-23 08:10:48] ERROR   PHP error: htmlspecialchars(): Passing null to parameter #1 ($string) of type string is deprecated in /var/www/html/laptop-loans/app/Views/handovers/entrega.php:15 {"msg":"htmlspecialchars(): Passing null to parameter #1 ($string) of type string is deprecated","file":"/var/www/html/laptop-loans/app/Views/handovers/entrega.php","line":15,"severity":8192}
[23-Feb-2026 08:10:48 UTC] PHP Deprecated:  htmlspecialchars(): Passing null to parameter #1 ($string) of type string is deprecated in /var/www/html/laptop-loans/app/Views/handovers/entrega.php on line 15
[2026-02-23 08:10:48] ERROR   PHP error: htmlspecialchars(): Passing null to parameter #1 ($string) of type string is deprecated in /var/www/html/laptop-loans/app/Views/handovers/entrega.php:15 {"msg":"htmlspecialchars(): Passing null to parameter #1 ($string) of type string is deprecated","file":"/var/www/html/laptop-loans/app/Views/handovers/entrega.php","line":15,"severity":8192}
[23-Feb-2026 08:10:48 UTC] PHP Deprecated:  htmlspecialchars(): Passing null to parameter #1 ($string) of type string is deprecated in /var/www/html/laptop-loans/app/Views/handovers/entrega.php on line 15
[2026-02-23 08:10:48] ERROR   PHP error: htmlspecialchars(): Passing null to parameter #1 ($string) of type string is deprecated in /var/www/html/laptop-loans/app/Views/handovers/entrega.php:15 {"msg":"htmlspecialchars(): Passing null to parameter #1 ($string) of type string is deprecated","file":"/var/www/html/laptop-loans/app/Views/handovers/entrega.php","line":15,"severity":8192}
[23-Feb-2026 08:10:48 UTC] PHP Deprecated:  htmlspecialchars(): Passing null to parameter #1 ($string) of type string is deprecated in /var/www/html/laptop-loans/app/Views/handovers/entrega.php on line 15
[2026-02-23 08:10:48] ERROR   PHP error: htmlspecialchars(): Passing null to parameter #1 ($string) of type string is deprecated in /var/www/html/laptop-loans/app/Views/handovers/entrega.php:15 {"msg":"htmlspecialchars(): Passing null to parameter #1 ($string) of type string is deprecated","file":"/var/www/html/laptop-loans/app/Views/handovers/entrega.php","line":15,"severity":8192}
[23-Feb-2026 08:10:48 UTC] PHP Deprecated:  htmlspecialchars(): Passing null to parameter #1 ($string) of type string is deprecated in /var/www/html/laptop-loans/app/Views/handovers/entrega.php on line 15
[2026-02-23 08:10:48] ERROR   PHP error: htmlspecialchars(): Passing null to parameter #1 ($string) of type string is deprecated in /var/www/html/laptop-loans/app/Views/handovers/entrega.php:15 {"msg":"htmlspecialchars(): Passing null to parameter #1 ($string) of type string is deprecated","file":"/var/www/html/laptop-loans/app/Views/handovers/entrega.php","line":15,"severity":8192}
[23-Feb-2026 08:10:48 UTC] PHP Deprecated:  htmlspecialchars(): Passing null to parameter #1 ($string) of type string is deprecated in /var/www/html/laptop-loans/app/Views/handovers/entrega.php on line 15
[2026-02-23 08:10:48] ERROR   PHP error: htmlspecialchars(): Passing null to parameter #1 ($string) of type string is deprecated in /var/www/html/laptop-loans/app/Views/handovers/entrega.php:15 {"msg":"htmlspecialchars(): Passing null to parameter #1 ($string) of type string is deprecated","file":"/var/www/html/laptop-loans/app/Views/handovers/entrega.php","line":15,"severity":8192}
[23-Feb-2026 08:10:48 UTC] PHP Deprecated:  htmlspecialchars(): Passing null to parameter #1 ($string) of type string is deprecated in /var/www/html/laptop-loans/app/Views/handovers/entrega.php on line 15
[2026-02-23 08:10:48] ERROR   PHP error: htmlspecialchars(): Passing null to parameter #1 ($string) of type string is deprecated in /var/www/html/laptop-loans/app/Views/handovers/entrega.php:15 {"msg":"htmlspecialchars(): Passing null to parameter #1 ($string) of type string is deprecated","file":"/var/www/html/laptop-loans/app/Views/handovers/entrega.php","line":15,"severity":8192}
[23-Feb-2026 08:10:48 UTC] PHP Deprecated:  htmlspecialchars(): Passing null to parameter #1 ($string) of type string is deprecated in /var/www/html/laptop-loans/app/Views/handovers/entrega.php on line 15
[2026-02-23 08:10:48] ERROR   PHP error: htmlspecialchars(): Passing null to parameter #1 ($string) of type string is deprecated in /var/www/html/laptop-loans/app/Views/handovers/entrega.php:15 {"msg":"htmlspecialchars(): Passing null to parameter #1 ($string) of type string is deprecated","file":"/var/www/html/laptop-loans/app/Views/handovers/entrega.php","line":15,"severity":8192}
[23-Feb-2026 08:10:48 UTC] PHP Deprecated:  htmlspecialchars(): Passing null to parameter #1 ($string) of type string is deprecated in /var/www/html/laptop-loans/app/Views/handovers/entrega.php on line 15
[2026-02-23 08:10:48] ERROR   PHP error: htmlspecialchars(): Passing null to parameter #1 ($string) of type string is deprecated in /var/www/html/laptop-loans/app/Views/handovers/entrega.php:15 {"msg":"htmlspecialchars(): Passing null to parameter #1 ($string) of type string is deprecated","file":"/var/www/html/laptop-loans/app/Views/handovers/entrega.php","line":15,"severity":8192}
[23-Feb-2026 08:10:48 UTC] PHP Deprecated:  htmlspecialchars(): Passing null to parameter #1 ($string) of type string is deprecated in /var/www/html/laptop-loans/app/Views/handovers/entrega.php on line 15
[2026-02-23 08:10:48] ERROR   PHP error: htmlspecialchars(): Passing null to parameter #1 ($string) of type string is deprecated in /var/www/html/laptop-loans/app/Views/handovers/entrega.php:15 {"msg":"htmlspecialchars(): Passing null to parameter #1 ($string) of type string is deprecated","file":"/var/www/html/laptop-loans/app/Views/handovers/entrega.php","line":15,"severity":8192}
[23-Feb-2026 08:10:48 UTC] PHP Deprecated:  htmlspecialchars(): Passing null to parameter #1 ($string) of type string is deprecated in /var/www/html/laptop-loans/app/Views/handovers/entrega.php on line 15
[2026-02-23 08:10:48] ERROR   PHP error: htmlspecialchars(): Passing null to parameter #1 ($string) of type string is deprecated in /var/www/html/laptop-loans/app/Views/handovers/entrega.php:15 {"msg":"htmlspecialchars(): Passing null to parameter #1 ($string) of type string is deprecated","file":"/var/www/html/laptop-loans/app/Views/handovers/entrega.php","line":15,"severity":8192}
[23-Feb-2026 08:10:48 UTC] PHP Deprecated:  htmlspecialchars(): Passing null to parameter #1 ($string) of type string is deprecated in /var/www/html/laptop-loans/app/Views/handovers/entrega.php on line 15
[2026-02-23 08:10:48] ERROR   PHP error: htmlspecialchars(): Passing null to parameter #1 ($string) of type string is deprecated in /var/www/html/laptop-loans/app/Views/handovers/entrega.php:15 {"msg":"htmlspecialchars(): Passing null to parameter #1 ($string) of type string is deprecated","file":"/var/www/html/laptop-loans/app/Views/handovers/entrega.php","line":15,"severity":8192}
[23-Feb-2026 08:10:48 UTC] PHP Deprecated:  htmlspecialchars(): Passing null to parameter #1 ($string) of type string is deprecated in /var/www/html/laptop-loans/app/Views/handovers/entrega.php on line 15
[2026-02-23 08:10:48] ERROR   PHP error: htmlspecialchars(): Passing null to parameter #1 ($string) of type string is deprecated in /var/www/html/laptop-loans/app/Views/handovers/entrega.php:15 {"msg":"htmlspecialchars(): Passing null to parameter #1 ($string) of type string is deprecated","file":"/var/www/html/laptop-loans/app/Views/handovers/entrega.php","line":15,"severity":8192}
[23-Feb-2026 08:10:48 UTC] PHP Deprecated:  htmlspecialchars(): Passing null to parameter #1 ($string) of type string is deprecated in /var/www/html/laptop-loans/app/Views/handovers/entrega.php on line 15
[2026-02-23 08:10:48] ERROR   PHP error: htmlspecialchars(): Passing null to parameter #1 ($string) of type string is deprecated in /var/www/html/laptop-loans/app/Views/handovers/entrega.php:15 {"msg":"htmlspecialchars(): Passing null to parameter #1 ($string) of type string is deprecated","file":"/var/www/html/laptop-loans/app/Views/handovers/entrega.php","line":15,"severity":8192}
[23-Feb-2026 08:10:48 UTC] PHP Deprecated:  htmlspecialchars(): Passing null to parameter #1 ($string) of type string is deprecated in /var/www/html/laptop-loans/app/Views/handovers/entrega.php on line 15
[2026-02-23 08:10:48] ERROR   PHP error: htmlspecialchars(): Passing null to parameter #1 ($string) of type string is deprecated in /var/www/html/laptop-loans/app/Views/handovers/entrega.php:15 {"msg":"htmlspecialchars(): Passing null to parameter #1 ($string) of type string is deprecated","file":"/var/www/html/laptop-loans/app/Views/handovers/entrega.php","line":15,"severity":8192}
[23-Feb-2026 08:10:48 UTC] PHP Deprecated:  htmlspecialchars(): Passing null to parameter #1 ($string) of type string is deprecated in /var/www/html/laptop-loans/app/Views/handovers/entrega.php on line 15
[2026-02-23 08:10:48] ERROR   PHP error: htmlspecialchars(): Passing null to parameter #1 ($string) of type string is deprecated in /var/www/html/laptop-loans/app/Views/handovers/entrega.php:15 {"msg":"htmlspecialchars(): Passing null to parameter #1 ($string) of type string is deprecated","file":"/var/www/html/laptop-loans/app/Views/handovers/entrega.php","line":15,"severity":8192}
[23-Feb-2026 08:10:48 UTC] PHP Deprecated:  htmlspecialchars(): Passing null to parameter #1 ($string) of type string is deprecated in /var/www/html/laptop-loans/app/Views/handovers/entrega.php on line 15
[2026-02-23 08:10:48] ERROR   PHP error: htmlspecialchars(): Passing null to parameter #1 ($string) of type string is deprecated in /var/www/html/laptop-loans/app/Views/handovers/entrega.php:15 {"msg":"htmlspecialchars(): Passing null to parameter #1 ($string) of type string is deprecated","file":"/var/www/html/laptop-loans/app/Views/handovers/entrega.php","line":15,"severity":8192}
[23-Feb-2026 08:10:48 UTC] PHP Deprecated:  htmlspecialchars(): Passing null to parameter #1 ($string) of type string is deprecated in /var/www/html/laptop-loans/app/Views/handovers/entrega.php on line 15
[2026-02-23 08:10:48] ERROR   PHP error: htmlspecialchars(): Passing null to parameter #1 ($string) of type string is deprecated in /var/www/html/laptop-loans/app/Views/handovers/entrega.php:15 {"msg":"htmlspecialchars(): Passing null to parameter #1 ($string) of type string is deprecated","file":"/var/www/html/laptop-loans/app/Views/handovers/entrega.php","line":15,"severity":8192}
[23-Feb-2026 08:10:48 UTC] PHP Deprecated:  htmlspecialchars(): Passing null to parameter #1 ($string) of type string is deprecated in /var/www/html/laptop-loans/app/Views/handovers/entrega.php on line 15
[2026-02-23 08:10:48] ERROR   PHP error: htmlspecialchars(): Passing null to parameter #1 ($string) of type string is deprecated in /var/www/html/laptop-loans/app/Views/handovers/entrega.php:15 {"msg":"htmlspecialchars(): Passing null to parameter #1 ($string) of type string is deprecated","file":"/var/www/html/laptop-loans/app/Views/handovers/entrega.php","line":15,"severity":8192}
[23-Feb-2026 08:10:48 UTC] PHP Deprecated:  htmlspecialchars(): Passing null to parameter #1 ($string) of type string is deprecated in /var/www/html/laptop-loans/app/Views/handovers/entrega.php on line 15
[2026-02-23 08:10:48] ERROR   PHP error: htmlspecialchars(): Passing null to parameter #1 ($string) of type string is deprecated in /var/www/html/laptop-loans/app/Views/handovers/entrega.php:15 {"msg":"htmlspecialchars(): Passing null to parameter #1 ($string) of type string is deprecated","file":"/var/www/html/laptop-loans/app/Views/handovers/entrega.php","line":15,"severity":8192}
[23-Feb-2026 08:10:48 UTC] PHP Deprecated:  htmlspecialchars(): Passing null to parameter #1 ($string) of type string is deprecated in /var/www/html/laptop-loans/app/Views/handovers/entrega.php on line 15
[2026-02-23 08:10:48] ERROR   PHP error: htmlspecialchars(): Passing null to parameter #1 ($string) of type string is deprecated in /var/www/html/laptop-loans/app/Views/handovers/entrega.php:15 {"msg":"htmlspecialchars(): Passing null to parameter #1 ($string) of type string is deprecated","file":"/var/www/html/laptop-loans/app/Views/handovers/entrega.php","line":15,"severity":8192}
[23-Feb-2026 08:10:48 UTC] PHP Deprecated:  htmlspecialchars(): Passing null to parameter #1 ($string) of type string is deprecated in /var/www/html/laptop-loans/app/Views/handovers/entrega.php on line 15
[2026-02-23 08:10:48] ERROR   PHP error: htmlspecialchars(): Passing null to parameter #1 ($string) of type string is deprecated in /var/www/html/laptop-loans/app/Views/handovers/entrega.php:15 {"msg":"htmlspecialchars(): Passing null to parameter #1 ($string) of type string is deprecated","file":"/var/www/html/laptop-loans/app/Views/handovers/entrega.php","line":15,"severity":8192}
[23-Feb-2026 08:10:48 UTC] PHP Deprecated:  htmlspecialchars(): Passing null to parameter #1 ($string) of type string is deprecated in /var/www/html/laptop-loans/app/Views/handovers/entrega.php on line 15
[2026-02-23 08:10:48] ERROR   PHP error: htmlspecialchars(): Passing null to parameter #1 ($string) of type string is deprecated in /var/www/html/laptop-loans/app/Views/handovers/entrega.php:15 {"msg":"htmlspecialchars(): Passing null to parameter #1 ($string) of type string is deprecated","file":"/var/www/html/laptop-loans/app/Views/handovers/entrega.php","line":15,"severity":8192}
[23-Feb-2026 08:10:48 UTC] PHP Deprecated:  htmlspecialchars(): Passing null to parameter #1 ($string) of type string is deprecated in /var/www/html/laptop-loans/app/Views/handovers/entrega.php on line 15
[2026-02-23 08:10:48] ERROR   PHP error: htmlspecialchars(): Passing null to parameter #1 ($string) of type string is deprecated in /var/www/html/laptop-loans/app/Views/handovers/entrega.php:15 {"msg":"htmlspecialchars(): Passing null to parameter #1 ($string) of type string is deprecated","file":"/var/www/html/laptop-loans/app/Views/handovers/entrega.php","line":15,"severity":8192}
[23-Feb-2026 08:10:48 UTC] PHP Deprecated:  htmlspecialchars(): Passing null to parameter #1 ($string) of type string is deprecated in /var/www/html/laptop-loans/app/Views/handovers/entrega.php on line 15
[2026-02-23 08:10:48] ERROR   PHP error: htmlspecialchars(): Passing null to parameter #1 ($string) of type string is deprecated in /var/www/html/laptop-loans/app/Views/handovers/entrega.php:15 {"msg":"htmlspecialchars(): Passing null to parameter #1 ($string) of type string is deprecated","file":"/var/www/html/laptop-loans/app/Views/handovers/entrega.php","line":15,"severity":8192}
[23-Feb-2026 08:10:48 UTC] PHP Deprecated:  htmlspecialchars(): Passing null to parameter #1 ($string) of type string is deprecated in /var/www/html/laptop-loans/app/Views/handovers/entrega.php on line 15
[2026-02-23 08:10:48] ERROR   PHP error: htmlspecialchars(): Passing null to parameter #1 ($string) of type string is deprecated in /var/www/html/laptop-loans/app/Views/handovers/entrega.php:15 {"msg":"htmlspecialchars(): Passing null to parameter #1 ($string) of type string is deprecated","file":"/var/www/html/laptop-loans/app/Views/handovers/entrega.php","line":15,"severity":8192}
[23-Feb-2026 08:10:48 UTC] PHP Deprecated:  htmlspecialchars(): Passing null to parameter #1 ($string) of type string is deprecated in /var/www/html/laptop-loans/app/Views/handovers/entrega.php on line 15
[2026-02-23 08:10:48] ERROR   PHP error: htmlspecialchars(): Passing null to parameter #1 ($string) of type string is deprecated in /var/www/html/laptop-loans/app/Views/handovers/entrega.php:15 {"msg":"htmlspecialchars(): Passing null to parameter #1 ($string) of type string is deprecated","file":"/var/www/html/laptop-loans/app/Views/handovers/entrega.php","line":15,"severity":8192}
[23-Feb-2026 08:10:48 UTC] PHP Deprecated:  htmlspecialchars(): Passing null to parameter #1 ($string) of type string is deprecated in /var/www/html/laptop-loans/app/Views/handovers/entrega.php on line 15
[2026-02-23 08:10:48] ERROR   PHP error: htmlspecialchars(): Passing null to parameter #1 ($string) of type string is deprecated in /var/www/html/laptop-loans/app/Views/handovers/entrega.php:15 {"msg":"htmlspecialchars(): Passing null to parameter #1 ($string) of type string is deprecated","file":"/var/www/html/laptop-loans/app/Views/handovers/entrega.php","line":15,"severity":8192}
[23-Feb-2026 08:10:48 UTC] PHP Deprecated:  htmlspecialchars(): Passing null to parameter #1 ($string) of type string is deprecated in /var/www/html/laptop-loans/app/Views/handovers/entrega.php on line 15
[2026-02-23 08:10:48] ERROR   PHP error: htmlspecialchars(): Passing null to parameter #1 ($string) of type string is deprecated in /var/www/html/laptop-loans/app/Views/handovers/entrega.php:15 {"msg":"htmlspecialchars(): Passing null to parameter #1 ($string) of type string is deprecated","file":"/var/www/html/laptop-loans/app/Views/handovers/entrega.php","line":15,"severity":8192}
[23-Feb-2026 08:10:48 UTC] PHP Deprecated:  htmlspecialchars(): Passing null to parameter #1 ($string) of type string is deprecated in /var/www/html/laptop-loans/app/Views/handovers/entrega.php on line 15
[2026-02-23 08:10:48] ERROR   PHP error: htmlspecialchars(): Passing null to parameter #1 ($string) of type string is deprecated in /var/www/html/laptop-loans/app/Views/handovers/entrega.php:15 {"msg":"htmlspecialchars(): Passing null to parameter #1 ($string) of type string is deprecated","file":"/var/www/html/laptop-loans/app/Views/handovers/entrega.php","line":15,"severity":8192}
[23-Feb-2026 08:10:48 UTC] PHP Deprecated:  htmlspecialchars(): Passing null to parameter #1 ($string) of type string is deprecated in /var/www/html/laptop-loans/app/Views/handovers/entrega.php on line 15
[2026-02-23 08:10:48] ERROR   PHP error: htmlspecialchars(): Passing null to parameter #1 ($string) of type string is deprecated in /var/www/html/laptop-loans/app/Views/handovers/entrega.php:15 {"msg":"htmlspecialchars(): Passing null to parameter #1 ($string) of type string is deprecated","file":"/var/www/html/laptop-loans/app/Views/handovers/entrega.php","line":15,"severity":8192}
[23-Feb-2026 08:10:48 UTC] PHP Deprecated:  htmlspecialchars(): Passing null to parameter #1 ($string) of type string is deprecated in /var/www/html/laptop-loans/app/Views/handovers/entrega.php on line 15
[2026-02-23 08:10:48] ERROR   PHP error: htmlspecialchars(): Passing null to parameter #1 ($string) of type string is deprecated in /var/www/html/laptop-loans/app/Views/handovers/entrega.php:15 {"msg":"htmlspecialchars(): Passing null to parameter #1 ($string) of type string is deprecated","file":"/var/www/html/laptop-loans/app/Views/handovers/entrega.php","line":15,"severity":8192}
[23-Feb-2026 08:10:48 UTC] PHP Deprecated:  htmlspecialchars(): Passing null to parameter #1 ($string) of type string is deprecated in /var/www/html/laptop-loans/app/Views/handovers/entrega.php on line 15
[2026-02-23 08:10:48] ERROR   PHP error: htmlspecialchars(): Passing null to parameter #1 ($string) of type string is deprecated in /var/www/html/laptop-loans/app/Views/handovers/entrega.php:15 {"msg":"htmlspecialchars(): Passing null to parameter #1 ($string) of type string is deprecated","file":"/var/www/html/laptop-loans/app/Views/handovers/entrega.php","line":15,"severity":8192}
[23-Feb-2026 08:10:48 UTC] PHP Deprecated:  htmlspecialchars(): Passing null to parameter #1 ($string) of type string is deprecated in /var/www/html/laptop-loans/app/Views/handovers/entrega.php on line 15
[2026-02-23 08:10:48] ERROR   PHP error: htmlspecialchars(): Passing null to parameter #1 ($string) of type string is deprecated in /var/www/html/laptop-loans/app/Views/handovers/entrega.php:15 {"msg":"htmlspecialchars(): Passing null to parameter #1 ($string) of type string is deprecated","file":"/var/www/html/laptop-loans/app/Views/handovers/entrega.php","line":15,"severity":8192}
[23-Feb-2026 08:10:48 UTC] PHP Deprecated:  htmlspecialchars(): Passing null to parameter #1 ($string) of type string is deprecated in /var/www/html/laptop-loans/app/Views/handovers/entrega.php on line 15
[2026-02-23 08:10:48] ERROR   PHP error: htmlspecialchars(): Passing null to parameter #1 ($string) of type string is deprecated in /var/www/html/laptop-loans/app/Views/handovers/entrega.php:15 {"msg":"htmlspecialchars(): Passing null to parameter #1 ($string) of type string is deprecated","file":"/var/www/html/laptop-loans/app/Views/handovers/entrega.php","line":15,"severity":8192}
[23-Feb-2026 08:10:48 UTC] PHP Deprecated:  htmlspecialchars(): Passing null to parameter #1 ($string) of type string is deprecated in /var/www/html/laptop-loans/app/Views/handovers/entrega.php on line 15
[2026-02-23 08:10:48] ERROR   PHP error: htmlspecialchars(): Passing null to parameter #1 ($string) of type string is deprecated in /var/www/html/laptop-loans/app/Views/handovers/entrega.php:15 {"msg":"htmlspecialchars(): Passing null to parameter #1 ($string) of type string is deprecated","file":"/var/www/html/laptop-loans/app/Views/handovers/entrega.php","line":15,"severity":8192}
[23-Feb-2026 08:10:48 UTC] PHP Deprecated:  htmlspecialchars(): Passing null to parameter #1 ($string) of type string is deprecated in /var/www/html/laptop-loans/app/Views/handovers/entrega.php on line 15
[2026-02-23 08:10:48] ERROR   PHP error: htmlspecialchars(): Passing null to parameter #1 ($string) of type string is deprecated in /var/www/html/laptop-loans/app/Views/handovers/entrega.php:15 {"msg":"htmlspecialchars(): Passing null to parameter #1 ($string) of type string is deprecated","file":"/var/www/html/laptop-loans/app/Views/handovers/entrega.php","line":15,"severity":8192}
[23-Feb-2026 08:10:48 UTC] PHP Deprecated:  htmlspecialchars(): Passing null to parameter #1 ($string) of type string is deprecated in /var/www/html/laptop-loans/app/Views/handovers/entrega.php on line 15
[2026-02-23 08:10:48] ERROR   PHP error: htmlspecialchars(): Passing null to parameter #1 ($string) of type string is deprecated in /var/www/html/laptop-loans/app/Views/handovers/entrega.php:15 {"msg":"htmlspecialchars(): Passing null to parameter #1 ($string) of type string is deprecated","file":"/var/www/html/laptop-loans/app/Views/handovers/entrega.php","line":15,"severity":8192}
[23-Feb-2026 08:10:48 UTC] PHP Deprecated:  htmlspecialchars(): Passing null to parameter #1 ($string) of type string is deprecated in /var/www/html/laptop-loans/app/Views/handovers/entrega.php on line 15
[2026-02-23 08:10:48] ERROR   PHP error: htmlspecialchars(): Passing null to parameter #1 ($string) of type string is deprecated in /var/www/html/laptop-loans/app/Views/handovers/entrega.php:15 {"msg":"htmlspecialchars(): Passing null to parameter #1 ($string) of type string is deprecated","file":"/var/www/html/laptop-loans/app/Views/handovers/entrega.php","line":15,"severity":8192}
[23-Feb-2026 08:10:48 UTC] PHP Deprecated:  htmlspecialchars(): Passing null to parameter #1 ($string) of type string is deprecated in /var/www/html/laptop-loans/app/Views/handovers/entrega.php on line 15
[2026-02-23 08:10:48] ERROR   PHP error: htmlspecialchars(): Passing null to parameter #1 ($string) of type string is deprecated in /var/www/html/laptop-loans/app/Views/handovers/entrega.php:15 {"msg":"htmlspecialchars(): Passing null to parameter #1 ($string) of type string is deprecated","file":"/var/www/html/laptop-loans/app/Views/handovers/entrega.php","line":15,"severity":8192}
[23-Feb-2026 08:10:48 UTC] PHP Deprecated:  htmlspecialchars(): Passing null to parameter #1 ($string) of type string is deprecated in /var/www/html/laptop-loans/app/Views/handovers/entrega.php on line 15
[2026-02-23 08:10:48] ERROR   PHP error: htmlspecialchars(): Passing null to parameter #1 ($string) of type string is deprecated in /var/www/html/laptop-loans/app/Views/handovers/entrega.php:15 {"msg":"htmlspecialchars(): Passing null to parameter #1 ($string) of type string is deprecated","file":"/var/www/html/laptop-loans/app/Views/handovers/entrega.php","line":15,"severity":8192}
[23-Feb-2026 08:10:48 UTC] PHP Deprecated:  htmlspecialchars(): Passing null to parameter #1 ($string) of type string is deprecated in /var/www/html/laptop-loans/app/Views/handovers/entrega.php on line 15
[2026-02-23 08:10:48] ERROR   PHP error: htmlspecialchars(): Passing null to parameter #1 ($string) of type string is deprecated in /var/www/html/laptop-loans/app/Views/handovers/entrega.php:15 {"msg":"htmlspecialchars(): Passing null to parameter #1 ($string) of type string is deprecated","file":"/var/www/html/laptop-loans/app/Views/handovers/entrega.php","line":15,"severity":8192}
[23-Feb-2026 08:10:48 UTC] PHP Deprecated:  htmlspecialchars(): Passing null to parameter #1 ($string) of type string is deprecated in /var/www/html/laptop-loans/app/Views/handovers/entrega.php on line 15
[2026-02-23 08:10:48] ERROR   PHP error: htmlspecialchars(): Passing null to parameter #1 ($string) of type string is deprecated in /var/www/html/laptop-loans/app/Views/handovers/entrega.php:15 {"msg":"htmlspecialchars(): Passing null to parameter #1 ($string) of type string is deprecated","file":"/var/www/html/laptop-loans/app/Views/handovers/entrega.php","line":15,"severity":8192}
[23-Feb-2026 08:10:48 UTC] PHP Deprecated:  htmlspecialchars(): Passing null to parameter #1 ($string) of type string is deprecated in /var/www/html/laptop-loans/app/Views/handovers/entrega.php on line 15
[2026-02-23 08:10:48] ERROR   PHP error: htmlspecialchars(): Passing null to parameter #1 ($string) of type string is deprecated in /var/www/html/laptop-loans/app/Views/handovers/entrega.php:15 {"msg":"htmlspecialchars(): Passing null to parameter #1 ($string) of type string is deprecated","file":"/var/www/html/laptop-loans/app/Views/handovers/entrega.php","line":15,"severity":8192}
[23-Feb-2026 08:10:48 UTC] PHP Deprecated:  htmlspecialchars(): Passing null to parameter #1 ($string) of type string is deprecated in /var/www/html/laptop-loans/app/Views/handovers/entrega.php on line 15
[2026-02-23 08:10:48] ERROR   PHP error: htmlspecialchars(): Passing null to parameter #1 ($string) of type string is deprecated in /var/www/html/laptop-loans/app/Views/handovers/entrega.php:15 {"msg":"htmlspecialchars(): Passing null to parameter #1 ($string) of type string is deprecated","file":"/var/www/html/laptop-loans/app/Views/handovers/entrega.php","line":15,"severity":8192}
[23-Feb-2026 08:10:48 UTC] PHP Deprecated:  htmlspecialchars(): Passing null to parameter #1 ($string) of type string is deprecated in /var/www/html/laptop-loans/app/Views/handovers/entrega.php on line 15
[2026-02-23 08:10:48] ERROR   PHP error: htmlspecialchars(): Passing null to parameter #1 ($string) of type string is deprecated in /var/www/html/laptop-loans/app/Views/handovers/entrega.php:15 {"msg":"htmlspecialchars(): Passing null to parameter #1 ($string) of type string is deprecated","file":"/var/www/html/laptop-loans/app/Views/handovers/entrega.php","line":15,"severity":8192}
[23-Feb-2026 08:10:48 UTC] PHP Deprecated:  htmlspecialchars(): Passing null to parameter #1 ($string) of type string is deprecated in /var/www/html/laptop-loans/app/Views/handovers/entrega.php on line 15
[2026-02-23 08:10:48] ERROR   PHP error: htmlspecialchars(): Passing null to parameter #1 ($string) of type string is deprecated in /var/www/html/laptop-loans/app/Views/handovers/entrega.php:15 {"msg":"htmlspecialchars(): Passing null to parameter #1 ($string) of type string is deprecated","file":"/var/www/html/laptop-loans/app/Views/handovers/entrega.php","line":15,"severity":8192}
[23-Feb-2026 08:10:48 UTC] PHP Deprecated:  htmlspecialchars(): Passing null to parameter #1 ($string) of type string is deprecated in /var/www/html/laptop-loans/app/Views/handovers/entrega.php on line 15
[2026-02-23 08:10:49] INFO    AUDIT visit {"user_id":null,"username":"anon","route":"handovers/devolucion","ip":"10.52.2.5"}
[2026-02-23 08:10:51] INFO    AUDIT visit {"user_id":null,"username":"anon","route":"people/index","ip":"10.52.2.5"}
[2026-02-23 08:10:51] ERROR   PHP error: htmlspecialchars(): Passing null to parameter #1 ($string) of type string is deprecated in /var/www/html/laptop-loans/app/Views/people/index.php:23 {"msg":"htmlspecialchars(): Passing null to parameter #1 ($string) of type string is deprecated","file":"/var/www/html/laptop-loans/app/Views/people/index.php","line":23,"severity":8192}
[23-Feb-2026 08:10:51 UTC] PHP Deprecated:  htmlspecialchars(): Passing null to parameter #1 ($string) of type string is deprecated in /var/www/html/laptop-loans/app/Views/people/index.php on line 23
[2026-02-23 08:10:51] ERROR   PHP error: htmlspecialchars(): Passing null to parameter #1 ($string) of type string is deprecated in /var/www/html/laptop-loans/app/Views/people/index.php:24 {"msg":"htmlspecialchars(): Passing null to parameter #1 ($string) of type string is deprecated","file":"/var/www/html/laptop-loans/app/Views/people/index.php","line":24,"severity":8192}
[23-Feb-2026 08:10:51 UTC] PHP Deprecated:  htmlspecialchars(): Passing null to parameter #1 ($string) of type string is deprecated in /var/www/html/laptop-loans/app/Views/people/index.php on line 24
[2026-02-23 08:10:51] ERROR   PHP error: htmlspecialchars(): Passing null to parameter #1 ($string) of type string is deprecated in /var/www/html/laptop-loans/app/Views/people/index.php:25 {"msg":"htmlspecialchars(): Passing null to parameter #1 ($string) of type string is deprecated","file":"/var/www/html/laptop-loans/app/Views/people/index.php","line":25,"severity":8192}
[23-Feb-2026 08:10:51 UTC] PHP Deprecated:  htmlspecialchars(): Passing null to parameter #1 ($string) of type string is deprecated in /var/www/html/laptop-loans/app/Views/people/index.php on line 25
[2026-02-23 08:10:51] ERROR   PHP error: htmlspecialchars(): Passing null to parameter #1 ($string) of type string is deprecated in /var/www/html/laptop-loans/app/Views/people/index.php:26 {"msg":"htmlspecialchars(): Passing null to parameter #1 ($string) of type string is deprecated","file":"/var/www/html/laptop-loans/app/Views/people/index.php","line":26,"severity":8192}
[23-Feb-2026 08:10:51 UTC] PHP Deprecated:  htmlspecialchars(): Passing null to parameter #1 ($string) of type string is deprecated in /var/www/html/laptop-loans/app/Views/people/index.php on line 26
[2026-02-23 08:10:51] ERROR   PHP error: htmlspecialchars(): Passing null to parameter #1 ($string) of type string is deprecated in /var/www/html/laptop-loans/app/Views/people/index.php:23 {"msg":"htmlspecialchars(): Passing null to parameter #1 ($string) of type string is deprecated","file":"/var/www/html/laptop-loans/app/Views/people/index.php","line":23,"severity":8192}
[23-Feb-2026 08:10:51 UTC] PHP Deprecated:  htmlspecialchars(): Passing null to parameter #1 ($string) of type string is deprecated in /var/www/html/laptop-loans/app/Views/people/index.php on line 23
[2026-02-23 08:10:51] ERROR   PHP error: htmlspecialchars(): Passing null to parameter #1 ($string) of type string is deprecated in /var/www/html/laptop-loans/app/Views/people/index.php:24 {"msg":"htmlspecialchars(): Passing null to parameter #1 ($string) of type string is deprecated","file":"/var/www/html/laptop-loans/app/Views/people/index.php","line":24,"severity":8192}
[23-Feb-2026 08:10:51 UTC] PHP Deprecated:  htmlspecialchars(): Passing null to parameter #1 ($string) of type string is deprecated in /var/www/html/laptop-loans/app/Views/people/index.php on line 24
[2026-02-23 08:10:51] ERROR   PHP error: htmlspecialchars(): Passing null to parameter #1 ($string) of type string is deprecated in /var/www/html/laptop-loans/app/Views/people/index.php:25 {"msg":"htmlspecialchars(): Passing null to parameter #1 ($string) of type string is deprecated","file":"/var/www/html/laptop-loans/app/Views/people/index.php","line":25,"severity":8192}
[23-Feb-2026 08:10:51 UTC] PHP Deprecated:  htmlspecialchars(): Passing null to parameter #1 ($string) of type string is deprecated in /var/www/html/laptop-loans/app/Views/people/index.php on line 25
[2026-02-23 08:10:51] ERROR   PHP error: htmlspecialchars(): Passing null to parameter #1 ($string) of type string is deprecated in /var/www/html/laptop-loans/app/Views/people/index.php:26 {"msg":"htmlspecialchars(): Passing null to parameter #1 ($string) of type string is deprecated","file":"/var/www/html/laptop-loans/app/Views/people/index.php","line":26,"severity":8192}
[23-Feb-2026 08:10:51 UTC] PHP Deprecated:  htmlspecialchars(): Passing null to parameter #1 ($string) of type string is deprecated in /var/www/html/laptop-loans/app/Views/people/index.php on line 26
[2026-02-23 08:10:51] ERROR   PHP error: htmlspecialchars(): Passing null to parameter #1 ($string) of type string is deprecated in /var/www/html/laptop-loans/app/Views/people/index.php:23 {"msg":"htmlspecialchars(): Passing null to parameter #1 ($string) of type string is deprecated","file":"/var/www/html/laptop-loans/app/Views/people/index.php","line":23,"severity":8192}
[23-Feb-2026 08:10:51 UTC] PHP Deprecated:  htmlspecialchars(): Passing null to parameter #1 ($string) of type string is deprecated in /var/www/html/laptop-loans/app/Views/people/index.php on line 23
[2026-02-23 08:10:51] ERROR   PHP error: htmlspecialchars(): Passing null to parameter #1 ($string) of type string is deprecated in /var/www/html/laptop-loans/app/Views/people/index.php:24 {"msg":"htmlspecialchars(): Passing null to parameter #1 ($string) of type string is deprecated","file":"/var/www/html/laptop-loans/app/Views/people/index.php","line":24,"severity":8192}
[23-Feb-2026 08:10:51 UTC] PHP Deprecated:  htmlspecialchars(): Passing null to parameter #1 ($string) of type string is deprecated in /var/www/html/laptop-loans/app/Views/people/index.php on line 24
[2026-02-23 08:10:51] ERROR   PHP error: htmlspecialchars(): Passing null to parameter #1 ($string) of type string is deprecated in /var/www/html/laptop-loans/app/Views/people/index.php:25 {"msg":"htmlspecialchars(): Passing null to parameter #1 ($string) of type string is deprecated","file":"/var/www/html/laptop-loans/app/Views/people/index.php","line":25,"severity":8192}
[23-Feb-2026 08:10:51 UTC] PHP Deprecated:  htmlspecialchars(): Passing null to parameter #1 ($string) of type string is deprecated in /var/www/html/laptop-loans/app/Views/people/index.php on line 25
[2026-02-23 08:10:51] ERROR   PHP error: htmlspecialchars(): Passing null to parameter #1 ($string) of type string is deprecated in /var/www/html/laptop-loans/app/Views/people/index.php:26 {"msg":"htmlspecialchars(): Passing null to parameter #1 ($string) of type string is deprecated","file":"/var/www/html/laptop-loans/app/Views/people/index.php","line":26,"severity":8192}
[23-Feb-2026 08:10:51 UTC] PHP Deprecated:  htmlspecialchars(): Passing null to parameter #1 ($string) of type string is deprecated in /var/www/html/laptop-loans/app/Views/people/index.php on line 26
[2026-02-23 08:10:51] ERROR   PHP error: htmlspecialchars(): Passing null to parameter #1 ($string) of type string is deprecated in /var/www/html/laptop-loans/app/Views/people/index.php:23 {"msg":"htmlspecialchars(): Passing null to parameter #1 ($string) of type string is deprecated","file":"/var/www/html/laptop-loans/app/Views/people/index.php","line":23,"severity":8192}
[23-Feb-2026 08:10:51 UTC] PHP Deprecated:  htmlspecialchars(): Passing null to parameter #1 ($string) of type string is deprecated in /var/www/html/laptop-loans/app/Views/people/index.php on line 23
[2026-02-23 08:10:51] ERROR   PHP error: htmlspecialchars(): Passing null to parameter #1 ($string) of type string is deprecated in /var/www/html/laptop-loans/app/Views/people/index.php:24 {"msg":"htmlspecialchars(): Passing null to parameter #1 ($string) of type string is deprecated","file":"/var/www/html/laptop-loans/app/Views/people/index.php","line":24,"severity":8192}
[23-Feb-2026 08:10:51 UTC] PHP Deprecated:  htmlspecialchars(): Passing null to parameter #1 ($string) of type string is deprecated in /var/www/html/laptop-loans/app/Views/people/index.php on line 24
[2026-02-23 08:10:51] ERROR   PHP error: htmlspecialchars(): Passing null to parameter #1 ($string) of type string is deprecated in /var/www/html/laptop-loans/app/Views/people/index.php:25 {"msg":"htmlspecialchars(): Passing null to parameter #1 ($string) of type string is deprecated","file":"/var/www/html/laptop-loans/app/Views/people/index.php","line":25,"severity":8192}
[23-Feb-2026 08:10:51 UTC] PHP Deprecated:  htmlspecialchars(): Passing null to parameter #1 ($string) of type string is deprecated in /var/www/html/laptop-loans/app/Views/people/index.php on line 25
[2026-02-23 08:10:51] ERROR   PHP error: htmlspecialchars(): Passing null to parameter #1 ($string) of type string is deprecated in /var/www/html/laptop-loans/app/Views/people/index.php:26 {"msg":"htmlspecialchars(): Passing null to parameter #1 ($string) of type string is deprecated","file":"/var/www/html/laptop-loans/app/Views/people/index.php","line":26,"severity":8192}
[23-Feb-2026 08:10:51 UTC] PHP Deprecated:  htmlspecialchars(): Passing null to parameter #1 ($string) of type string is deprecated in /var/www/html/laptop-loans/app/Views/people/index.php on line 26
[2026-02-23 08:10:51] ERROR   PHP error: htmlspecialchars(): Passing null to parameter #1 ($string) of type string is deprecated in /var/www/html/laptop-loans/app/Views/people/index.php:23 {"msg":"htmlspecialchars(): Passing null to parameter #1 ($string) of type string is deprecated","file":"/var/www/html/laptop-loans/app/Views/people/index.php","line":23,"severity":8192}
[23-Feb-2026 08:10:51 UTC] PHP Deprecated:  htmlspecialchars(): Passing null to parameter #1 ($string) of type string is deprecated in /var/www/html/laptop-loans/app/Views/people/index.php on line 23
[2026-02-23 08:10:51] ERROR   PHP error: htmlspecialchars(): Passing null to parameter #1 ($string) of type string is deprecated in /var/www/html/laptop-loans/app/Views/people/index.php:24 {"msg":"htmlspecialchars(): Passing null to parameter #1 ($string) of type string is deprecated","file":"/var/www/html/laptop-loans/app/Views/people/index.php","line":24,"severity":8192}
[23-Feb-2026 08:10:51 UTC] PHP Deprecated:  htmlspecialchars(): Passing null to parameter #1 ($string) of type string is deprecated in /var/www/html/laptop-loans/app/Views/people/index.php on line 24
[2026-02-23 08:10:51] ERROR   PHP error: htmlspecialchars(): Passing null to parameter #1 ($string) of type string is deprecated in /var/www/html/laptop-loans/app/Views/people/index.php:25 {"msg":"htmlspecialchars(): Passing null to parameter #1 ($string) of type string is deprecated","file":"/var/www/html/laptop-loans/app/Views/people/index.php","line":25,"severity":8192}
[23-Feb-2026 08:10:51 UTC] PHP Deprecated:  htmlspecialchars(): Passing null to parameter #1 ($string) of type string is deprecated in /var/www/html/laptop-loans/app/Views/people/index.php on line 25
[2026-02-23 08:10:51] ERROR   PHP error: htmlspecialchars(): Passing null to parameter #1 ($string) of type string is deprecated in /var/www/html/laptop-loans/app/Views/people/index.php:26 {"msg":"htmlspecialchars(): Passing null to parameter #1 ($string) of type string is deprecated","file":"/var/www/html/laptop-loans/app/Views/people/index.php","line":26,"severity":8192}
[23-Feb-2026 08:10:51 UTC] PHP Deprecated:  htmlspecialchars(): Passing null to parameter #1 ($string) of type string is deprecated in /var/www/html/laptop-loans/app/Views/people/index.php on line 26
[2026-02-23 08:10:51] ERROR   PHP error: htmlspecialchars(): Passing null to parameter #1 ($string) of type string is deprecated in /var/www/html/laptop-loans/app/Views/people/index.php:23 {"msg":"htmlspecialchars(): Passing null to parameter #1 ($string) of type string is deprecated","file":"/var/www/html/laptop-loans/app/Views/people/index.php","line":23,"severity":8192}
[23-Feb-2026 08:10:51 UTC] PHP Deprecated:  htmlspecialchars(): Passing null to parameter #1 ($string) of type string is deprecated in /var/www/html/laptop-loans/app/Views/people/index.php on line 23
[2026-02-23 08:10:51] ERROR   PHP error: htmlspecialchars(): Passing null to parameter #1 ($string) of type string is deprecated in /var/www/html/laptop-loans/app/Views/people/index.php:24 {"msg":"htmlspecialchars(): Passing null to parameter #1 ($string) of type string is deprecated","file":"/var/www/html/laptop-loans/app/Views/people/index.php","line":24,"severity":8192}
[23-Feb-2026 08:10:51 UTC] PHP Deprecated:  htmlspecialchars(): Passing null to parameter #1 ($string) of type string is deprecated in /var/www/html/laptop-loans/app/Views/people/index.php on line 24
[2026-02-23 08:10:51] ERROR   PHP error: htmlspecialchars(): Passing null to parameter #1 ($string) of type string is deprecated in /var/www/html/laptop-loans/app/Views/people/index.php:25 {"msg":"htmlspecialchars(): Passing null to parameter #1 ($string) of type string is deprecated","file":"/var/www/html/laptop-loans/app/Views/people/index.php","line":25,"severity":8192}
[23-Feb-2026 08:10:51 UTC] PHP Deprecated:  htmlspecialchars(): Passing null to parameter #1 ($string) of type string is deprecated in /var/www/html/laptop-loans/app/Views/people/index.php on line 25
[2026-02-23 08:10:51] ERROR   PHP error: htmlspecialchars(): Passing null to parameter #1 ($string) of type string is deprecated in /var/www/html/laptop-loans/app/Views/people/index.php:26 {"msg":"htmlspecialchars(): Passing null to parameter #1 ($string) of type string is deprecated","file":"/var/www/html/laptop-loans/app/Views/people/index.php","line":26,"severity":8192}
[23-Feb-2026 08:10:51 UTC] PHP Deprecated:  htmlspecialchars(): Passing null to parameter #1 ($string) of type string is deprecated in /var/www/html/laptop-loans/app/Views/people/index.php on line 26
[2026-02-23 08:10:51] ERROR   PHP error: htmlspecialchars(): Passing null to parameter #1 ($string) of type string is deprecated in /var/www/html/laptop-loans/app/Views/people/index.php:23 {"msg":"htmlspecialchars(): Passing null to parameter #1 ($string) of type string is deprecated","file":"/var/www/html/laptop-loans/app/Views/people/index.php","line":23,"severity":8192}
[23-Feb-2026 08:10:51 UTC] PHP Deprecated:  htmlspecialchars(): Passing null to parameter #1 ($string) of type string is deprecated in /var/www/html/laptop-loans/app/Views/people/index.php on line 23
[2026-02-23 08:10:51] ERROR   PHP error: htmlspecialchars(): Passing null to parameter #1 ($string) of type string is deprecated in /var/www/html/laptop-loans/app/Views/people/index.php:24 {"msg":"htmlspecialchars(): Passing null to parameter #1 ($string) of type string is deprecated","file":"/var/www/html/laptop-loans/app/Views/people/index.php","line":24,"severity":8192}
[23-Feb-2026 08:10:51 UTC] PHP Deprecated:  htmlspecialchars(): Passing null to parameter #1 ($string) of type string is deprecated in /var/www/html/laptop-loans/app/Views/people/index.php on line 24
[2026-02-23 08:10:51] ERROR   PHP error: htmlspecialchars(): Passing null to parameter #1 ($string) of type string is deprecated in /var/www/html/laptop-loans/app/Views/people/index.php:25 {"msg":"htmlspecialchars(): Passing null to parameter #1 ($string) of type string is deprecated","file":"/var/www/html/laptop-loans/app/Views/people/index.php","line":25,"severity":8192}
[23-Feb-2026 08:10:51 UTC] PHP Deprecated:  htmlspecialchars(): Passing null to parameter #1 ($string) of type string is deprecated in /var/www/html/laptop-loans/app/Views/people/index.php on line 25
[2026-02-23 08:10:51] ERROR   PHP error: htmlspecialchars(): Passing null to parameter #1 ($string) of type string is deprecated in /var/www/html/laptop-loans/app/Views/people/index.php:26 {"msg":"htmlspecialchars(): Passing null to parameter #1 ($string) of type string is deprecated","file":"/var/www/html/laptop-loans/app/Views/people/index.php","line":26,"severity":8192}
[23-Feb-2026 08:10:51 UTC] PHP Deprecated:  htmlspecialchars(): Passing null to parameter #1 ($string) of type string is deprecated in /var/www/html/laptop-loans/app/Views/people/index.php on line 26
[2026-02-23 08:10:51] ERROR   PHP error: htmlspecialchars(): Passing null to parameter #1 ($string) of type string is deprecated in /var/www/html/laptop-loans/app/Views/people/index.php:23 {"msg":"htmlspecialchars(): Passing null to parameter #1 ($string) of type string is deprecated","file":"/var/www/html/laptop-loans/app/Views/people/index.php","line":23,"severity":8192}
[23-Feb-2026 08:10:51 UTC] PHP Deprecated:  htmlspecialchars(): Passing null to parameter #1 ($string) of type string is deprecated in /var/www/html/laptop-loans/app/Views/people/index.php on line 23
[2026-02-23 08:10:51] ERROR   PHP error: htmlspecialchars(): Passing null to parameter #1 ($string) of type string is deprecated in /var/www/html/laptop-loans/app/Views/people/index.php:24 {"msg":"htmlspecialchars(): Passing null to parameter #1 ($string) of type string is deprecated","file":"/var/www/html/laptop-loans/app/Views/people/index.php","line":24,"severity":8192}
[23-Feb-2026 08:10:51 UTC] PHP Deprecated:  htmlspecialchars(): Passing null to parameter #1 ($string) of type string is deprecated in /var/www/html/laptop-loans/app/Views/people/index.php on line 24
[2026-02-23 08:10:51] ERROR   PHP error: htmlspecialchars(): Passing null to parameter #1 ($string) of type string is deprecated in /var/www/html/laptop-loans/app/Views/people/index.php:25 {"msg":"htmlspecialchars(): Passing null to parameter #1 ($string) of type string is deprecated","file":"/var/www/html/laptop-loans/app/Views/people/index.php","line":25,"severity":8192}
[23-Feb-2026 08:10:51 UTC] PHP Deprecated:  htmlspecialchars(): Passing null to parameter #1 ($string) of type string is deprecated in /var/www/html/laptop-loans/app/Views/people/index.php on line 25
[2026-02-23 08:10:51] ERROR   PHP error: htmlspecialchars(): Passing null to parameter #1 ($string) of type string is deprecated in /var/www/html/laptop-loans/app/Views/people/index.php:26 {"msg":"htmlspecialchars(): Passing null to parameter #1 ($string) of type string is deprecated","file":"/var/www/html/laptop-loans/app/Views/people/index.php","line":26,"severity":8192}
[23-Feb-2026 08:10:51 UTC] PHP Deprecated:  htmlspecialchars(): Passing null to parameter #1 ($string) of type string is deprecated in /var/www/html/laptop-loans/app/Views/people/index.php on line 26
[2026-02-23 08:10:51] ERROR   PHP error: htmlspecialchars(): Passing null to parameter #1 ($string) of type string is deprecated in /var/www/html/laptop-loans/app/Views/people/index.php:23 {"msg":"htmlspecialchars(): Passing null to parameter #1 ($string) of type string is deprecated","file":"/var/www/html/laptop-loans/app/Views/people/index.php","line":23,"severity":8192}
[23-Feb-2026 08:10:51 UTC] PHP Deprecated:  htmlspecialchars(): Passing null to parameter #1 ($string) of type string is deprecated in /var/www/html/laptop-loans/app/Views/people/index.php on line 23
[2026-02-23 08:10:51] ERROR   PHP error: htmlspecialchars(): Passing null to parameter #1 ($string) of type string is deprecated in /var/www/html/laptop-loans/app/Views/people/index.php:24 {"msg":"htmlspecialchars(): Passing null to parameter #1 ($string) of type string is deprecated","file":"/var/www/html/laptop-loans/app/Views/people/index.php","line":24,"severity":8192}
[23-Feb-2026 08:10:51 UTC] PHP Deprecated:  htmlspecialchars(): Passing null to parameter #1 ($string) of type string is deprecated in /var/www/html/laptop-loans/app/Views/people/index.php on line 24
[2026-02-23 08:10:51] ERROR   PHP error: htmlspecialchars(): Passing null to parameter #1 ($string) of type string is deprecated in /var/www/html/laptop-loans/app/Views/people/index.php:25 {"msg":"htmlspecialchars(): Passing null to parameter #1 ($string) of type string is deprecated","file":"/var/www/html/laptop-loans/app/Views/people/index.php","line":25,"severity":8192}
[23-Feb-2026 08:10:51 UTC] PHP Deprecated:  htmlspecialchars(): Passing null to parameter #1 ($string) of type string is deprecated in /var/www/html/laptop-loans/app/Views/people/index.php on line 25
[2026-02-23 08:10:51] ERROR   PHP error: htmlspecialchars(): Passing null to parameter #1 ($string) of type string is deprecated in /var/www/html/laptop-loans/app/Views/people/index.php:26 {"msg":"htmlspecialchars(): Passing null to parameter #1 ($string) of type string is deprecated","file":"/var/www/html/laptop-loans/app/Views/people/index.php","line":26,"severity":8192}
[23-Feb-2026 08:10:51 UTC] PHP Deprecated:  htmlspecialchars(): Passing null to parameter #1 ($string) of type string is deprecated in /var/www/html/laptop-loans/app/Views/people/index.php on line 26
[2026-02-23 08:10:51] ERROR   PHP error: htmlspecialchars(): Passing null to parameter #1 ($string) of type string is deprecated in /var/www/html/laptop-loans/app/Views/people/index.php:23 {"msg":"htmlspecialchars(): Passing null to parameter #1 ($string) of type string is deprecated","file":"/var/www/html/laptop-loans/app/Views/people/index.php","line":23,"severity":8192}
[23-Feb-2026 08:10:51 UTC] PHP Deprecated:  htmlspecialchars(): Passing null to parameter #1 ($string) of type string is deprecated in /var/www/html/laptop-loans/app/Views/people/index.php on line 23
[2026-02-23 08:10:51] ERROR   PHP error: htmlspecialchars(): Passing null to parameter #1 ($string) of type string is deprecated in /var/www/html/laptop-loans/app/Views/people/index.php:24 {"msg":"htmlspecialchars(): Passing null to parameter #1 ($string) of type string is deprecated","file":"/var/www/html/laptop-loans/app/Views/people/index.php","line":24,"severity":8192}
[23-Feb-2026 08:10:51 UTC] PHP Deprecated:  htmlspecialchars(): Passing null to parameter #1 ($string) of type string is deprecated in /var/www/html/laptop-loans/app/Views/people/index.php on line 24
[2026-02-23 08:10:51] ERROR   PHP error: htmlspecialchars(): Passing null to parameter #1 ($string) of type string is deprecated in /var/www/html/laptop-loans/app/Views/people/index.php:25 {"msg":"htmlspecialchars(): Passing null to parameter #1 ($string) of type string is deprecated","file":"/var/www/html/laptop-loans/app/Views/people/index.php","line":25,"severity":8192}
[23-Feb-2026 08:10:51 UTC] PHP Deprecated:  htmlspecialchars(): Passing null to parameter #1 ($string) of type string is deprecated in /var/www/html/laptop-loans/app/Views/people/index.php on line 25
[2026-02-23 08:10:51] ERROR   PHP error: htmlspecialchars(): Passing null to parameter #1 ($string) of type string is deprecated in /var/www/html/laptop-loans/app/Views/people/index.php:26 {"msg":"htmlspecialchars(): Passing null to parameter #1 ($string) of type string is deprecated","file":"/var/www/html/laptop-loans/app/Views/people/index.php","line":26,"severity":8192}
[23-Feb-2026 08:10:51 UTC] PHP Deprecated:  htmlspecialchars(): Passing null to parameter #1 ($string) of type string is deprecated in /var/www/html/laptop-loans/app/Views/people/index.php on line 26
[2026-02-23 08:10:51] ERROR   PHP error: htmlspecialchars(): Passing null to parameter #1 ($string) of type string is deprecated in /var/www/html/laptop-loans/app/Views/people/index.php:23 {"msg":"htmlspecialchars(): Passing null to parameter #1 ($string) of type string is deprecated","file":"/var/www/html/laptop-loans/app/Views/people/index.php","line":23,"severity":8192}
[23-Feb-2026 08:10:51 UTC] PHP Deprecated:  htmlspecialchars(): Passing null to parameter #1 ($string) of type string is deprecated in /var/www/html/laptop-loans/app/Views/people/index.php on line 23
[2026-02-23 08:10:51] ERROR   PHP error: htmlspecialchars(): Passing null to parameter #1 ($string) of type string is deprecated in /var/www/html/laptop-loans/app/Views/people/index.php:24 {"msg":"htmlspecialchars(): Passing null to parameter #1 ($string) of type string is deprecated","file":"/var/www/html/laptop-loans/app/Views/people/index.php","line":24,"severity":8192}
[23-Feb-2026 08:10:51 UTC] PHP Deprecated:  htmlspecialchars(): Passing null to parameter #1 ($string) of type string is deprecated in /var/www/html/laptop-loans/app/Views/people/index.php on line 24
[2026-02-23 08:10:51] ERROR   PHP error: htmlspecialchars(): Passing null to parameter #1 ($string) of type string is deprecated in /var/www/html/laptop-loans/app/Views/people/index.php:25 {"msg":"htmlspecialchars(): Passing null to parameter #1 ($string) of type string is deprecated","file":"/var/www/html/laptop-loans/app/Views/people/index.php","line":25,"severity":8192}
[23-Feb-2026 08:10:51 UTC] PHP Deprecated:  htmlspecialchars(): Passing null to parameter #1 ($string) of type string is deprecated in /var/www/html/laptop-loans/app/Views/people/index.php on line 25
[2026-02-23 08:10:51] ERROR   PHP error: htmlspecialchars(): Passing null to parameter #1 ($string) of type string is deprecated in /var/www/html/laptop-loans/app/Views/people/index.php:26 {"msg":"htmlspecialchars(): Passing null to parameter #1 ($string) of type string is deprecated","file":"/var/www/html/laptop-loans/app/Views/people/index.php","line":26,"severity":8192}
[23-Feb-2026 08:10:51 UTC] PHP Deprecated:  htmlspecialchars(): Passing null to parameter #1 ($string) of type string is deprecated in /var/www/html/laptop-loans/app/Views/people/index.php on line 26
[2026-02-23 08:10:51] ERROR   PHP error: htmlspecialchars(): Passing null to parameter #1 ($string) of type string is deprecated in /var/www/html/laptop-loans/app/Views/people/index.php:23 {"msg":"htmlspecialchars(): Passing null to parameter #1 ($string) of type string is deprecated","file":"/var/www/html/laptop-loans/app/Views/people/index.php","line":23,"severity":8192}
[23-Feb-2026 08:10:51 UTC] PHP Deprecated:  htmlspecialchars(): Passing null to parameter #1 ($string) of type string is deprecated in /var/www/html/laptop-loans/app/Views/people/index.php on line 23
[2026-02-23 08:10:51] ERROR   PHP error: htmlspecialchars(): Passing null to parameter #1 ($string) of type string is deprecated in /var/www/html/laptop-loans/app/Views/people/index.php:24 {"msg":"htmlspecialchars(): Passing null to parameter #1 ($string) of type string is deprecated","file":"/var/www/html/laptop-loans/app/Views/people/index.php","line":24,"severity":8192}
[23-Feb-2026 08:10:51 UTC] PHP Deprecated:  htmlspecialchars(): Passing null to parameter #1 ($string) of type string is deprecated in /var/www/html/laptop-loans/app/Views/people/index.php on line 24
[2026-02-23 08:10:51] ERROR   PHP error: htmlspecialchars(): Passing null to parameter #1 ($string) of type string is deprecated in /var/www/html/laptop-loans/app/Views/people/index.php:25 {"msg":"htmlspecialchars(): Passing null to parameter #1 ($string) of type string is deprecated","file":"/var/www/html/laptop-loans/app/Views/people/index.php","line":25,"severity":8192}
[23-Feb-2026 08:10:51 UTC] PHP Deprecated:  htmlspecialchars(): Passing null to parameter #1 ($string) of type string is deprecated in /var/www/html/laptop-loans/app/Views/people/index.php on line 25
[2026-02-23 08:10:51] ERROR   PHP error: htmlspecialchars(): Passing null to parameter #1 ($string) of type string is deprecated in /var/www/html/laptop-loans/app/Views/people/index.php:26 {"msg":"htmlspecialchars(): Passing null to parameter #1 ($string) of type string is deprecated","file":"/var/www/html/laptop-loans/app/Views/people/index.php","line":26,"severity":8192}
[23-Feb-2026 08:10:51 UTC] PHP Deprecated:  htmlspecialchars(): Passing null to parameter #1 ($string) of type string is deprecated in /var/www/html/laptop-loans/app/Views/people/index.php on line 26
[2026-02-23 08:10:51] ERROR   PHP error: htmlspecialchars(): Passing null to parameter #1 ($string) of type string is deprecated in /var/www/html/laptop-loans/app/Views/people/index.php:24 {"msg":"htmlspecialchars(): Passing null to parameter #1 ($string) of type string is deprecated","file":"/var/www/html/laptop-loans/app/Views/people/index.php","line":24,"severity":8192}
[23-Feb-2026 08:10:51 UTC] PHP Deprecated:  htmlspecialchars(): Passing null to parameter #1 ($string) of type string is deprecated in /var/www/html/laptop-loans/app/Views/people/index.php on line 24
[2026-02-23 08:10:51] ERROR   PHP error: htmlspecialchars(): Passing null to parameter #1 ($string) of type string is deprecated in /var/www/html/laptop-loans/app/Views/people/index.php:25 {"msg":"htmlspecialchars(): Passing null to parameter #1 ($string) of type string is deprecated","file":"/var/www/html/laptop-loans/app/Views/people/index.php","line":25,"severity":8192}
[23-Feb-2026 08:10:51 UTC] PHP Deprecated:  htmlspecialchars(): Passing null to parameter #1 ($string) of type string is deprecated in /var/www/html/laptop-loans/app/Views/people/index.php on line 25
[2026-02-23 08:10:51] ERROR   PHP error: htmlspecialchars(): Passing null to parameter #1 ($string) of type string is deprecated in /var/www/html/laptop-loans/app/Views/people/index.php:26 {"msg":"htmlspecialchars(): Passing null to parameter #1 ($string) of type string is deprecated","file":"/var/www/html/laptop-loans/app/Views/people/index.php","line":26,"severity":8192}
[23-Feb-2026 08:10:51 UTC] PHP Deprecated:  htmlspecialchars(): Passing null to parameter #1 ($string) of type string is deprecated in /var/www/html/laptop-loans/app/Views/people/index.php on line 26
[2026-02-23 08:10:51] ERROR   PHP error: htmlspecialchars(): Passing null to parameter #1 ($string) of type string is deprecated in /var/www/html/laptop-loans/app/Views/people/index.php:23 {"msg":"htmlspecialchars(): Passing null to parameter #1 ($string) of type string is deprecated","file":"/var/www/html/laptop-loans/app/Views/people/index.php","line":23,"severity":8192}
[23-Feb-2026 08:10:51 UTC] PHP Deprecated:  htmlspecialchars(): Passing null to parameter #1 ($string) of type string is deprecated in /var/www/html/laptop-loans/app/Views/people/index.php on line 23
[2026-02-23 08:10:51] ERROR   PHP error: htmlspecialchars(): Passing null to parameter #1 ($string) of type string is deprecated in /var/www/html/laptop-loans/app/Views/people/index.php:24 {"msg":"htmlspecialchars(): Passing null to parameter #1 ($string) of type string is deprecated","file":"/var/www/html/laptop-loans/app/Views/people/index.php","line":24,"severity":8192}
[23-Feb-2026 08:10:51 UTC] PHP Deprecated:  htmlspecialchars(): Passing null to parameter #1 ($string) of type string is deprecated in /var/www/html/laptop-loans/app/Views/people/index.php on line 24
[2026-02-23 08:10:51] ERROR   PHP error: htmlspecialchars(): Passing null to parameter #1 ($string) of type string is deprecated in /var/www/html/laptop-loans/app/Views/people/index.php:25 {"msg":"htmlspecialchars(): Passing null to parameter #1 ($string) of type string is deprecated","file":"/var/www/html/laptop-loans/app/Views/people/index.php","line":25,"severity":8192}
[23-Feb-2026 08:10:51 UTC] PHP Deprecated:  htmlspecialchars(): Passing null to parameter #1 ($string) of type string is deprecated in /var/www/html/laptop-loans/app/Views/people/index.php on line 25
[2026-02-23 08:10:51] ERROR   PHP error: htmlspecialchars(): Passing null to parameter #1 ($string) of type string is deprecated in /var/www/html/laptop-loans/app/Views/people/index.php:26 {"msg":"htmlspecialchars(): Passing null to parameter #1 ($string) of type string is deprecated","file":"/var/www/html/laptop-loans/app/Views/people/index.php","line":26,"severity":8192}
[23-Feb-2026 08:10:51 UTC] PHP Deprecated:  htmlspecialchars(): Passing null to parameter #1 ($string) of type string is deprecated in /var/www/html/laptop-loans/app/Views/people/index.php on line 26
[2026-02-23 08:10:51] ERROR   PHP error: htmlspecialchars(): Passing null to parameter #1 ($string) of type string is deprecated in /var/www/html/laptop-loans/app/Views/people/index.php:23 {"msg":"htmlspecialchars(): Passing null to parameter #1 ($string) of type string is deprecated","file":"/var/www/html/laptop-loans/app/Views/people/index.php","line":23,"severity":8192}
[23-Feb-2026 08:10:51 UTC] PHP Deprecated:  htmlspecialchars(): Passing null to parameter #1 ($string) of type string is deprecated in /var/www/html/laptop-loans/app/Views/people/index.php on line 23
[2026-02-23 08:10:51] ERROR   PHP error: htmlspecialchars(): Passing null to parameter #1 ($string) of type string is deprecated in /var/www/html/laptop-loans/app/Views/people/index.php:24 {"msg":"htmlspecialchars(): Passing null to parameter #1 ($string) of type string is deprecated","file":"/var/www/html/laptop-loans/app/Views/people/index.php","line":24,"severity":8192}
[23-Feb-2026 08:10:51 UTC] PHP Deprecated:  htmlspecialchars(): Passing null to parameter #1 ($string) of type string is deprecated in /var/www/html/laptop-loans/app/Views/people/index.php on line 24
[2026-02-23 08:10:51] ERROR   PHP error: htmlspecialchars(): Passing null to parameter #1 ($string) of type string is deprecated in /var/www/html/laptop-loans/app/Views/people/index.php:25 {"msg":"htmlspecialchars(): Passing null to parameter #1 ($string) of type string is deprecated","file":"/var/www/html/laptop-loans/app/Views/people/index.php","line":25,"severity":8192}
[23-Feb-2026 08:10:51 UTC] PHP Deprecated:  htmlspecialchars(): Passing null to parameter #1 ($string) of type string is deprecated in /var/www/html/laptop-loans/app/Views/people/index.php on line 25
[2026-02-23 08:10:51] ERROR   PHP error: htmlspecialchars(): Passing null to parameter #1 ($string) of type string is deprecated in /var/www/html/laptop-loans/app/Views/people/index.php:26 {"msg":"htmlspecialchars(): Passing null to parameter #1 ($string) of type string is deprecated","file":"/var/www/html/laptop-loans/app/Views/people/index.php","line":26,"severity":8192}
[23-Feb-2026 08:10:51 UTC] PHP Deprecated:  htmlspecialchars(): Passing null to parameter #1 ($string) of type string is deprecated in /var/www/html/laptop-loans/app/Views/people/index.php on line 26
[2026-02-23 08:10:51] ERROR   PHP error: htmlspecialchars(): Passing null to parameter #1 ($string) of type string is deprecated in /var/www/html/laptop-loans/app/Views/people/index.php:23 {"msg":"htmlspecialchars(): Passing null to parameter #1 ($string) of type string is deprecated","file":"/var/www/html/laptop-loans/app/Views/people/index.php","line":23,"severity":8192}
[23-Feb-2026 08:10:51 UTC] PHP Deprecated:  htmlspecialchars(): Passing null to parameter #1 ($string) of type string is deprecated in /var/www/html/laptop-loans/app/Views/people/index.php on line 23
[2026-02-23 08:10:51] ERROR   PHP error: htmlspecialchars(): Passing null to parameter #1 ($string) of type string is deprecated in /var/www/html/laptop-loans/app/Views/people/index.php:24 {"msg":"htmlspecialchars(): Passing null to parameter #1 ($string) of type string is deprecated","file":"/var/www/html/laptop-loans/app/Views/people/index.php","line":24,"severity":8192}
[23-Feb-2026 08:10:51 UTC] PHP Deprecated:  htmlspecialchars(): Passing null to parameter #1 ($string) of type string is deprecated in /var/www/html/laptop-loans/app/Views/people/index.php on line 24
[2026-02-23 08:10:51] ERROR   PHP error: htmlspecialchars(): Passing null to parameter #1 ($string) of type string is deprecated in /var/www/html/laptop-loans/app/Views/people/index.php:25 {"msg":"htmlspecialchars(): Passing null to parameter #1 ($string) of type string is deprecated","file":"/var/www/html/laptop-loans/app/Views/people/index.php","line":25,"severity":8192}
[23-Feb-2026 08:10:51 UTC] PHP Deprecated:  htmlspecialchars(): Passing null to parameter #1 ($string) of type string is deprecated in /var/www/html/laptop-loans/app/Views/people/index.php on line 25
[2026-02-23 08:10:51] ERROR   PHP error: htmlspecialchars(): Passing null to parameter #1 ($string) of type string is deprecated in /var/www/html/laptop-loans/app/Views/people/index.php:26 {"msg":"htmlspecialchars(): Passing null to parameter #1 ($string) of type string is deprecated","file":"/var/www/html/laptop-loans/app/Views/people/index.php","line":26,"severity":8192}
[23-Feb-2026 08:10:51 UTC] PHP Deprecated:  htmlspecialchars(): Passing null to parameter #1 ($string) of type string is deprecated in /var/www/html/laptop-loans/app/Views/people/index.php on line 26
[2026-02-23 08:10:51] ERROR   PHP error: htmlspecialchars(): Passing null to parameter #1 ($string) of type string is deprecated in /var/www/html/laptop-loans/app/Views/people/index.php:23 {"msg":"htmlspecialchars(): Passing null to parameter #1 ($string) of type string is deprecated","file":"/var/www/html/laptop-loans/app/Views/people/index.php","line":23,"severity":8192}
[23-Feb-2026 08:10:51 UTC] PHP Deprecated:  htmlspecialchars(): Passing null to parameter #1 ($string) of type string is deprecated in /var/www/html/laptop-loans/app/Views/people/index.php on line 23
[2026-02-23 08:10:51] ERROR   PHP error: htmlspecialchars(): Passing null to parameter #1 ($string) of type string is deprecated in /var/www/html/laptop-loans/app/Views/people/index.php:24 {"msg":"htmlspecialchars(): Passing null to parameter #1 ($string) of type string is deprecated","file":"/var/www/html/laptop-loans/app/Views/people/index.php","line":24,"severity":8192}
[23-Feb-2026 08:10:51 UTC] PHP Deprecated:  htmlspecialchars(): Passing null to parameter #1 ($string) of type string is deprecated in /var/www/html/laptop-loans/app/Views/people/index.php on line 24
[2026-02-23 08:10:51] ERROR   PHP error: htmlspecialchars(): Passing null to parameter #1 ($string) of type string is deprecated in /var/www/html/laptop-loans/app/Views/people/index.php:25 {"msg":"htmlspecialchars(): Passing null to parameter #1 ($string) of type string is deprecated","file":"/var/www/html/laptop-loans/app/Views/people/index.php","line":25,"severity":8192}
[23-Feb-2026 08:10:51 UTC] PHP Deprecated:  htmlspecialchars(): Passing null to parameter #1 ($string) of type string is deprecated in /var/www/html/laptop-loans/app/Views/people/index.php on line 25
[2026-02-23 08:10:51] ERROR   PHP error: htmlspecialchars(): Passing null to parameter #1 ($string) of type string is deprecated in /var/www/html/laptop-loans/app/Views/people/index.php:26 {"msg":"htmlspecialchars(): Passing null to parameter #1 ($string) of type string is deprecated","file":"/var/www/html/laptop-loans/app/Views/people/index.php","line":26,"severity":8192}
[23-Feb-2026 08:10:51 UTC] PHP Deprecated:  htmlspecialchars(): Passing null to parameter #1 ($string) of type string is deprecated in /var/www/html/laptop-loans/app/Views/people/index.php on line 26
[2026-02-23 08:10:51] ERROR   PHP error: htmlspecialchars(): Passing null to parameter #1 ($string) of type string is deprecated in /var/www/html/laptop-loans/app/Views/people/index.php:23 {"msg":"htmlspecialchars(): Passing null to parameter #1 ($string) of type string is deprecated","file":"/var/www/html/laptop-loans/app/Views/people/index.php","line":23,"severity":8192}
[23-Feb-2026 08:10:51 UTC] PHP Deprecated:  htmlspecialchars(): Passing null to parameter #1 ($string) of type string is deprecated in /var/www/html/laptop-loans/app/Views/people/index.php on line 23
[2026-02-23 08:10:51] ERROR   PHP error: htmlspecialchars(): Passing null to parameter #1 ($string) of type string is deprecated in /var/www/html/laptop-loans/app/Views/people/index.php:24 {"msg":"htmlspecialchars(): Passing null to parameter #1 ($string) of type string is deprecated","file":"/var/www/html/laptop-loans/app/Views/people/index.php","line":24,"severity":8192}
[23-Feb-2026 08:10:51 UTC] PHP Deprecated:  htmlspecialchars(): Passing null to parameter #1 ($string) of type string is deprecated in /var/www/html/laptop-loans/app/Views/people/index.php on line 24
[2026-02-23 08:10:51] ERROR   PHP error: htmlspecialchars(): Passing null to parameter #1 ($string) of type string is deprecated in /var/www/html/laptop-loans/app/Views/people/index.php:25 {"msg":"htmlspecialchars(): Passing null to parameter #1 ($string) of type string is deprecated","file":"/var/www/html/laptop-loans/app/Views/people/index.php","line":25,"severity":8192}
[23-Feb-2026 08:10:51 UTC] PHP Deprecated:  htmlspecialchars(): Passing null to parameter #1 ($string) of type string is deprecated in /var/www/html/laptop-loans/app/Views/people/index.php on line 25
[2026-02-23 08:10:51] ERROR   PHP error: htmlspecialchars(): Passing null to parameter #1 ($string) of type string is deprecated in /var/www/html/laptop-loans/app/Views/people/index.php:26 {"msg":"htmlspecialchars(): Passing null to parameter #1 ($string) of type string is deprecated","file":"/var/www/html/laptop-loans/app/Views/people/index.php","line":26,"severity":8192}
[23-Feb-2026 08:10:51 UTC] PHP Deprecated:  htmlspecialchars(): Passing null to parameter #1 ($string) of type string is deprecated in /var/www/html/laptop-loans/app/Views/people/index.php on line 26
[2026-02-23 08:10:51] ERROR   PHP error: htmlspecialchars(): Passing null to parameter #1 ($string) of type string is deprecated in /var/www/html/laptop-loans/app/Views/people/index.php:23 {"msg":"htmlspecialchars(): Passing null to parameter #1 ($string) of type string is deprecated","file":"/var/www/html/laptop-loans/app/Views/people/index.php","line":23,"severity":8192}
[23-Feb-2026 08:10:51 UTC] PHP Deprecated:  htmlspecialchars(): Passing null to parameter #1 ($string) of type string is deprecated in /var/www/html/laptop-loans/app/Views/people/index.php on line 23
[2026-02-23 08:10:51] ERROR   PHP error: htmlspecialchars(): Passing null to parameter #1 ($string) of type string is deprecated in /var/www/html/laptop-loans/app/Views/people/index.php:24 {"msg":"htmlspecialchars(): Passing null to parameter #1 ($string) of type string is deprecated","file":"/var/www/html/laptop-loans/app/Views/people/index.php","line":24,"severity":8192}
[23-Feb-2026 08:10:51 UTC] PHP Deprecated:  htmlspecialchars(): Passing null to parameter #1 ($string) of type string is deprecated in /var/www/html/laptop-loans/app/Views/people/index.php on line 24
[2026-02-23 08:10:51] ERROR   PHP error: htmlspecialchars(): Passing null to parameter #1 ($string) of type string is deprecated in /var/www/html/laptop-loans/app/Views/people/index.php:25 {"msg":"htmlspecialchars(): Passing null to parameter #1 ($string) of type string is deprecated","file":"/var/www/html/laptop-loans/app/Views/people/index.php","line":25,"severity":8192}
[23-Feb-2026 08:10:51 UTC] PHP Deprecated:  htmlspecialchars(): Passing null to parameter #1 ($string) of type string is deprecated in /var/www/html/laptop-loans/app/Views/people/index.php on line 25
[2026-02-23 08:10:51] ERROR   PHP error: htmlspecialchars(): Passing null to parameter #1 ($string) of type string is deprecated in /var/www/html/laptop-loans/app/Views/people/index.php:26 {"msg":"htmlspecialchars(): Passing null to parameter #1 ($string) of type string is deprecated","file":"/var/www/html/laptop-loans/app/Views/people/index.php","line":26,"severity":8192}
[23-Feb-2026 08:10:51 UTC] PHP Deprecated:  htmlspecialchars(): Passing null to parameter #1 ($string) of type string is deprecated in /var/www/html/laptop-loans/app/Views/people/index.php on line 26
[2026-02-23 08:10:51] ERROR   PHP error: htmlspecialchars(): Passing null to parameter #1 ($string) of type string is deprecated in /var/www/html/laptop-loans/app/Views/people/index.php:23 {"msg":"htmlspecialchars(): Passing null to parameter #1 ($string) of type string is deprecated","file":"/var/www/html/laptop-loans/app/Views/people/index.php","line":23,"severity":8192}
[23-Feb-2026 08:10:51 UTC] PHP Deprecated:  htmlspecialchars(): Passing null to parameter #1 ($string) of type string is deprecated in /var/www/html/laptop-loans/app/Views/people/index.php on line 23
[2026-02-23 08:10:51] ERROR   PHP error: htmlspecialchars(): Passing null to parameter #1 ($string) of type string is deprecated in /var/www/html/laptop-loans/app/Views/people/index.php:24 {"msg":"htmlspecialchars(): Passing null to parameter #1 ($string) of type string is deprecated","file":"/var/www/html/laptop-loans/app/Views/people/index.php","line":24,"severity":8192}
[23-Feb-2026 08:10:51 UTC] PHP Deprecated:  htmlspecialchars(): Passing null to parameter #1 ($string) of type string is deprecated in /var/www/html/laptop-loans/app/Views/people/index.php on line 24
[2026-02-23 08:10:51] ERROR   PHP error: htmlspecialchars(): Passing null to parameter #1 ($string) of type string is deprecated in /var/www/html/laptop-loans/app/Views/people/index.php:25 {"msg":"htmlspecialchars(): Passing null to parameter #1 ($string) of type string is deprecated","file":"/var/www/html/laptop-loans/app/Views/people/index.php","line":25,"severity":8192}
[23-Feb-2026 08:10:51 UTC] PHP Deprecated:  htmlspecialchars(): Passing null to parameter #1 ($string) of type string is deprecated in /var/www/html/laptop-loans/app/Views/people/index.php on line 25
[2026-02-23 08:10:51] ERROR   PHP error: htmlspecialchars(): Passing null to parameter #1 ($string) of type string is deprecated in /var/www/html/laptop-loans/app/Views/people/index.php:26 {"msg":"htmlspecialchars(): Passing null to parameter #1 ($string) of type string is deprecated","file":"/var/www/html/laptop-loans/app/Views/people/index.php","line":26,"severity":8192}
[23-Feb-2026 08:10:51 UTC] PHP Deprecated:  htmlspecialchars(): Passing null to parameter #1 ($string) of type string is deprecated in /var/www/html/laptop-loans/app/Views/people/index.php on line 26
[2026-02-23 08:10:51] ERROR   PHP error: htmlspecialchars(): Passing null to parameter #1 ($string) of type string is deprecated in /var/www/html/laptop-loans/app/Views/people/index.php:23 {"msg":"htmlspecialchars(): Passing null to parameter #1 ($string) of type string is deprecated","file":"/var/www/html/laptop-loans/app/Views/people/index.php","line":23,"severity":8192}
[23-Feb-2026 08:10:51 UTC] PHP Deprecated:  htmlspecialchars(): Passing null to parameter #1 ($string) of type string is deprecated in /var/www/html/laptop-loans/app/Views/people/index.php on line 23
[2026-02-23 08:10:51] ERROR   PHP error: htmlspecialchars(): Passing null to parameter #1 ($string) of type string is deprecated in /var/www/html/laptop-loans/app/Views/people/index.php:24 {"msg":"htmlspecialchars(): Passing null to parameter #1 ($string) of type string is deprecated","file":"/var/www/html/laptop-loans/app/Views/people/index.php","line":24,"severity":8192}
[23-Feb-2026 08:10:51 UTC] PHP Deprecated:  htmlspecialchars(): Passing null to parameter #1 ($string) of type string is deprecated in /var/www/html/laptop-loans/app/Views/people/index.php on line 24
[2026-02-23 08:10:51] ERROR   PHP error: htmlspecialchars(): Passing null to parameter #1 ($string) of type string is deprecated in /var/www/html/laptop-loans/app/Views/people/index.php:25 {"msg":"htmlspecialchars(): Passing null to parameter #1 ($string) of type string is deprecated","file":"/var/www/html/laptop-loans/app/Views/people/index.php","line":25,"severity":8192}
[23-Feb-2026 08:10:51 UTC] PHP Deprecated:  htmlspecialchars(): Passing null to parameter #1 ($string) of type string is deprecated in /var/www/html/laptop-loans/app/Views/people/index.php on line 25
[2026-02-23 08:10:51] ERROR   PHP error: htmlspecialchars(): Passing null to parameter #1 ($string) of type string is deprecated in /var/www/html/laptop-loans/app/Views/people/index.php:26 {"msg":"htmlspecialchars(): Passing null to parameter #1 ($string) of type string is deprecated","file":"/var/www/html/laptop-loans/app/Views/people/index.php","line":26,"severity":8192}
[23-Feb-2026 08:10:51 UTC] PHP Deprecated:  htmlspecialchars(): Passing null to parameter #1 ($string) of type string is deprecated in /var/www/html/laptop-loans/app/Views/people/index.php on line 26
[2026-02-23 08:10:51] ERROR   PHP error: htmlspecialchars(): Passing null to parameter #1 ($string) of type string is deprecated in /var/www/html/laptop-loans/app/Views/people/index.php:23 {"msg":"htmlspecialchars(): Passing null to parameter #1 ($string) of type string is deprecated","file":"/var/www/html/laptop-loans/app/Views/people/index.php","line":23,"severity":8192}
[23-Feb-2026 08:10:51 UTC] PHP Deprecated:  htmlspecialchars(): Passing null to parameter #1 ($string) of type string is deprecated in /var/www/html/laptop-loans/app/Views/people/index.php on line 23
[2026-02-23 08:10:51] ERROR   PHP error: htmlspecialchars(): Passing null to parameter #1 ($string) of type string is deprecated in /var/www/html/laptop-loans/app/Views/people/index.php:24 {"msg":"htmlspecialchars(): Passing null to parameter #1 ($string) of type string is deprecated","file":"/var/www/html/laptop-loans/app/Views/people/index.php","line":24,"severity":8192}
[23-Feb-2026 08:10:51 UTC] PHP Deprecated:  htmlspecialchars(): Passing null to parameter #1 ($string) of type string is deprecated in /var/www/html/laptop-loans/app/Views/people/index.php on line 24
[2026-02-23 08:10:51] ERROR   PHP error: htmlspecialchars(): Passing null to parameter #1 ($string) of type string is deprecated in /var/www/html/laptop-loans/app/Views/people/index.php:25 {"msg":"htmlspecialchars(): Passing null to parameter #1 ($string) of type string is deprecated","file":"/var/www/html/laptop-loans/app/Views/people/index.php","line":25,"severity":8192}
[23-Feb-2026 08:10:51 UTC] PHP Deprecated:  htmlspecialchars(): Passing null to parameter #1 ($string) of type string is deprecated in /var/www/html/laptop-loans/app/Views/people/index.php on line 25
[2026-02-23 08:10:51] ERROR   PHP error: htmlspecialchars(): Passing null to parameter #1 ($string) of type string is deprecated in /var/www/html/laptop-loans/app/Views/people/index.php:26 {"msg":"htmlspecialchars(): Passing null to parameter #1 ($string) of type string is deprecated","file":"/var/www/html/laptop-loans/app/Views/people/index.php","line":26,"severity":8192}
[23-Feb-2026 08:10:51 UTC] PHP Deprecated:  htmlspecialchars(): Passing null to parameter #1 ($string) of type string is deprecated in /var/www/html/laptop-loans/app/Views/people/index.php on line 26
[2026-02-23 08:10:51] ERROR   PHP error: htmlspecialchars(): Passing null to parameter #1 ($string) of type string is deprecated in /var/www/html/laptop-loans/app/Views/people/index.php:23 {"msg":"htmlspecialchars(): Passing null to parameter #1 ($string) of type string is deprecated","file":"/var/www/html/laptop-loans/app/Views/people/index.php","line":23,"severity":8192}
[23-Feb-2026 08:10:51 UTC] PHP Deprecated:  htmlspecialchars(): Passing null to parameter #1 ($string) of type string is deprecated in /var/www/html/laptop-loans/app/Views/people/index.php on line 23
[2026-02-23 08:10:51] ERROR   PHP error: htmlspecialchars(): Passing null to parameter #1 ($string) of type string is deprecated in /var/www/html/laptop-loans/app/Views/people/index.php:24 {"msg":"htmlspecialchars(): Passing null to parameter #1 ($string) of type string is deprecated","file":"/var/www/html/laptop-loans/app/Views/people/index.php","line":24,"severity":8192}
[23-Feb-2026 08:10:51 UTC] PHP Deprecated:  htmlspecialchars(): Passing null to parameter #1 ($string) of type string is deprecated in /var/www/html/laptop-loans/app/Views/people/index.php on line 24
[2026-02-23 08:10:51] ERROR   PHP error: htmlspecialchars(): Passing null to parameter #1 ($string) of type string is deprecated in /var/www/html/laptop-loans/app/Views/people/index.php:25 {"msg":"htmlspecialchars(): Passing null to parameter #1 ($string) of type string is deprecated","file":"/var/www/html/laptop-loans/app/Views/people/index.php","line":25,"severity":8192}
[23-Feb-2026 08:10:51 UTC] PHP Deprecated:  htmlspecialchars(): Passing null to parameter #1 ($string) of type string is deprecated in /var/www/html/laptop-loans/app/Views/people/index.php on line 25
[2026-02-23 08:10:51] ERROR   PHP error: htmlspecialchars(): Passing null to parameter #1 ($string) of type string is deprecated in /var/www/html/laptop-loans/app/Views/people/index.php:26 {"msg":"htmlspecialchars(): Passing null to parameter #1 ($string) of type string is deprecated","file":"/var/www/html/laptop-loans/app/Views/people/index.php","line":26,"severity":8192}
[23-Feb-2026 08:10:51 UTC] PHP Deprecated:  htmlspecialchars(): Passing null to parameter #1 ($string) of type string is deprecated in /var/www/html/laptop-loans/app/Views/people/index.php on line 26
[2026-02-23 08:10:51] ERROR   PHP error: htmlspecialchars(): Passing null to parameter #1 ($string) of type string is deprecated in /var/www/html/laptop-loans/app/Views/people/index.php:23 {"msg":"htmlspecialchars(): Passing null to parameter #1 ($string) of type string is deprecated","file":"/var/www/html/laptop-loans/app/Views/people/index.php","line":23,"severity":8192}
[23-Feb-2026 08:10:51 UTC] PHP Deprecated:  htmlspecialchars(): Passing null to parameter #1 ($string) of type string is deprecated in /var/www/html/laptop-loans/app/Views/people/index.php on line 23
[2026-02-23 08:10:51] ERROR   PHP error: htmlspecialchars(): Passing null to parameter #1 ($string) of type string is deprecated in /var/www/html/laptop-loans/app/Views/people/index.php:24 {"msg":"htmlspecialchars(): Passing null to parameter #1 ($string) of type string is deprecated","file":"/var/www/html/laptop-loans/app/Views/people/index.php","line":24,"severity":8192}
[23-Feb-2026 08:10:51 UTC] PHP Deprecated:  htmlspecialchars(): Passing null to parameter #1 ($string) of type string is deprecated in /var/www/html/laptop-loans/app/Views/people/index.php on line 24
[2026-02-23 08:10:51] ERROR   PHP error: htmlspecialchars(): Passing null to parameter #1 ($string) of type string is deprecated in /var/www/html/laptop-loans/app/Views/people/index.php:25 {"msg":"htmlspecialchars(): Passing null to parameter #1 ($string) of type string is deprecated","file":"/var/www/html/laptop-loans/app/Views/people/index.php","line":25,"severity":8192}
[23-Feb-2026 08:10:51 UTC] PHP Deprecated:  htmlspecialchars(): Passing null to parameter #1 ($string) of type string is deprecated in /var/www/html/laptop-loans/app/Views/people/index.php on line 25
[2026-02-23 08:10:51] ERROR   PHP error: htmlspecialchars(): Passing null to parameter #1 ($string) of type string is deprecated in /var/www/html/laptop-loans/app/Views/people/index.php:26 {"msg":"htmlspecialchars(): Passing null to parameter #1 ($string) of type string is deprecated","file":"/var/www/html/laptop-loans/app/Views/people/index.php","line":26,"severity":8192}
[23-Feb-2026 08:10:51 UTC] PHP Deprecated:  htmlspecialchars(): Passing null to parameter #1 ($string) of type string is deprecated in /var/www/html/laptop-loans/app/Views/people/index.php on line 26
[2026-02-23 08:10:51] ERROR   PHP error: htmlspecialchars(): Passing null to parameter #1 ($string) of type string is deprecated in /var/www/html/laptop-loans/app/Views/people/index.php:23 {"msg":"htmlspecialchars(): Passing null to parameter #1 ($string) of type string is deprecated","file":"/var/www/html/laptop-loans/app/Views/people/index.php","line":23,"severity":8192}
[23-Feb-2026 08:10:51 UTC] PHP Deprecated:  htmlspecialchars(): Passing null to parameter #1 ($string) of type string is deprecated in /var/www/html/laptop-loans/app/Views/people/index.php on line 23
[2026-02-23 08:10:51] ERROR   PHP error: htmlspecialchars(): Passing null to parameter #1 ($string) of type string is deprecated in /var/www/html/laptop-loans/app/Views/people/index.php:24 {"msg":"htmlspecialchars(): Passing null to parameter #1 ($string) of type string is deprecated","file":"/var/www/html/laptop-loans/app/Views/people/index.php","line":24,"severity":8192}
[23-Feb-2026 08:10:51 UTC] PHP Deprecated:  htmlspecialchars(): Passing null to parameter #1 ($string) of type string is deprecated in /var/www/html/laptop-loans/app/Views/people/index.php on line 24
[2026-02-23 08:10:51] ERROR   PHP error: htmlspecialchars(): Passing null to parameter #1 ($string) of type string is deprecated in /var/www/html/laptop-loans/app/Views/people/index.php:25 {"msg":"htmlspecialchars(): Passing null to parameter #1 ($string) of type string is deprecated","file":"/var/www/html/laptop-loans/app/Views/people/index.php","line":25,"severity":8192}
[23-Feb-2026 08:10:51 UTC] PHP Deprecated:  htmlspecialchars(): Passing null to parameter #1 ($string) of type string is deprecated in /var/www/html/laptop-loans/app/Views/people/index.php on line 25
[2026-02-23 08:10:51] ERROR   PHP error: htmlspecialchars(): Passing null to parameter #1 ($string) of type string is deprecated in /var/www/html/laptop-loans/app/Views/people/index.php:26 {"msg":"htmlspecialchars(): Passing null to parameter #1 ($string) of type string is deprecated","file":"/var/www/html/laptop-loans/app/Views/people/index.php","line":26,"severity":8192}
[23-Feb-2026 08:10:51 UTC] PHP Deprecated:  htmlspecialchars(): Passing null to parameter #1 ($string) of type string is deprecated in /var/www/html/laptop-loans/app/Views/people/index.php on line 26
[2026-02-23 08:11:00] INFO    AUDIT visit {"user_id":null,"username":"anon","route":"people/index","ip":"10.52.2.5"}
[2026-02-23 08:11:00] ERROR   PHP error: htmlspecialchars(): Passing null to parameter #1 ($string) of type string is deprecated in /var/www/html/laptop-loans/app/Views/people/index.php:23 {"msg":"htmlspecialchars(): Passing null to parameter #1 ($string) of type string is deprecated","file":"/var/www/html/laptop-loans/app/Views/people/index.php","line":23,"severity":8192}
[23-Feb-2026 08:11:00 UTC] PHP Deprecated:  htmlspecialchars(): Passing null to parameter #1 ($string) of type string is deprecated in /var/www/html/laptop-loans/app/Views/people/index.php on line 23
[2026-02-23 08:11:00] ERROR   PHP error: htmlspecialchars(): Passing null to parameter #1 ($string) of type string is deprecated in /var/www/html/laptop-loans/app/Views/people/index.php:24 {"msg":"htmlspecialchars(): Passing null to parameter #1 ($string) of type string is deprecated","file":"/var/www/html/laptop-loans/app/Views/people/index.php","line":24,"severity":8192}
[23-Feb-2026 08:11:00 UTC] PHP Deprecated:  htmlspecialchars(): Passing null to parameter #1 ($string) of type string is deprecated in /var/www/html/laptop-loans/app/Views/people/index.php on line 24
[2026-02-23 08:11:00] ERROR   PHP error: htmlspecialchars(): Passing null to parameter #1 ($string) of type string is deprecated in /var/www/html/laptop-loans/app/Views/people/index.php:25 {"msg":"htmlspecialchars(): Passing null to parameter #1 ($string) of type string is deprecated","file":"/var/www/html/laptop-loans/app/Views/people/index.php","line":25,"severity":8192}
[23-Feb-2026 08:11:00 UTC] PHP Deprecated:  htmlspecialchars(): Passing null to parameter #1 ($string) of type string is deprecated in /var/www/html/laptop-loans/app/Views/people/index.php on line 25
[2026-02-23 08:11:00] ERROR   PHP error: htmlspecialchars(): Passing null to parameter #1 ($string) of type string is deprecated in /var/www/html/laptop-loans/app/Views/people/index.php:26 {"msg":"htmlspecialchars(): Passing null to parameter #1 ($string) of type string is deprecated","file":"/var/www/html/laptop-loans/app/Views/people/index.php","line":26,"severity":8192}
[23-Feb-2026 08:11:00 UTC] PHP Deprecated:  htmlspecialchars(): Passing null to parameter #1 ($string) of type string is deprecated in /var/www/html/laptop-loans/app/Views/people/index.php on line 26
[2026-02-23 08:11:00] ERROR   PHP error: htmlspecialchars(): Passing null to parameter #1 ($string) of type string is deprecated in /var/www/html/laptop-loans/app/Views/people/index.php:23 {"msg":"htmlspecialchars(): Passing null to parameter #1 ($string) of type string is deprecated","file":"/var/www/html/laptop-loans/app/Views/people/index.php","line":23,"severity":8192}
[23-Feb-2026 08:11:00 UTC] PHP Deprecated:  htmlspecialchars(): Passing null to parameter #1 ($string) of type string is deprecated in /var/www/html/laptop-loans/app/Views/people/index.php on line 23
[2026-02-23 08:11:00] ERROR   PHP error: htmlspecialchars(): Passing null to parameter #1 ($string) of type string is deprecated in /var/www/html/laptop-loans/app/Views/people/index.php:24 {"msg":"htmlspecialchars(): Passing null to parameter #1 ($string) of type string is deprecated","file":"/var/www/html/laptop-loans/app/Views/people/index.php","line":24,"severity":8192}
[23-Feb-2026 08:11:00 UTC] PHP Deprecated:  htmlspecialchars(): Passing null to parameter #1 ($string) of type string is deprecated in /var/www/html/laptop-loans/app/Views/people/index.php on line 24
[2026-02-23 08:11:00] ERROR   PHP error: htmlspecialchars(): Passing null to parameter #1 ($string) of type string is deprecated in /var/www/html/laptop-loans/app/Views/people/index.php:25 {"msg":"htmlspecialchars(): Passing null to parameter #1 ($string) of type string is deprecated","file":"/var/www/html/laptop-loans/app/Views/people/index.php","line":25,"severity":8192}
[23-Feb-2026 08:11:00 UTC] PHP Deprecated:  htmlspecialchars(): Passing null to parameter #1 ($string) of type string is deprecated in /var/www/html/laptop-loans/app/Views/people/index.php on line 25
[2026-02-23 08:11:00] ERROR   PHP error: htmlspecialchars(): Passing null to parameter #1 ($string) of type string is deprecated in /var/www/html/laptop-loans/app/Views/people/index.php:26 {"msg":"htmlspecialchars(): Passing null to parameter #1 ($string) of type string is deprecated","file":"/var/www/html/laptop-loans/app/Views/people/index.php","line":26,"severity":8192}
[23-Feb-2026 08:11:00 UTC] PHP Deprecated:  htmlspecialchars(): Passing null to parameter #1 ($string) of type string is deprecated in /var/www/html/laptop-loans/app/Views/people/index.php on line 26
[2026-02-23 08:11:00] ERROR   PHP error: htmlspecialchars(): Passing null to parameter #1 ($string) of type string is deprecated in /var/www/html/laptop-loans/app/Views/people/index.php:23 {"msg":"htmlspecialchars(): Passing null to parameter #1 ($string) of type string is deprecated","file":"/var/www/html/laptop-loans/app/Views/people/index.php","line":23,"severity":8192}
[23-Feb-2026 08:11:00 UTC] PHP Deprecated:  htmlspecialchars(): Passing null to parameter #1 ($string) of type string is deprecated in /var/www/html/laptop-loans/app/Views/people/index.php on line 23
[2026-02-23 08:11:00] ERROR   PHP error: htmlspecialchars(): Passing null to parameter #1 ($string) of type string is deprecated in /var/www/html/laptop-loans/app/Views/people/index.php:24 {"msg":"htmlspecialchars(): Passing null to parameter #1 ($string) of type string is deprecated","file":"/var/www/html/laptop-loans/app/Views/people/index.php","line":24,"severity":8192}
[23-Feb-2026 08:11:00 UTC] PHP Deprecated:  htmlspecialchars(): Passing null to parameter #1 ($string) of type string is deprecated in /var/www/html/laptop-loans/app/Views/people/index.php on line 24
[2026-02-23 08:11:00] ERROR   PHP error: htmlspecialchars(): Passing null to parameter #1 ($string) of type string is deprecated in /var/www/html/laptop-loans/app/Views/people/index.php:25 {"msg":"htmlspecialchars(): Passing null to parameter #1 ($string) of type string is deprecated","file":"/var/www/html/laptop-loans/app/Views/people/index.php","line":25,"severity":8192}
[23-Feb-2026 08:11:00 UTC] PHP Deprecated:  htmlspecialchars(): Passing null to parameter #1 ($string) of type string is deprecated in /var/www/html/laptop-loans/app/Views/people/index.php on line 25
[2026-02-23 08:11:00] ERROR   PHP error: htmlspecialchars(): Passing null to parameter #1 ($string) of type string is deprecated in /var/www/html/laptop-loans/app/Views/people/index.php:26 {"msg":"htmlspecialchars(): Passing null to parameter #1 ($string) of type string is deprecated","file":"/var/www/html/laptop-loans/app/Views/people/index.php","line":26,"severity":8192}
[23-Feb-2026 08:11:00 UTC] PHP Deprecated:  htmlspecialchars(): Passing null to parameter #1 ($string) of type string is deprecated in /var/www/html/laptop-loans/app/Views/people/index.php on line 26
[2026-02-23 08:11:00] ERROR   PHP error: htmlspecialchars(): Passing null to parameter #1 ($string) of type string is deprecated in /var/www/html/laptop-loans/app/Views/people/index.php:23 {"msg":"htmlspecialchars(): Passing null to parameter #1 ($string) of type string is deprecated","file":"/var/www/html/laptop-loans/app/Views/people/index.php","line":23,"severity":8192}
[23-Feb-2026 08:11:00 UTC] PHP Deprecated:  htmlspecialchars(): Passing null to parameter #1 ($string) of type string is deprecated in /var/www/html/laptop-loans/app/Views/people/index.php on line 23
[2026-02-23 08:11:00] ERROR   PHP error: htmlspecialchars(): Passing null to parameter #1 ($string) of type string is deprecated in /var/www/html/laptop-loans/app/Views/people/index.php:24 {"msg":"htmlspecialchars(): Passing null to parameter #1 ($string) of type string is deprecated","file":"/var/www/html/laptop-loans/app/Views/people/index.php","line":24,"severity":8192}
[23-Feb-2026 08:11:00 UTC] PHP Deprecated:  htmlspecialchars(): Passing null to parameter #1 ($string) of type string is deprecated in /var/www/html/laptop-loans/app/Views/people/index.php on line 24
[2026-02-23 08:11:00] ERROR   PHP error: htmlspecialchars(): Passing null to parameter #1 ($string) of type string is deprecated in /var/www/html/laptop-loans/app/Views/people/index.php:25 {"msg":"htmlspecialchars(): Passing null to parameter #1 ($string) of type string is deprecated","file":"/var/www/html/laptop-loans/app/Views/people/index.php","line":25,"severity":8192}
[23-Feb-2026 08:11:00 UTC] PHP Deprecated:  htmlspecialchars(): Passing null to parameter #1 ($string) of type string is deprecated in /var/www/html/laptop-loans/app/Views/people/index.php on line 25
[2026-02-23 08:11:00] ERROR   PHP error: htmlspecialchars(): Passing null to parameter #1 ($string) of type string is deprecated in /var/www/html/laptop-loans/app/Views/people/index.php:26 {"msg":"htmlspecialchars(): Passing null to parameter #1 ($string) of type string is deprecated","file":"/var/www/html/laptop-loans/app/Views/people/index.php","line":26,"severity":8192}
[23-Feb-2026 08:11:00 UTC] PHP Deprecated:  htmlspecialchars(): Passing null to parameter #1 ($string) of type string is deprecated in /var/www/html/laptop-loans/app/Views/people/index.php on line 26
[2026-02-23 08:11:00] ERROR   PHP error: htmlspecialchars(): Passing null to parameter #1 ($string) of type string is deprecated in /var/www/html/laptop-loans/app/Views/people/index.php:23 {"msg":"htmlspecialchars(): Passing null to parameter #1 ($string) of type string is deprecated","file":"/var/www/html/laptop-loans/app/Views/people/index.php","line":23,"severity":8192}
[23-Feb-2026 08:11:00 UTC] PHP Deprecated:  htmlspecialchars(): Passing null to parameter #1 ($string) of type string is deprecated in /var/www/html/laptop-loans/app/Views/people/index.php on line 23
[2026-02-23 08:11:00] ERROR   PHP error: htmlspecialchars(): Passing null to parameter #1 ($string) of type string is deprecated in /var/www/html/laptop-loans/app/Views/people/index.php:24 {"msg":"htmlspecialchars(): Passing null to parameter #1 ($string) of type string is deprecated","file":"/var/www/html/laptop-loans/app/Views/people/index.php","line":24,"severity":8192}
[23-Feb-2026 08:11:00 UTC] PHP Deprecated:  htmlspecialchars(): Passing null to parameter #1 ($string) of type string is deprecated in /var/www/html/laptop-loans/app/Views/people/index.php on line 24
[2026-02-23 08:11:00] ERROR   PHP error: htmlspecialchars(): Passing null to parameter #1 ($string) of type string is deprecated in /var/www/html/laptop-loans/app/Views/people/index.php:25 {"msg":"htmlspecialchars(): Passing null to parameter #1 ($string) of type string is deprecated","file":"/var/www/html/laptop-loans/app/Views/people/index.php","line":25,"severity":8192}
[23-Feb-2026 08:11:00 UTC] PHP Deprecated:  htmlspecialchars(): Passing null to parameter #1 ($string) of type string is deprecated in /var/www/html/laptop-loans/app/Views/people/index.php on line 25
[2026-02-23 08:11:00] ERROR   PHP error: htmlspecialchars(): Passing null to parameter #1 ($string) of type string is deprecated in /var/www/html/laptop-loans/app/Views/people/index.php:26 {"msg":"htmlspecialchars(): Passing null to parameter #1 ($string) of type string is deprecated","file":"/var/www/html/laptop-loans/app/Views/people/index.php","line":26,"severity":8192}
[23-Feb-2026 08:11:00 UTC] PHP Deprecated:  htmlspecialchars(): Passing null to parameter #1 ($string) of type string is deprecated in /var/www/html/laptop-loans/app/Views/people/index.php on line 26
[2026-02-23 08:11:00] ERROR   PHP error: htmlspecialchars(): Passing null to parameter #1 ($string) of type string is deprecated in /var/www/html/laptop-loans/app/Views/people/index.php:23 {"msg":"htmlspecialchars(): Passing null to parameter #1 ($string) of type string is deprecated","file":"/var/www/html/laptop-loans/app/Views/people/index.php","line":23,"severity":8192}
[23-Feb-2026 08:11:00 UTC] PHP Deprecated:  htmlspecialchars(): Passing null to parameter #1 ($string) of type string is deprecated in /var/www/html/laptop-loans/app/Views/people/index.php on line 23
[2026-02-23 08:11:00] ERROR   PHP error: htmlspecialchars(): Passing null to parameter #1 ($string) of type string is deprecated in /var/www/html/laptop-loans/app/Views/people/index.php:24 {"msg":"htmlspecialchars(): Passing null to parameter #1 ($string) of type string is deprecated","file":"/var/www/html/laptop-loans/app/Views/people/index.php","line":24,"severity":8192}
[23-Feb-2026 08:11:00 UTC] PHP Deprecated:  htmlspecialchars(): Passing null to parameter #1 ($string) of type string is deprecated in /var/www/html/laptop-loans/app/Views/people/index.php on line 24
[2026-02-23 08:11:00] ERROR   PHP error: htmlspecialchars(): Passing null to parameter #1 ($string) of type string is deprecated in /var/www/html/laptop-loans/app/Views/people/index.php:25 {"msg":"htmlspecialchars(): Passing null to parameter #1 ($string) of type string is deprecated","file":"/var/www/html/laptop-loans/app/Views/people/index.php","line":25,"severity":8192}
[23-Feb-2026 08:11:00 UTC] PHP Deprecated:  htmlspecialchars(): Passing null to parameter #1 ($string) of type string is deprecated in /var/www/html/laptop-loans/app/Views/people/index.php on line 25
[2026-02-23 08:11:00] ERROR   PHP error: htmlspecialchars(): Passing null to parameter #1 ($string) of type string is deprecated in /var/www/html/laptop-loans/app/Views/people/index.php:26 {"msg":"htmlspecialchars(): Passing null to parameter #1 ($string) of type string is deprecated","file":"/var/www/html/laptop-loans/app/Views/people/index.php","line":26,"severity":8192}
[23-Feb-2026 08:11:00 UTC] PHP Deprecated:  htmlspecialchars(): Passing null to parameter #1 ($string) of type string is deprecated in /var/www/html/laptop-loans/app/Views/people/index.php on line 26
[2026-02-23 08:11:00] ERROR   PHP error: htmlspecialchars(): Passing null to parameter #1 ($string) of type string is deprecated in /var/www/html/laptop-loans/app/Views/people/index.php:23 {"msg":"htmlspecialchars(): Passing null to parameter #1 ($string) of type string is deprecated","file":"/var/www/html/laptop-loans/app/Views/people/index.php","line":23,"severity":8192}
[23-Feb-2026 08:11:00 UTC] PHP Deprecated:  htmlspecialchars(): Passing null to parameter #1 ($string) of type string is deprecated in /var/www/html/laptop-loans/app/Views/people/index.php on line 23
[2026-02-23 08:11:00] ERROR   PHP error: htmlspecialchars(): Passing null to parameter #1 ($string) of type string is deprecated in /var/www/html/laptop-loans/app/Views/people/index.php:24 {"msg":"htmlspecialchars(): Passing null to parameter #1 ($string) of type string is deprecated","file":"/var/www/html/laptop-loans/app/Views/people/index.php","line":24,"severity":8192}
[23-Feb-2026 08:11:00 UTC] PHP Deprecated:  htmlspecialchars(): Passing null to parameter #1 ($string) of type string is deprecated in /var/www/html/laptop-loans/app/Views/people/index.php on line 24
[2026-02-23 08:11:00] ERROR   PHP error: htmlspecialchars(): Passing null to parameter #1 ($string) of type string is deprecated in /var/www/html/laptop-loans/app/Views/people/index.php:25 {"msg":"htmlspecialchars(): Passing null to parameter #1 ($string) of type string is deprecated","file":"/var/www/html/laptop-loans/app/Views/people/index.php","line":25,"severity":8192}
[23-Feb-2026 08:11:00 UTC] PHP Deprecated:  htmlspecialchars(): Passing null to parameter #1 ($string) of type string is deprecated in /var/www/html/laptop-loans/app/Views/people/index.php on line 25
[2026-02-23 08:11:00] ERROR   PHP error: htmlspecialchars(): Passing null to parameter #1 ($string) of type string is deprecated in /var/www/html/laptop-loans/app/Views/people/index.php:26 {"msg":"htmlspecialchars(): Passing null to parameter #1 ($string) of type string is deprecated","file":"/var/www/html/laptop-loans/app/Views/people/index.php","line":26,"severity":8192}
[23-Feb-2026 08:11:00 UTC] PHP Deprecated:  htmlspecialchars(): Passing null to parameter #1 ($string) of type string is deprecated in /var/www/html/laptop-loans/app/Views/people/index.php on line 26
[2026-02-23 08:11:00] ERROR   PHP error: htmlspecialchars(): Passing null to parameter #1 ($string) of type string is deprecated in /var/www/html/laptop-loans/app/Views/people/index.php:23 {"msg":"htmlspecialchars(): Passing null to parameter #1 ($string) of type string is deprecated","file":"/var/www/html/laptop-loans/app/Views/people/index.php","line":23,"severity":8192}
[23-Feb-2026 08:11:00 UTC] PHP Deprecated:  htmlspecialchars(): Passing null to parameter #1 ($string) of type string is deprecated in /var/www/html/laptop-loans/app/Views/people/index.php on line 23
[2026-02-23 08:11:00] ERROR   PHP error: htmlspecialchars(): Passing null to parameter #1 ($string) of type string is deprecated in /var/www/html/laptop-loans/app/Views/people/index.php:24 {"msg":"htmlspecialchars(): Passing null to parameter #1 ($string) of type string is deprecated","file":"/var/www/html/laptop-loans/app/Views/people/index.php","line":24,"severity":8192}
[23-Feb-2026 08:11:00 UTC] PHP Deprecated:  htmlspecialchars(): Passing null to parameter #1 ($string) of type string is deprecated in /var/www/html/laptop-loans/app/Views/people/index.php on line 24
[2026-02-23 08:11:00] ERROR   PHP error: htmlspecialchars(): Passing null to parameter #1 ($string) of type string is deprecated in /var/www/html/laptop-loans/app/Views/people/index.php:25 {"msg":"htmlspecialchars(): Passing null to parameter #1 ($string) of type string is deprecated","file":"/var/www/html/laptop-loans/app/Views/people/index.php","line":25,"severity":8192}
[23-Feb-2026 08:11:00 UTC] PHP Deprecated:  htmlspecialchars(): Passing null to parameter #1 ($string) of type string is deprecated in /var/www/html/laptop-loans/app/Views/people/index.php on line 25
[2026-02-23 08:11:00] ERROR   PHP error: htmlspecialchars(): Passing null to parameter #1 ($string) of type string is deprecated in /var/www/html/laptop-loans/app/Views/people/index.php:26 {"msg":"htmlspecialchars(): Passing null to parameter #1 ($string) of type string is deprecated","file":"/var/www/html/laptop-loans/app/Views/people/index.php","line":26,"severity":8192}
[23-Feb-2026 08:11:00 UTC] PHP Deprecated:  htmlspecialchars(): Passing null to parameter #1 ($string) of type string is deprecated in /var/www/html/laptop-loans/app/Views/people/index.php on line 26
[2026-02-23 08:11:00] ERROR   PHP error: htmlspecialchars(): Passing null to parameter #1 ($string) of type string is deprecated in /var/www/html/laptop-loans/app/Views/people/index.php:23 {"msg":"htmlspecialchars(): Passing null to parameter #1 ($string) of type string is deprecated","file":"/var/www/html/laptop-loans/app/Views/people/index.php","line":23,"severity":8192}
[23-Feb-2026 08:11:00 UTC] PHP Deprecated:  htmlspecialchars(): Passing null to parameter #1 ($string) of type string is deprecated in /var/www/html/laptop-loans/app/Views/people/index.php on line 23
[2026-02-23 08:11:00] ERROR   PHP error: htmlspecialchars(): Passing null to parameter #1 ($string) of type string is deprecated in /var/www/html/laptop-loans/app/Views/people/index.php:24 {"msg":"htmlspecialchars(): Passing null to parameter #1 ($string) of type string is deprecated","file":"/var/www/html/laptop-loans/app/Views/people/index.php","line":24,"severity":8192}
[23-Feb-2026 08:11:00 UTC] PHP Deprecated:  htmlspecialchars(): Passing null to parameter #1 ($string) of type string is deprecated in /var/www/html/laptop-loans/app/Views/people/index.php on line 24
[2026-02-23 08:11:00] ERROR   PHP error: htmlspecialchars(): Passing null to parameter #1 ($string) of type string is deprecated in /var/www/html/laptop-loans/app/Views/people/index.php:25 {"msg":"htmlspecialchars(): Passing null to parameter #1 ($string) of type string is deprecated","file":"/var/www/html/laptop-loans/app/Views/people/index.php","line":25,"severity":8192}
[23-Feb-2026 08:11:00 UTC] PHP Deprecated:  htmlspecialchars(): Passing null to parameter #1 ($string) of type string is deprecated in /var/www/html/laptop-loans/app/Views/people/index.php on line 25
[2026-02-23 08:11:00] ERROR   PHP error: htmlspecialchars(): Passing null to parameter #1 ($string) of type string is deprecated in /var/www/html/laptop-loans/app/Views/people/index.php:26 {"msg":"htmlspecialchars(): Passing null to parameter #1 ($string) of type string is deprecated","file":"/var/www/html/laptop-loans/app/Views/people/index.php","line":26,"severity":8192}
[23-Feb-2026 08:11:00 UTC] PHP Deprecated:  htmlspecialchars(): Passing null to parameter #1 ($string) of type string is deprecated in /var/www/html/laptop-loans/app/Views/people/index.php on line 26
[2026-02-23 08:11:00] ERROR   PHP error: htmlspecialchars(): Passing null to parameter #1 ($string) of type string is deprecated in /var/www/html/laptop-loans/app/Views/people/index.php:23 {"msg":"htmlspecialchars(): Passing null to parameter #1 ($string) of type string is deprecated","file":"/var/www/html/laptop-loans/app/Views/people/index.php","line":23,"severity":8192}
[23-Feb-2026 08:11:00 UTC] PHP Deprecated:  htmlspecialchars(): Passing null to parameter #1 ($string) of type string is deprecated in /var/www/html/laptop-loans/app/Views/people/index.php on line 23
[2026-02-23 08:11:00] ERROR   PHP error: htmlspecialchars(): Passing null to parameter #1 ($string) of type string is deprecated in /var/www/html/laptop-loans/app/Views/people/index.php:24 {"msg":"htmlspecialchars(): Passing null to parameter #1 ($string) of type string is deprecated","file":"/var/www/html/laptop-loans/app/Views/people/index.php","line":24,"severity":8192}
[23-Feb-2026 08:11:00 UTC] PHP Deprecated:  htmlspecialchars(): Passing null to parameter #1 ($string) of type string is deprecated in /var/www/html/laptop-loans/app/Views/people/index.php on line 24
[2026-02-23 08:11:00] ERROR   PHP error: htmlspecialchars(): Passing null to parameter #1 ($string) of type string is deprecated in /var/www/html/laptop-loans/app/Views/people/index.php:25 {"msg":"htmlspecialchars(): Passing null to parameter #1 ($string) of type string is deprecated","file":"/var/www/html/laptop-loans/app/Views/people/index.php","line":25,"severity":8192}
[23-Feb-2026 08:11:00 UTC] PHP Deprecated:  htmlspecialchars(): Passing null to parameter #1 ($string) of type string is deprecated in /var/www/html/laptop-loans/app/Views/people/index.php on line 25
[2026-02-23 08:11:00] ERROR   PHP error: htmlspecialchars(): Passing null to parameter #1 ($string) of type string is deprecated in /var/www/html/laptop-loans/app/Views/people/index.php:26 {"msg":"htmlspecialchars(): Passing null to parameter #1 ($string) of type string is deprecated","file":"/var/www/html/laptop-loans/app/Views/people/index.php","line":26,"severity":8192}
[23-Feb-2026 08:11:00 UTC] PHP Deprecated:  htmlspecialchars(): Passing null to parameter #1 ($string) of type string is deprecated in /var/www/html/laptop-loans/app/Views/people/index.php on line 26
[2026-02-23 08:11:00] ERROR   PHP error: htmlspecialchars(): Passing null to parameter #1 ($string) of type string is deprecated in /var/www/html/laptop-loans/app/Views/people/index.php:23 {"msg":"htmlspecialchars(): Passing null to parameter #1 ($string) of type string is deprecated","file":"/var/www/html/laptop-loans/app/Views/people/index.php","line":23,"severity":8192}
[23-Feb-2026 08:11:00 UTC] PHP Deprecated:  htmlspecialchars(): Passing null to parameter #1 ($string) of type string is deprecated in /var/www/html/laptop-loans/app/Views/people/index.php on line 23
[2026-02-23 08:11:00] ERROR   PHP error: htmlspecialchars(): Passing null to parameter #1 ($string) of type string is deprecated in /var/www/html/laptop-loans/app/Views/people/index.php:24 {"msg":"htmlspecialchars(): Passing null to parameter #1 ($string) of type string is deprecated","file":"/var/www/html/laptop-loans/app/Views/people/index.php","line":24,"severity":8192}
[23-Feb-2026 08:11:00 UTC] PHP Deprecated:  htmlspecialchars(): Passing null to parameter #1 ($string) of type string is deprecated in /var/www/html/laptop-loans/app/Views/people/index.php on line 24
[2026-02-23 08:11:00] ERROR   PHP error: htmlspecialchars(): Passing null to parameter #1 ($string) of type string is deprecated in /var/www/html/laptop-loans/app/Views/people/index.php:25 {"msg":"htmlspecialchars(): Passing null to parameter #1 ($string) of type string is deprecated","file":"/var/www/html/laptop-loans/app/Views/people/index.php","line":25,"severity":8192}
[23-Feb-2026 08:11:00 UTC] PHP Deprecated:  htmlspecialchars(): Passing null to parameter #1 ($string) of type string is deprecated in /var/www/html/laptop-loans/app/Views/people/index.php on line 25
[2026-02-23 08:11:00] ERROR   PHP error: htmlspecialchars(): Passing null to parameter #1 ($string) of type string is deprecated in /var/www/html/laptop-loans/app/Views/people/index.php:26 {"msg":"htmlspecialchars(): Passing null to parameter #1 ($string) of type string is deprecated","file":"/var/www/html/laptop-loans/app/Views/people/index.php","line":26,"severity":8192}
[23-Feb-2026 08:11:00 UTC] PHP Deprecated:  htmlspecialchars(): Passing null to parameter #1 ($string) of type string is deprecated in /var/www/html/laptop-loans/app/Views/people/index.php on line 26
[2026-02-23 08:11:00] ERROR   PHP error: htmlspecialchars(): Passing null to parameter #1 ($string) of type string is deprecated in /var/www/html/laptop-loans/app/Views/people/index.php:23 {"msg":"htmlspecialchars(): Passing null to parameter #1 ($string) of type string is deprecated","file":"/var/www/html/laptop-loans/app/Views/people/index.php","line":23,"severity":8192}
[23-Feb-2026 08:11:00 UTC] PHP Deprecated:  htmlspecialchars(): Passing null to parameter #1 ($string) of type string is deprecated in /var/www/html/laptop-loans/app/Views/people/index.php on line 23
[2026-02-23 08:11:00] ERROR   PHP error: htmlspecialchars(): Passing null to parameter #1 ($string) of type string is deprecated in /var/www/html/laptop-loans/app/Views/people/index.php:24 {"msg":"htmlspecialchars(): Passing null to parameter #1 ($string) of type string is deprecated","file":"/var/www/html/laptop-loans/app/Views/people/index.php","line":24,"severity":8192}
[23-Feb-2026 08:11:00 UTC] PHP Deprecated:  htmlspecialchars(): Passing null to parameter #1 ($string) of type string is deprecated in /var/www/html/laptop-loans/app/Views/people/index.php on line 24
[2026-02-23 08:11:00] ERROR   PHP error: htmlspecialchars(): Passing null to parameter #1 ($string) of type string is deprecated in /var/www/html/laptop-loans/app/Views/people/index.php:25 {"msg":"htmlspecialchars(): Passing null to parameter #1 ($string) of type string is deprecated","file":"/var/www/html/laptop-loans/app/Views/people/index.php","line":25,"severity":8192}
[23-Feb-2026 08:11:00 UTC] PHP Deprecated:  htmlspecialchars(): Passing null to parameter #1 ($string) of type string is deprecated in /var/www/html/laptop-loans/app/Views/people/index.php on line 25
[2026-02-23 08:11:00] ERROR   PHP error: htmlspecialchars(): Passing null to parameter #1 ($string) of type string is deprecated in /var/www/html/laptop-loans/app/Views/people/index.php:26 {"msg":"htmlspecialchars(): Passing null to parameter #1 ($string) of type string is deprecated","file":"/var/www/html/laptop-loans/app/Views/people/index.php","line":26,"severity":8192}
[23-Feb-2026 08:11:00 UTC] PHP Deprecated:  htmlspecialchars(): Passing null to parameter #1 ($string) of type string is deprecated in /var/www/html/laptop-loans/app/Views/people/index.php on line 26
[2026-02-23 08:11:00] ERROR   PHP error: htmlspecialchars(): Passing null to parameter #1 ($string) of type string is deprecated in /var/www/html/laptop-loans/app/Views/people/index.php:23 {"msg":"htmlspecialchars(): Passing null to parameter #1 ($string) of type string is deprecated","file":"/var/www/html/laptop-loans/app/Views/people/index.php","line":23,"severity":8192}
[23-Feb-2026 08:11:00 UTC] PHP Deprecated:  htmlspecialchars(): Passing null to parameter #1 ($string) of type string is deprecated in /var/www/html/laptop-loans/app/Views/people/index.php on line 23
[2026-02-23 08:11:00] ERROR   PHP error: htmlspecialchars(): Passing null to parameter #1 ($string) of type string is deprecated in /var/www/html/laptop-loans/app/Views/people/index.php:24 {"msg":"htmlspecialchars(): Passing null to parameter #1 ($string) of type string is deprecated","file":"/var/www/html/laptop-loans/app/Views/people/index.php","line":24,"severity":8192}
[23-Feb-2026 08:11:00 UTC] PHP Deprecated:  htmlspecialchars(): Passing null to parameter #1 ($string) of type string is deprecated in /var/www/html/laptop-loans/app/Views/people/index.php on line 24
[2026-02-23 08:11:00] ERROR   PHP error: htmlspecialchars(): Passing null to parameter #1 ($string) of type string is deprecated in /var/www/html/laptop-loans/app/Views/people/index.php:25 {"msg":"htmlspecialchars(): Passing null to parameter #1 ($string) of type string is deprecated","file":"/var/www/html/laptop-loans/app/Views/people/index.php","line":25,"severity":8192}
[23-Feb-2026 08:11:00 UTC] PHP Deprecated:  htmlspecialchars(): Passing null to parameter #1 ($string) of type string is deprecated in /var/www/html/laptop-loans/app/Views/people/index.php on line 25
[2026-02-23 08:11:00] ERROR   PHP error: htmlspecialchars(): Passing null to parameter #1 ($string) of type string is deprecated in /var/www/html/laptop-loans/app/Views/people/index.php:26 {"msg":"htmlspecialchars(): Passing null to parameter #1 ($string) of type string is deprecated","file":"/var/www/html/laptop-loans/app/Views/people/index.php","line":26,"severity":8192}
[23-Feb-2026 08:11:00 UTC] PHP Deprecated:  htmlspecialchars(): Passing null to parameter #1 ($string) of type string is deprecated in /var/www/html/laptop-loans/app/Views/people/index.php on line 26
[2026-02-23 08:11:00] ERROR   PHP error: htmlspecialchars(): Passing null to parameter #1 ($string) of type string is deprecated in /var/www/html/laptop-loans/app/Views/people/index.php:23 {"msg":"htmlspecialchars(): Passing null to parameter #1 ($string) of type string is deprecated","file":"/var/www/html/laptop-loans/app/Views/people/index.php","line":23,"severity":8192}
[23-Feb-2026 08:11:00 UTC] PHP Deprecated:  htmlspecialchars(): Passing null to parameter #1 ($string) of type string is deprecated in /var/www/html/laptop-loans/app/Views/people/index.php on line 23
[2026-02-23 08:11:00] ERROR   PHP error: htmlspecialchars(): Passing null to parameter #1 ($string) of type string is deprecated in /var/www/html/laptop-loans/app/Views/people/index.php:24 {"msg":"htmlspecialchars(): Passing null to parameter #1 ($string) of type string is deprecated","file":"/var/www/html/laptop-loans/app/Views/people/index.php","line":24,"severity":8192}
[23-Feb-2026 08:11:00 UTC] PHP Deprecated:  htmlspecialchars(): Passing null to parameter #1 ($string) of type string is deprecated in /var/www/html/laptop-loans/app/Views/people/index.php on line 24
[2026-02-23 08:11:00] ERROR   PHP error: htmlspecialchars(): Passing null to parameter #1 ($string) of type string is deprecated in /var/www/html/laptop-loans/app/Views/people/index.php:25 {"msg":"htmlspecialchars(): Passing null to parameter #1 ($string) of type string is deprecated","file":"/var/www/html/laptop-loans/app/Views/people/index.php","line":25,"severity":8192}
[23-Feb-2026 08:11:00 UTC] PHP Deprecated:  htmlspecialchars(): Passing null to parameter #1 ($string) of type string is deprecated in /var/www/html/laptop-loans/app/Views/people/index.php on line 25
[2026-02-23 08:11:00] ERROR   PHP error: htmlspecialchars(): Passing null to parameter #1 ($string) of type string is deprecated in /var/www/html/laptop-loans/app/Views/people/index.php:26 {"msg":"htmlspecialchars(): Passing null to parameter #1 ($string) of type string is deprecated","file":"/var/www/html/laptop-loans/app/Views/people/index.php","line":26,"severity":8192}
[23-Feb-2026 08:11:00 UTC] PHP Deprecated:  htmlspecialchars(): Passing null to parameter #1 ($string) of type string is deprecated in /var/www/html/laptop-loans/app/Views/people/index.php on line 26
[2026-02-23 08:11:00] ERROR   PHP error: htmlspecialchars(): Passing null to parameter #1 ($string) of type string is deprecated in /var/www/html/laptop-loans/app/Views/people/index.php:23 {"msg":"htmlspecialchars(): Passing null to parameter #1 ($string) of type string is deprecated","file":"/var/www/html/laptop-loans/app/Views/people/index.php","line":23,"severity":8192}
[23-Feb-2026 08:11:00 UTC] PHP Deprecated:  htmlspecialchars(): Passing null to parameter #1 ($string) of type string is deprecated in /var/www/html/laptop-loans/app/Views/people/index.php on line 23
[2026-02-23 08:11:00] ERROR   PHP error: htmlspecialchars(): Passing null to parameter #1 ($string) of type string is deprecated in /var/www/html/laptop-loans/app/Views/people/index.php:24 {"msg":"htmlspecialchars(): Passing null to parameter #1 ($string) of type string is deprecated","file":"/var/www/html/laptop-loans/app/Views/people/index.php","line":24,"severity":8192}
[23-Feb-2026 08:11:00 UTC] PHP Deprecated:  htmlspecialchars(): Passing null to parameter #1 ($string) of type string is deprecated in /var/www/html/laptop-loans/app/Views/people/index.php on line 24
[2026-02-23 08:11:00] ERROR   PHP error: htmlspecialchars(): Passing null to parameter #1 ($string) of type string is deprecated in /var/www/html/laptop-loans/app/Views/people/index.php:25 {"msg":"htmlspecialchars(): Passing null to parameter #1 ($string) of type string is deprecated","file":"/var/www/html/laptop-loans/app/Views/people/index.php","line":25,"severity":8192}
[23-Feb-2026 08:11:00 UTC] PHP Deprecated:  htmlspecialchars(): Passing null to parameter #1 ($string) of type string is deprecated in /var/www/html/laptop-loans/app/Views/people/index.php on line 25
[2026-02-23 08:11:00] ERROR   PHP error: htmlspecialchars(): Passing null to parameter #1 ($string) of type string is deprecated in /var/www/html/laptop-loans/app/Views/people/index.php:26 {"msg":"htmlspecialchars(): Passing null to parameter #1 ($string) of type string is deprecated","file":"/var/www/html/laptop-loans/app/Views/people/index.php","line":26,"severity":8192}
[23-Feb-2026 08:11:00 UTC] PHP Deprecated:  htmlspecialchars(): Passing null to parameter #1 ($string) of type string is deprecated in /var/www/html/laptop-loans/app/Views/people/index.php on line 26
[2026-02-23 08:11:00] ERROR   PHP error: htmlspecialchars(): Passing null to parameter #1 ($string) of type string is deprecated in /var/www/html/laptop-loans/app/Views/people/index.php:23 {"msg":"htmlspecialchars(): Passing null to parameter #1 ($string) of type string is deprecated","file":"/var/www/html/laptop-loans/app/Views/people/index.php","line":23,"severity":8192}
[23-Feb-2026 08:11:00 UTC] PHP Deprecated:  htmlspecialchars(): Passing null to parameter #1 ($string) of type string is deprecated in /var/www/html/laptop-loans/app/Views/people/index.php on line 23
[2026-02-23 08:11:00] ERROR   PHP error: htmlspecialchars(): Passing null to parameter #1 ($string) of type string is deprecated in /var/www/html/laptop-loans/app/Views/people/index.php:24 {"msg":"htmlspecialchars(): Passing null to parameter #1 ($string) of type string is deprecated","file":"/var/www/html/laptop-loans/app/Views/people/index.php","line":24,"severity":8192}
[23-Feb-2026 08:11:00 UTC] PHP Deprecated:  htmlspecialchars(): Passing null to parameter #1 ($string) of type string is deprecated in /var/www/html/laptop-loans/app/Views/people/index.php on line 24
[2026-02-23 08:11:00] ERROR   PHP error: htmlspecialchars(): Passing null to parameter #1 ($string) of type string is deprecated in /var/www/html/laptop-loans/app/Views/people/index.php:25 {"msg":"htmlspecialchars(): Passing null to parameter #1 ($string) of type string is deprecated","file":"/var/www/html/laptop-loans/app/Views/people/index.php","line":25,"severity":8192}
[23-Feb-2026 08:11:00 UTC] PHP Deprecated:  htmlspecialchars(): Passing null to parameter #1 ($string) of type string is deprecated in /var/www/html/laptop-loans/app/Views/people/index.php on line 25
[2026-02-23 08:11:00] ERROR   PHP error: htmlspecialchars(): Passing null to parameter #1 ($string) of type string is deprecated in /var/www/html/laptop-loans/app/Views/people/index.php:26 {"msg":"htmlspecialchars(): Passing null to parameter #1 ($string) of type string is deprecated","file":"/var/www/html/laptop-loans/app/Views/people/index.php","line":26,"severity":8192}
[23-Feb-2026 08:11:00 UTC] PHP Deprecated:  htmlspecialchars(): Passing null to parameter #1 ($string) of type string is deprecated in /var/www/html/laptop-loans/app/Views/people/index.php on line 26
[2026-02-23 08:11:00] ERROR   PHP error: htmlspecialchars(): Passing null to parameter #1 ($string) of type string is deprecated in /var/www/html/laptop-loans/app/Views/people/index.php:23 {"msg":"htmlspecialchars(): Passing null to parameter #1 ($string) of type string is deprecated","file":"/var/www/html/laptop-loans/app/Views/people/index.php","line":23,"severity":8192}
[23-Feb-2026 08:11:00 UTC] PHP Deprecated:  htmlspecialchars(): Passing null to parameter #1 ($string) of type string is deprecated in /var/www/html/laptop-loans/app/Views/people/index.php on line 23
[2026-02-23 08:11:00] ERROR   PHP error: htmlspecialchars(): Passing null to parameter #1 ($string) of type string is deprecated in /var/www/html/laptop-loans/app/Views/people/index.php:24 {"msg":"htmlspecialchars(): Passing null to parameter #1 ($string) of type string is deprecated","file":"/var/www/html/laptop-loans/app/Views/people/index.php","line":24,"severity":8192}
[23-Feb-2026 08:11:00 UTC] PHP Deprecated:  htmlspecialchars(): Passing null to parameter #1 ($string) of type string is deprecated in /var/www/html/laptop-loans/app/Views/people/index.php on line 24
[2026-02-23 08:11:00] ERROR   PHP error: htmlspecialchars(): Passing null to parameter #1 ($string) of type string is deprecated in /var/www/html/laptop-loans/app/Views/people/index.php:25 {"msg":"htmlspecialchars(): Passing null to parameter #1 ($string) of type string is deprecated","file":"/var/www/html/laptop-loans/app/Views/people/index.php","line":25,"severity":8192}
[23-Feb-2026 08:11:00 UTC] PHP Deprecated:  htmlspecialchars(): Passing null to parameter #1 ($string) of type string is deprecated in /var/www/html/laptop-loans/app/Views/people/index.php on line 25
[2026-02-23 08:11:00] ERROR   PHP error: htmlspecialchars(): Passing null to parameter #1 ($string) of type string is deprecated in /var/www/html/laptop-loans/app/Views/people/index.php:26 {"msg":"htmlspecialchars(): Passing null to parameter #1 ($string) of type string is deprecated","file":"/var/www/html/laptop-loans/app/Views/people/index.php","line":26,"severity":8192}
[23-Feb-2026 08:11:00 UTC] PHP Deprecated:  htmlspecialchars(): Passing null to parameter #1 ($string) of type string is deprecated in /var/www/html/laptop-loans/app/Views/people/index.php on line 26
[2026-02-23 08:11:00] ERROR   PHP error: htmlspecialchars(): Passing null to parameter #1 ($string) of type string is deprecated in /var/www/html/laptop-loans/app/Views/people/index.php:23 {"msg":"htmlspecialchars(): Passing null to parameter #1 ($string) of type string is deprecated","file":"/var/www/html/laptop-loans/app/Views/people/index.php","line":23,"severity":8192}
[23-Feb-2026 08:11:00 UTC] PHP Deprecated:  htmlspecialchars(): Passing null to parameter #1 ($string) of type string is deprecated in /var/www/html/laptop-loans/app/Views/people/index.php on line 23
[2026-02-23 08:11:00] ERROR   PHP error: htmlspecialchars(): Passing null to parameter #1 ($string) of type string is deprecated in /var/www/html/laptop-loans/app/Views/people/index.php:24 {"msg":"htmlspecialchars(): Passing null to parameter #1 ($string) of type string is deprecated","file":"/var/www/html/laptop-loans/app/Views/people/index.php","line":24,"severity":8192}
[23-Feb-2026 08:11:00 UTC] PHP Deprecated:  htmlspecialchars(): Passing null to parameter #1 ($string) of type string is deprecated in /var/www/html/laptop-loans/app/Views/people/index.php on line 24
[2026-02-23 08:11:00] ERROR   PHP error: htmlspecialchars(): Passing null to parameter #1 ($string) of type string is deprecated in /var/www/html/laptop-loans/app/Views/people/index.php:25 {"msg":"htmlspecialchars(): Passing null to parameter #1 ($string) of type string is deprecated","file":"/var/www/html/laptop-loans/app/Views/people/index.php","line":25,"severity":8192}
[23-Feb-2026 08:11:00 UTC] PHP Deprecated:  htmlspecialchars(): Passing null to parameter #1 ($string) of type string is deprecated in /var/www/html/laptop-loans/app/Views/people/index.php on line 25
[2026-02-23 08:11:00] ERROR   PHP error: htmlspecialchars(): Passing null to parameter #1 ($string) of type string is deprecated in /var/www/html/laptop-loans/app/Views/people/index.php:26 {"msg":"htmlspecialchars(): Passing null to parameter #1 ($string) of type string is deprecated","file":"/var/www/html/laptop-loans/app/Views/people/index.php","line":26,"severity":8192}
[23-Feb-2026 08:11:00 UTC] PHP Deprecated:  htmlspecialchars(): Passing null to parameter #1 ($string) of type string is deprecated in /var/www/html/laptop-loans/app/Views/people/index.php on line 26
[2026-02-23 08:11:00] ERROR   PHP error: htmlspecialchars(): Passing null to parameter #1 ($string) of type string is deprecated in /var/www/html/laptop-loans/app/Views/people/index.php:23 {"msg":"htmlspecialchars(): Passing null to parameter #1 ($string) of type string is deprecated","file":"/var/www/html/laptop-loans/app/Views/people/index.php","line":23,"severity":8192}
[23-Feb-2026 08:11:00 UTC] PHP Deprecated:  htmlspecialchars(): Passing null to parameter #1 ($string) of type string is deprecated in /var/www/html/laptop-loans/app/Views/people/index.php on line 23
[2026-02-23 08:11:00] ERROR   PHP error: htmlspecialchars(): Passing null to parameter #1 ($string) of type string is deprecated in /var/www/html/laptop-loans/app/Views/people/index.php:24 {"msg":"htmlspecialchars(): Passing null to parameter #1 ($string) of type string is deprecated","file":"/var/www/html/laptop-loans/app/Views/people/index.php","line":24,"severity":8192}
[23-Feb-2026 08:11:00 UTC] PHP Deprecated:  htmlspecialchars(): Passing null to parameter #1 ($string) of type string is deprecated in /var/www/html/laptop-loans/app/Views/people/index.php on line 24
[2026-02-23 08:11:00] ERROR   PHP error: htmlspecialchars(): Passing null to parameter #1 ($string) of type string is deprecated in /var/www/html/laptop-loans/app/Views/people/index.php:25 {"msg":"htmlspecialchars(): Passing null to parameter #1 ($string) of type string is deprecated","file":"/var/www/html/laptop-loans/app/Views/people/index.php","line":25,"severity":8192}
[23-Feb-2026 08:11:00 UTC] PHP Deprecated:  htmlspecialchars(): Passing null to parameter #1 ($string) of type string is deprecated in /var/www/html/laptop-loans/app/Views/people/index.php on line 25
[2026-02-23 08:11:00] ERROR   PHP error: htmlspecialchars(): Passing null to parameter #1 ($string) of type string is deprecated in /var/www/html/laptop-loans/app/Views/people/index.php:26 {"msg":"htmlspecialchars(): Passing null to parameter #1 ($string) of type string is deprecated","file":"/var/www/html/laptop-loans/app/Views/people/index.php","line":26,"severity":8192}
[23-Feb-2026 08:11:00 UTC] PHP Deprecated:  htmlspecialchars(): Passing null to parameter #1 ($string) of type string is deprecated in /var/www/html/laptop-loans/app/Views/people/index.php on line 26
[2026-02-23 08:11:00] ERROR   PHP error: htmlspecialchars(): Passing null to parameter #1 ($string) of type string is deprecated in /var/www/html/laptop-loans/app/Views/people/index.php:23 {"msg":"htmlspecialchars(): Passing null to parameter #1 ($string) of type string is deprecated","file":"/var/www/html/laptop-loans/app/Views/people/index.php","line":23,"severity":8192}
[23-Feb-2026 08:11:00 UTC] PHP Deprecated:  htmlspecialchars(): Passing null to parameter #1 ($string) of type string is deprecated in /var/www/html/laptop-loans/app/Views/people/index.php on line 23
[2026-02-23 08:11:00] ERROR   PHP error: htmlspecialchars(): Passing null to parameter #1 ($string) of type string is deprecated in /var/www/html/laptop-loans/app/Views/people/index.php:24 {"msg":"htmlspecialchars(): Passing null to parameter #1 ($string) of type string is deprecated","file":"/var/www/html/laptop-loans/app/Views/people/index.php","line":24,"severity":8192}
[23-Feb-2026 08:11:00 UTC] PHP Deprecated:  htmlspecialchars(): Passing null to parameter #1 ($string) of type string is deprecated in /var/www/html/laptop-loans/app/Views/people/index.php on line 24
[2026-02-23 08:11:00] ERROR   PHP error: htmlspecialchars(): Passing null to parameter #1 ($string) of type string is deprecated in /var/www/html/laptop-loans/app/Views/people/index.php:25 {"msg":"htmlspecialchars(): Passing null to parameter #1 ($string) of type string is deprecated","file":"/var/www/html/laptop-loans/app/Views/people/index.php","line":25,"severity":8192}
[23-Feb-2026 08:11:00 UTC] PHP Deprecated:  htmlspecialchars(): Passing null to parameter #1 ($string) of type string is deprecated in /var/www/html/laptop-loans/app/Views/people/index.php on line 25
[2026-02-23 08:11:00] ERROR   PHP error: htmlspecialchars(): Passing null to parameter #1 ($string) of type string is deprecated in /var/www/html/laptop-loans/app/Views/people/index.php:26 {"msg":"htmlspecialchars(): Passing null to parameter #1 ($string) of type string is deprecated","file":"/var/www/html/laptop-loans/app/Views/people/index.php","line":26,"severity":8192}
[23-Feb-2026 08:11:00 UTC] PHP Deprecated:  htmlspecialchars(): Passing null to parameter #1 ($string) of type string is deprecated in /var/www/html/laptop-loans/app/Views/people/index.php on line 26
[2026-02-23 08:11:00] ERROR   PHP error: htmlspecialchars(): Passing null to parameter #1 ($string) of type string is deprecated in /var/www/html/laptop-loans/app/Views/people/index.php:23 {"msg":"htmlspecialchars(): Passing null to parameter #1 ($string) of type string is deprecated","file":"/var/www/html/laptop-loans/app/Views/people/index.php","line":23,"severity":8192}
[23-Feb-2026 08:11:00 UTC] PHP Deprecated:  htmlspecialchars(): Passing null to parameter #1 ($string) of type string is deprecated in /var/www/html/laptop-loans/app/Views/people/index.php on line 23
[2026-02-23 08:11:00] ERROR   PHP error: htmlspecialchars(): Passing null to parameter #1 ($string) of type string is deprecated in /var/www/html/laptop-loans/app/Views/people/index.php:24 {"msg":"htmlspecialchars(): Passing null to parameter #1 ($string) of type string is deprecated","file":"/var/www/html/laptop-loans/app/Views/people/index.php","line":24,"severity":8192}
[23-Feb-2026 08:11:00 UTC] PHP Deprecated:  htmlspecialchars(): Passing null to parameter #1 ($string) of type string is deprecated in /var/www/html/laptop-loans/app/Views/people/index.php on line 24
[2026-02-23 08:11:00] ERROR   PHP error: htmlspecialchars(): Passing null to parameter #1 ($string) of type string is deprecated in /var/www/html/laptop-loans/app/Views/people/index.php:25 {"msg":"htmlspecialchars(): Passing null to parameter #1 ($string) of type string is deprecated","file":"/var/www/html/laptop-loans/app/Views/people/index.php","line":25,"severity":8192}
[23-Feb-2026 08:11:00 UTC] PHP Deprecated:  htmlspecialchars(): Passing null to parameter #1 ($string) of type string is deprecated in /var/www/html/laptop-loans/app/Views/people/index.php on line 25
[2026-02-23 08:11:00] ERROR   PHP error: htmlspecialchars(): Passing null to parameter #1 ($string) of type string is deprecated in /var/www/html/laptop-loans/app/Views/people/index.php:26 {"msg":"htmlspecialchars(): Passing null to parameter #1 ($string) of type string is deprecated","file":"/var/www/html/laptop-loans/app/Views/people/index.php","line":26,"severity":8192}
[23-Feb-2026 08:11:00 UTC] PHP Deprecated:  htmlspecialchars(): Passing null to parameter #1 ($string) of type string is deprecated in /var/www/html/laptop-loans/app/Views/people/index.php on line 26
[2026-02-23 08:11:00] ERROR   PHP error: htmlspecialchars(): Passing null to parameter #1 ($string) of type string is deprecated in /var/www/html/laptop-loans/app/Views/people/index.php:23 {"msg":"htmlspecialchars(): Passing null to parameter #1 ($string) of type string is deprecated","file":"/var/www/html/laptop-loans/app/Views/people/index.php","line":23,"severity":8192}
[23-Feb-2026 08:11:00 UTC] PHP Deprecated:  htmlspecialchars(): Passing null to parameter #1 ($string) of type string is deprecated in /var/www/html/laptop-loans/app/Views/people/index.php on line 23
[2026-02-23 08:11:00] ERROR   PHP error: htmlspecialchars(): Passing null to parameter #1 ($string) of type string is deprecated in /var/www/html/laptop-loans/app/Views/people/index.php:24 {"msg":"htmlspecialchars(): Passing null to parameter #1 ($string) of type string is deprecated","file":"/var/www/html/laptop-loans/app/Views/people/index.php","line":24,"severity":8192}
[23-Feb-2026 08:11:00 UTC] PHP Deprecated:  htmlspecialchars(): Passing null to parameter #1 ($string) of type string is deprecated in /var/www/html/laptop-loans/app/Views/people/index.php on line 24
[2026-02-23 08:11:00] ERROR   PHP error: htmlspecialchars(): Passing null to parameter #1 ($string) of type string is deprecated in /var/www/html/laptop-loans/app/Views/people/index.php:25 {"msg":"htmlspecialchars(): Passing null to parameter #1 ($string) of type string is deprecated","file":"/var/www/html/laptop-loans/app/Views/people/index.php","line":25,"severity":8192}
[23-Feb-2026 08:11:00 UTC] PHP Deprecated:  htmlspecialchars(): Passing null to parameter #1 ($string) of type string is deprecated in /var/www/html/laptop-loans/app/Views/people/index.php on line 25
[2026-02-23 08:11:00] ERROR   PHP error: htmlspecialchars(): Passing null to parameter #1 ($string) of type string is deprecated in /var/www/html/laptop-loans/app/Views/people/index.php:26 {"msg":"htmlspecialchars(): Passing null to parameter #1 ($string) of type string is deprecated","file":"/var/www/html/laptop-loans/app/Views/people/index.php","line":26,"severity":8192}
[23-Feb-2026 08:11:00 UTC] PHP Deprecated:  htmlspecialchars(): Passing null to parameter #1 ($string) of type string is deprecated in /var/www/html/laptop-loans/app/Views/people/index.php on line 26
[2026-02-23 08:11:00] ERROR   PHP error: htmlspecialchars(): Passing null to parameter #1 ($string) of type string is deprecated in /var/www/html/laptop-loans/app/Views/people/index.php:23 {"msg":"htmlspecialchars(): Passing null to parameter #1 ($string) of type string is deprecated","file":"/var/www/html/laptop-loans/app/Views/people/index.php","line":23,"severity":8192}
[23-Feb-2026 08:11:00 UTC] PHP Deprecated:  htmlspecialchars(): Passing null to parameter #1 ($string) of type string is deprecated in /var/www/html/laptop-loans/app/Views/people/index.php on line 23
[2026-02-23 08:11:00] ERROR   PHP error: htmlspecialchars(): Passing null to parameter #1 ($string) of type string is deprecated in /var/www/html/laptop-loans/app/Views/people/index.php:24 {"msg":"htmlspecialchars(): Passing null to parameter #1 ($string) of type string is deprecated","file":"/var/www/html/laptop-loans/app/Views/people/index.php","line":24,"severity":8192}
[23-Feb-2026 08:11:00 UTC] PHP Deprecated:  htmlspecialchars(): Passing null to parameter #1 ($string) of type string is deprecated in /var/www/html/laptop-loans/app/Views/people/index.php on line 24
[2026-02-23 08:11:00] ERROR   PHP error: htmlspecialchars(): Passing null to parameter #1 ($string) of type string is deprecated in /var/www/html/laptop-loans/app/Views/people/index.php:25 {"msg":"htmlspecialchars(): Passing null to parameter #1 ($string) of type string is deprecated","file":"/var/www/html/laptop-loans/app/Views/people/index.php","line":25,"severity":8192}
[23-Feb-2026 08:11:00 UTC] PHP Deprecated:  htmlspecialchars(): Passing null to parameter #1 ($string) of type string is deprecated in /var/www/html/laptop-loans/app/Views/people/index.php on line 25
[2026-02-23 08:11:00] ERROR   PHP error: htmlspecialchars(): Passing null to parameter #1 ($string) of type string is deprecated in /var/www/html/laptop-loans/app/Views/people/index.php:26 {"msg":"htmlspecialchars(): Passing null to parameter #1 ($string) of type string is deprecated","file":"/var/www/html/laptop-loans/app/Views/people/index.php","line":26,"severity":8192}
[23-Feb-2026 08:11:00 UTC] PHP Deprecated:  htmlspecialchars(): Passing null to parameter #1 ($string) of type string is deprecated in /var/www/html/laptop-loans/app/Views/people/index.php on line 26
[2026-02-23 08:11:00] ERROR   PHP error: htmlspecialchars(): Passing null to parameter #1 ($string) of type string is deprecated in /var/www/html/laptop-loans/app/Views/people/index.php:23 {"msg":"htmlspecialchars(): Passing null to parameter #1 ($string) of type string is deprecated","file":"/var/www/html/laptop-loans/app/Views/people/index.php","line":23,"severity":8192}
[23-Feb-2026 08:11:00 UTC] PHP Deprecated:  htmlspecialchars(): Passing null to parameter #1 ($string) of type string is deprecated in /var/www/html/laptop-loans/app/Views/people/index.php on line 23
[2026-02-23 08:11:00] ERROR   PHP error: htmlspecialchars(): Passing null to parameter #1 ($string) of type string is deprecated in /var/www/html/laptop-loans/app/Views/people/index.php:24 {"msg":"htmlspecialchars(): Passing null to parameter #1 ($string) of type string is deprecated","file":"/var/www/html/laptop-loans/app/Views/people/index.php","line":24,"severity":8192}
[23-Feb-2026 08:11:00 UTC] PHP Deprecated:  htmlspecialchars(): Passing null to parameter #1 ($string) of type string is deprecated in /var/www/html/laptop-loans/app/Views/people/index.php on line 24
[2026-02-23 08:11:00] ERROR   PHP error: htmlspecialchars(): Passing null to parameter #1 ($string) of type string is deprecated in /var/www/html/laptop-loans/app/Views/people/index.php:25 {"msg":"htmlspecialchars(): Passing null to parameter #1 ($string) of type string is deprecated","file":"/var/www/html/laptop-loans/app/Views/people/index.php","line":25,"severity":8192}
[23-Feb-2026 08:11:00 UTC] PHP Deprecated:  htmlspecialchars(): Passing null to parameter #1 ($string) of type string is deprecated in /var/www/html/laptop-loans/app/Views/people/index.php on line 25
[2026-02-23 08:11:00] ERROR   PHP error: htmlspecialchars(): Passing null to parameter #1 ($string) of type string is deprecated in /var/www/html/laptop-loans/app/Views/people/index.php:26 {"msg":"htmlspecialchars(): Passing null to parameter #1 ($string) of type string is deprecated","file":"/var/www/html/laptop-loans/app/Views/people/index.php","line":26,"severity":8192}
[23-Feb-2026 08:11:00 UTC] PHP Deprecated:  htmlspecialchars(): Passing null to parameter #1 ($string) of type string is deprecated in /var/www/html/laptop-loans/app/Views/people/index.php on line 26
[2026-02-23 08:11:00] ERROR   PHP error: htmlspecialchars(): Passing null to parameter #1 ($string) of type string is deprecated in /var/www/html/laptop-loans/app/Views/people/index.php:24 {"msg":"htmlspecialchars(): Passing null to parameter #1 ($string) of type string is deprecated","file":"/var/www/html/laptop-loans/app/Views/people/index.php","line":24,"severity":8192}
[23-Feb-2026 08:11:00 UTC] PHP Deprecated:  htmlspecialchars(): Passing null to parameter #1 ($string) of type string is deprecated in /var/www/html/laptop-loans/app/Views/people/index.php on line 24
[2026-02-23 08:11:00] ERROR   PHP error: htmlspecialchars(): Passing null to parameter #1 ($string) of type string is deprecated in /var/www/html/laptop-loans/app/Views/people/index.php:25 {"msg":"htmlspecialchars(): Passing null to parameter #1 ($string) of type string is deprecated","file":"/var/www/html/laptop-loans/app/Views/people/index.php","line":25,"severity":8192}
[23-Feb-2026 08:11:00 UTC] PHP Deprecated:  htmlspecialchars(): Passing null to parameter #1 ($string) of type string is deprecated in /var/www/html/laptop-loans/app/Views/people/index.php on line 25
[2026-02-23 08:11:07] INFO    AUDIT visit {"user_id":null,"username":"anon","route":"people/index","ip":"10.52.2.5"}
[2026-02-23 08:11:07] ERROR   PHP error: htmlspecialchars(): Passing null to parameter #1 ($string) of type string is deprecated in /var/www/html/laptop-loans/app/Views/people/index.php:23 {"msg":"htmlspecialchars(): Passing null to parameter #1 ($string) of type string is deprecated","file":"/var/www/html/laptop-loans/app/Views/people/index.php","line":23,"severity":8192}
[23-Feb-2026 08:11:07 UTC] PHP Deprecated:  htmlspecialchars(): Passing null to parameter #1 ($string) of type string is deprecated in /var/www/html/laptop-loans/app/Views/people/index.php on line 23
[2026-02-23 08:11:07] ERROR   PHP error: htmlspecialchars(): Passing null to parameter #1 ($string) of type string is deprecated in /var/www/html/laptop-loans/app/Views/people/index.php:24 {"msg":"htmlspecialchars(): Passing null to parameter #1 ($string) of type string is deprecated","file":"/var/www/html/laptop-loans/app/Views/people/index.php","line":24,"severity":8192}
[23-Feb-2026 08:11:07 UTC] PHP Deprecated:  htmlspecialchars(): Passing null to parameter #1 ($string) of type string is deprecated in /var/www/html/laptop-loans/app/Views/people/index.php on line 24
[2026-02-23 08:11:07] ERROR   PHP error: htmlspecialchars(): Passing null to parameter #1 ($string) of type string is deprecated in /var/www/html/laptop-loans/app/Views/people/index.php:25 {"msg":"htmlspecialchars(): Passing null to parameter #1 ($string) of type string is deprecated","file":"/var/www/html/laptop-loans/app/Views/people/index.php","line":25,"severity":8192}
[23-Feb-2026 08:11:07 UTC] PHP Deprecated:  htmlspecialchars(): Passing null to parameter #1 ($string) of type string is deprecated in /var/www/html/laptop-loans/app/Views/people/index.php on line 25
[2026-02-23 08:11:07] ERROR   PHP error: htmlspecialchars(): Passing null to parameter #1 ($string) of type string is deprecated in /var/www/html/laptop-loans/app/Views/people/index.php:26 {"msg":"htmlspecialchars(): Passing null to parameter #1 ($string) of type string is deprecated","file":"/var/www/html/laptop-loans/app/Views/people/index.php","line":26,"severity":8192}
[23-Feb-2026 08:11:07 UTC] PHP Deprecated:  htmlspecialchars(): Passing null to parameter #1 ($string) of type string is deprecated in /var/www/html/laptop-loans/app/Views/people/index.php on line 26
[2026-02-23 08:11:07] ERROR   PHP error: htmlspecialchars(): Passing null to parameter #1 ($string) of type string is deprecated in /var/www/html/laptop-loans/app/Views/people/index.php:23 {"msg":"htmlspecialchars(): Passing null to parameter #1 ($string) of type string is deprecated","file":"/var/www/html/laptop-loans/app/Views/people/index.php","line":23,"severity":8192}
[23-Feb-2026 08:11:07 UTC] PHP Deprecated:  htmlspecialchars(): Passing null to parameter #1 ($string) of type string is deprecated in /var/www/html/laptop-loans/app/Views/people/index.php on line 23
[2026-02-23 08:11:07] ERROR   PHP error: htmlspecialchars(): Passing null to parameter #1 ($string) of type string is deprecated in /var/www/html/laptop-loans/app/Views/people/index.php:24 {"msg":"htmlspecialchars(): Passing null to parameter #1 ($string) of type string is deprecated","file":"/var/www/html/laptop-loans/app/Views/people/index.php","line":24,"severity":8192}
[23-Feb-2026 08:11:07 UTC] PHP Deprecated:  htmlspecialchars(): Passing null to parameter #1 ($string) of type string is deprecated in /var/www/html/laptop-loans/app/Views/people/index.php on line 24
[2026-02-23 08:11:07] ERROR   PHP error: htmlspecialchars(): Passing null to parameter #1 ($string) of type string is deprecated in /var/www/html/laptop-loans/app/Views/people/index.php:25 {"msg":"htmlspecialchars(): Passing null to parameter #1 ($string) of type string is deprecated","file":"/var/www/html/laptop-loans/app/Views/people/index.php","line":25,"severity":8192}
[23-Feb-2026 08:11:07 UTC] PHP Deprecated:  htmlspecialchars(): Passing null to parameter #1 ($string) of type string is deprecated in /var/www/html/laptop-loans/app/Views/people/index.php on line 25
[2026-02-23 08:11:07] ERROR   PHP error: htmlspecialchars(): Passing null to parameter #1 ($string) of type string is deprecated in /var/www/html/laptop-loans/app/Views/people/index.php:26 {"msg":"htmlspecialchars(): Passing null to parameter #1 ($string) of type string is deprecated","file":"/var/www/html/laptop-loans/app/Views/people/index.php","line":26,"severity":8192}
[23-Feb-2026 08:11:07 UTC] PHP Deprecated:  htmlspecialchars(): Passing null to parameter #1 ($string) of type string is deprecated in /var/www/html/laptop-loans/app/Views/people/index.php on line 26
[2026-02-23 08:11:07] ERROR   PHP error: htmlspecialchars(): Passing null to parameter #1 ($string) of type string is deprecated in /var/www/html/laptop-loans/app/Views/people/index.php:23 {"msg":"htmlspecialchars(): Passing null to parameter #1 ($string) of type string is deprecated","file":"/var/www/html/laptop-loans/app/Views/people/index.php","line":23,"severity":8192}
[23-Feb-2026 08:11:07 UTC] PHP Deprecated:  htmlspecialchars(): Passing null to parameter #1 ($string) of type string is deprecated in /var/www/html/laptop-loans/app/Views/people/index.php on line 23
[2026-02-23 08:11:07] ERROR   PHP error: htmlspecialchars(): Passing null to parameter #1 ($string) of type string is deprecated in /var/www/html/laptop-loans/app/Views/people/index.php:24 {"msg":"htmlspecialchars(): Passing null to parameter #1 ($string) of type string is deprecated","file":"/var/www/html/laptop-loans/app/Views/people/index.php","line":24,"severity":8192}
[23-Feb-2026 08:11:07 UTC] PHP Deprecated:  htmlspecialchars(): Passing null to parameter #1 ($string) of type string is deprecated in /var/www/html/laptop-loans/app/Views/people/index.php on line 24
[2026-02-23 08:11:07] ERROR   PHP error: htmlspecialchars(): Passing null to parameter #1 ($string) of type string is deprecated in /var/www/html/laptop-loans/app/Views/people/index.php:25 {"msg":"htmlspecialchars(): Passing null to parameter #1 ($string) of type string is deprecated","file":"/var/www/html/laptop-loans/app/Views/people/index.php","line":25,"severity":8192}
[23-Feb-2026 08:11:07 UTC] PHP Deprecated:  htmlspecialchars(): Passing null to parameter #1 ($string) of type string is deprecated in /var/www/html/laptop-loans/app/Views/people/index.php on line 25
[2026-02-23 08:11:07] ERROR   PHP error: htmlspecialchars(): Passing null to parameter #1 ($string) of type string is deprecated in /var/www/html/laptop-loans/app/Views/people/index.php:26 {"msg":"htmlspecialchars(): Passing null to parameter #1 ($string) of type string is deprecated","file":"/var/www/html/laptop-loans/app/Views/people/index.php","line":26,"severity":8192}
[23-Feb-2026 08:11:07 UTC] PHP Deprecated:  htmlspecialchars(): Passing null to parameter #1 ($string) of type string is deprecated in /var/www/html/laptop-loans/app/Views/people/index.php on line 26
[2026-02-23 08:11:07] ERROR   PHP error: htmlspecialchars(): Passing null to parameter #1 ($string) of type string is deprecated in /var/www/html/laptop-loans/app/Views/people/index.php:23 {"msg":"htmlspecialchars(): Passing null to parameter #1 ($string) of type string is deprecated","file":"/var/www/html/laptop-loans/app/Views/people/index.php","line":23,"severity":8192}
[23-Feb-2026 08:11:07 UTC] PHP Deprecated:  htmlspecialchars(): Passing null to parameter #1 ($string) of type string is deprecated in /var/www/html/laptop-loans/app/Views/people/index.php on line 23
[2026-02-23 08:11:07] ERROR   PHP error: htmlspecialchars(): Passing null to parameter #1 ($string) of type string is deprecated in /var/www/html/laptop-loans/app/Views/people/index.php:24 {"msg":"htmlspecialchars(): Passing null to parameter #1 ($string) of type string is deprecated","file":"/var/www/html/laptop-loans/app/Views/people/index.php","line":24,"severity":8192}
[23-Feb-2026 08:11:07 UTC] PHP Deprecated:  htmlspecialchars(): Passing null to parameter #1 ($string) of type string is deprecated in /var/www/html/laptop-loans/app/Views/people/index.php on line 24
[2026-02-23 08:11:07] ERROR   PHP error: htmlspecialchars(): Passing null to parameter #1 ($string) of type string is deprecated in /var/www/html/laptop-loans/app/Views/people/index.php:25 {"msg":"htmlspecialchars(): Passing null to parameter #1 ($string) of type string is deprecated","file":"/var/www/html/laptop-loans/app/Views/people/index.php","line":25,"severity":8192}
[23-Feb-2026 08:11:07 UTC] PHP Deprecated:  htmlspecialchars(): Passing null to parameter #1 ($string) of type string is deprecated in /var/www/html/laptop-loans/app/Views/people/index.php on line 25
[2026-02-23 08:11:07] ERROR   PHP error: htmlspecialchars(): Passing null to parameter #1 ($string) of type string is deprecated in /var/www/html/laptop-loans/app/Views/people/index.php:26 {"msg":"htmlspecialchars(): Passing null to parameter #1 ($string) of type string is deprecated","file":"/var/www/html/laptop-loans/app/Views/people/index.php","line":26,"severity":8192}
[23-Feb-2026 08:11:07 UTC] PHP Deprecated:  htmlspecialchars(): Passing null to parameter #1 ($string) of type string is deprecated in /var/www/html/laptop-loans/app/Views/people/index.php on line 26
[2026-02-23 08:11:07] ERROR   PHP error: htmlspecialchars(): Passing null to parameter #1 ($string) of type string is deprecated in /var/www/html/laptop-loans/app/Views/people/index.php:23 {"msg":"htmlspecialchars(): Passing null to parameter #1 ($string) of type string is deprecated","file":"/var/www/html/laptop-loans/app/Views/people/index.php","line":23,"severity":8192}
[23-Feb-2026 08:11:07 UTC] PHP Deprecated:  htmlspecialchars(): Passing null to parameter #1 ($string) of type string is deprecated in /var/www/html/laptop-loans/app/Views/people/index.php on line 23
[2026-02-23 08:11:07] ERROR   PHP error: htmlspecialchars(): Passing null to parameter #1 ($string) of type string is deprecated in /var/www/html/laptop-loans/app/Views/people/index.php:24 {"msg":"htmlspecialchars(): Passing null to parameter #1 ($string) of type string is deprecated","file":"/var/www/html/laptop-loans/app/Views/people/index.php","line":24,"severity":8192}
[23-Feb-2026 08:11:07 UTC] PHP Deprecated:  htmlspecialchars(): Passing null to parameter #1 ($string) of type string is deprecated in /var/www/html/laptop-loans/app/Views/people/index.php on line 24
[2026-02-23 08:11:07] ERROR   PHP error: htmlspecialchars(): Passing null to parameter #1 ($string) of type string is deprecated in /var/www/html/laptop-loans/app/Views/people/index.php:25 {"msg":"htmlspecialchars(): Passing null to parameter #1 ($string) of type string is deprecated","file":"/var/www/html/laptop-loans/app/Views/people/index.php","line":25,"severity":8192}
[23-Feb-2026 08:11:07 UTC] PHP Deprecated:  htmlspecialchars(): Passing null to parameter #1 ($string) of type string is deprecated in /var/www/html/laptop-loans/app/Views/people/index.php on line 25
[2026-02-23 08:11:07] ERROR   PHP error: htmlspecialchars(): Passing null to parameter #1 ($string) of type string is deprecated in /var/www/html/laptop-loans/app/Views/people/index.php:26 {"msg":"htmlspecialchars(): Passing null to parameter #1 ($string) of type string is deprecated","file":"/var/www/html/laptop-loans/app/Views/people/index.php","line":26,"severity":8192}
[23-Feb-2026 08:11:07 UTC] PHP Deprecated:  htmlspecialchars(): Passing null to parameter #1 ($string) of type string is deprecated in /var/www/html/laptop-loans/app/Views/people/index.php on line 26
[2026-02-23 08:11:07] ERROR   PHP error: htmlspecialchars(): Passing null to parameter #1 ($string) of type string is deprecated in /var/www/html/laptop-loans/app/Views/people/index.php:23 {"msg":"htmlspecialchars(): Passing null to parameter #1 ($string) of type string is deprecated","file":"/var/www/html/laptop-loans/app/Views/people/index.php","line":23,"severity":8192}
[23-Feb-2026 08:11:07 UTC] PHP Deprecated:  htmlspecialchars(): Passing null to parameter #1 ($string) of type string is deprecated in /var/www/html/laptop-loans/app/Views/people/index.php on line 23
[2026-02-23 08:11:07] ERROR   PHP error: htmlspecialchars(): Passing null to parameter #1 ($string) of type string is deprecated in /var/www/html/laptop-loans/app/Views/people/index.php:24 {"msg":"htmlspecialchars(): Passing null to parameter #1 ($string) of type string is deprecated","file":"/var/www/html/laptop-loans/app/Views/people/index.php","line":24,"severity":8192}
[23-Feb-2026 08:11:07 UTC] PHP Deprecated:  htmlspecialchars(): Passing null to parameter #1 ($string) of type string is deprecated in /var/www/html/laptop-loans/app/Views/people/index.php on line 24
[2026-02-23 08:11:07] ERROR   PHP error: htmlspecialchars(): Passing null to parameter #1 ($string) of type string is deprecated in /var/www/html/laptop-loans/app/Views/people/index.php:25 {"msg":"htmlspecialchars(): Passing null to parameter #1 ($string) of type string is deprecated","file":"/var/www/html/laptop-loans/app/Views/people/index.php","line":25,"severity":8192}
[23-Feb-2026 08:11:07 UTC] PHP Deprecated:  htmlspecialchars(): Passing null to parameter #1 ($string) of type string is deprecated in /var/www/html/laptop-loans/app/Views/people/index.php on line 25
[2026-02-23 08:11:07] ERROR   PHP error: htmlspecialchars(): Passing null to parameter #1 ($string) of type string is deprecated in /var/www/html/laptop-loans/app/Views/people/index.php:26 {"msg":"htmlspecialchars(): Passing null to parameter #1 ($string) of type string is deprecated","file":"/var/www/html/laptop-loans/app/Views/people/index.php","line":26,"severity":8192}
[23-Feb-2026 08:11:07 UTC] PHP Deprecated:  htmlspecialchars(): Passing null to parameter #1 ($string) of type string is deprecated in /var/www/html/laptop-loans/app/Views/people/index.php on line 26
[2026-02-23 08:11:07] ERROR   PHP error: htmlspecialchars(): Passing null to parameter #1 ($string) of type string is deprecated in /var/www/html/laptop-loans/app/Views/people/index.php:23 {"msg":"htmlspecialchars(): Passing null to parameter #1 ($string) of type string is deprecated","file":"/var/www/html/laptop-loans/app/Views/people/index.php","line":23,"severity":8192}
[23-Feb-2026 08:11:07 UTC] PHP Deprecated:  htmlspecialchars(): Passing null to parameter #1 ($string) of type string is deprecated in /var/www/html/laptop-loans/app/Views/people/index.php on line 23
[2026-02-23 08:11:07] ERROR   PHP error: htmlspecialchars(): Passing null to parameter #1 ($string) of type string is deprecated in /var/www/html/laptop-loans/app/Views/people/index.php:24 {"msg":"htmlspecialchars(): Passing null to parameter #1 ($string) of type string is deprecated","file":"/var/www/html/laptop-loans/app/Views/people/index.php","line":24,"severity":8192}
[23-Feb-2026 08:11:07 UTC] PHP Deprecated:  htmlspecialchars(): Passing null to parameter #1 ($string) of type string is deprecated in /var/www/html/laptop-loans/app/Views/people/index.php on line 24
[2026-02-23 08:11:07] ERROR   PHP error: htmlspecialchars(): Passing null to parameter #1 ($string) of type string is deprecated in /var/www/html/laptop-loans/app/Views/people/index.php:25 {"msg":"htmlspecialchars(): Passing null to parameter #1 ($string) of type string is deprecated","file":"/var/www/html/laptop-loans/app/Views/people/index.php","line":25,"severity":8192}
[23-Feb-2026 08:11:07 UTC] PHP Deprecated:  htmlspecialchars(): Passing null to parameter #1 ($string) of type string is deprecated in /var/www/html/laptop-loans/app/Views/people/index.php on line 25
[2026-02-23 08:11:07] ERROR   PHP error: htmlspecialchars(): Passing null to parameter #1 ($string) of type string is deprecated in /var/www/html/laptop-loans/app/Views/people/index.php:26 {"msg":"htmlspecialchars(): Passing null to parameter #1 ($string) of type string is deprecated","file":"/var/www/html/laptop-loans/app/Views/people/index.php","line":26,"severity":8192}
[23-Feb-2026 08:11:07 UTC] PHP Deprecated:  htmlspecialchars(): Passing null to parameter #1 ($string) of type string is deprecated in /var/www/html/laptop-loans/app/Views/people/index.php on line 26
[2026-02-23 08:11:07] ERROR   PHP error: htmlspecialchars(): Passing null to parameter #1 ($string) of type string is deprecated in /var/www/html/laptop-loans/app/Views/people/index.php:23 {"msg":"htmlspecialchars(): Passing null to parameter #1 ($string) of type string is deprecated","file":"/var/www/html/laptop-loans/app/Views/people/index.php","line":23,"severity":8192}
[23-Feb-2026 08:11:07 UTC] PHP Deprecated:  htmlspecialchars(): Passing null to parameter #1 ($string) of type string is deprecated in /var/www/html/laptop-loans/app/Views/people/index.php on line 23
[2026-02-23 08:11:07] ERROR   PHP error: htmlspecialchars(): Passing null to parameter #1 ($string) of type string is deprecated in /var/www/html/laptop-loans/app/Views/people/index.php:24 {"msg":"htmlspecialchars(): Passing null to parameter #1 ($string) of type string is deprecated","file":"/var/www/html/laptop-loans/app/Views/people/index.php","line":24,"severity":8192}
[23-Feb-2026 08:11:07 UTC] PHP Deprecated:  htmlspecialchars(): Passing null to parameter #1 ($string) of type string is deprecated in /var/www/html/laptop-loans/app/Views/people/index.php on line 24
[2026-02-23 08:11:07] ERROR   PHP error: htmlspecialchars(): Passing null to parameter #1 ($string) of type string is deprecated in /var/www/html/laptop-loans/app/Views/people/index.php:25 {"msg":"htmlspecialchars(): Passing null to parameter #1 ($string) of type string is deprecated","file":"/var/www/html/laptop-loans/app/Views/people/index.php","line":25,"severity":8192}
[23-Feb-2026 08:11:07 UTC] PHP Deprecated:  htmlspecialchars(): Passing null to parameter #1 ($string) of type string is deprecated in /var/www/html/laptop-loans/app/Views/people/index.php on line 25
[2026-02-23 08:11:07] ERROR   PHP error: htmlspecialchars(): Passing null to parameter #1 ($string) of type string is deprecated in /var/www/html/laptop-loans/app/Views/people/index.php:26 {"msg":"htmlspecialchars(): Passing null to parameter #1 ($string) of type string is deprecated","file":"/var/www/html/laptop-loans/app/Views/people/index.php","line":26,"severity":8192}
[23-Feb-2026 08:11:07 UTC] PHP Deprecated:  htmlspecialchars(): Passing null to parameter #1 ($string) of type string is deprecated in /var/www/html/laptop-loans/app/Views/people/index.php on line 26
[2026-02-23 08:11:07] ERROR   PHP error: htmlspecialchars(): Passing null to parameter #1 ($string) of type string is deprecated in /var/www/html/laptop-loans/app/Views/people/index.php:23 {"msg":"htmlspecialchars(): Passing null to parameter #1 ($string) of type string is deprecated","file":"/var/www/html/laptop-loans/app/Views/people/index.php","line":23,"severity":8192}
[23-Feb-2026 08:11:07 UTC] PHP Deprecated:  htmlspecialchars(): Passing null to parameter #1 ($string) of type string is deprecated in /var/www/html/laptop-loans/app/Views/people/index.php on line 23
[2026-02-23 08:11:07] ERROR   PHP error: htmlspecialchars(): Passing null to parameter #1 ($string) of type string is deprecated in /var/www/html/laptop-loans/app/Views/people/index.php:24 {"msg":"htmlspecialchars(): Passing null to parameter #1 ($string) of type string is deprecated","file":"/var/www/html/laptop-loans/app/Views/people/index.php","line":24,"severity":8192}
[23-Feb-2026 08:11:07 UTC] PHP Deprecated:  htmlspecialchars(): Passing null to parameter #1 ($string) of type string is deprecated in /var/www/html/laptop-loans/app/Views/people/index.php on line 24
[2026-02-23 08:11:07] ERROR   PHP error: htmlspecialchars(): Passing null to parameter #1 ($string) of type string is deprecated in /var/www/html/laptop-loans/app/Views/people/index.php:25 {"msg":"htmlspecialchars(): Passing null to parameter #1 ($string) of type string is deprecated","file":"/var/www/html/laptop-loans/app/Views/people/index.php","line":25,"severity":8192}
[23-Feb-2026 08:11:07 UTC] PHP Deprecated:  htmlspecialchars(): Passing null to parameter #1 ($string) of type string is deprecated in /var/www/html/laptop-loans/app/Views/people/index.php on line 25
[2026-02-23 08:11:07] ERROR   PHP error: htmlspecialchars(): Passing null to parameter #1 ($string) of type string is deprecated in /var/www/html/laptop-loans/app/Views/people/index.php:26 {"msg":"htmlspecialchars(): Passing null to parameter #1 ($string) of type string is deprecated","file":"/var/www/html/laptop-loans/app/Views/people/index.php","line":26,"severity":8192}
[23-Feb-2026 08:11:07 UTC] PHP Deprecated:  htmlspecialchars(): Passing null to parameter #1 ($string) of type string is deprecated in /var/www/html/laptop-loans/app/Views/people/index.php on line 26
[2026-02-23 08:11:07] ERROR   PHP error: htmlspecialchars(): Passing null to parameter #1 ($string) of type string is deprecated in /var/www/html/laptop-loans/app/Views/people/index.php:23 {"msg":"htmlspecialchars(): Passing null to parameter #1 ($string) of type string is deprecated","file":"/var/www/html/laptop-loans/app/Views/people/index.php","line":23,"severity":8192}
[23-Feb-2026 08:11:07 UTC] PHP Deprecated:  htmlspecialchars(): Passing null to parameter #1 ($string) of type string is deprecated in /var/www/html/laptop-loans/app/Views/people/index.php on line 23
[2026-02-23 08:11:07] ERROR   PHP error: htmlspecialchars(): Passing null to parameter #1 ($string) of type string is deprecated in /var/www/html/laptop-loans/app/Views/people/index.php:24 {"msg":"htmlspecialchars(): Passing null to parameter #1 ($string) of type string is deprecated","file":"/var/www/html/laptop-loans/app/Views/people/index.php","line":24,"severity":8192}
[23-Feb-2026 08:11:07 UTC] PHP Deprecated:  htmlspecialchars(): Passing null to parameter #1 ($string) of type string is deprecated in /var/www/html/laptop-loans/app/Views/people/index.php on line 24
[2026-02-23 08:11:07] ERROR   PHP error: htmlspecialchars(): Passing null to parameter #1 ($string) of type string is deprecated in /var/www/html/laptop-loans/app/Views/people/index.php:25 {"msg":"htmlspecialchars(): Passing null to parameter #1 ($string) of type string is deprecated","file":"/var/www/html/laptop-loans/app/Views/people/index.php","line":25,"severity":8192}
[23-Feb-2026 08:11:07 UTC] PHP Deprecated:  htmlspecialchars(): Passing null to parameter #1 ($string) of type string is deprecated in /var/www/html/laptop-loans/app/Views/people/index.php on line 25
[2026-02-23 08:11:07] ERROR   PHP error: htmlspecialchars(): Passing null to parameter #1 ($string) of type string is deprecated in /var/www/html/laptop-loans/app/Views/people/index.php:26 {"msg":"htmlspecialchars(): Passing null to parameter #1 ($string) of type string is deprecated","file":"/var/www/html/laptop-loans/app/Views/people/index.php","line":26,"severity":8192}
[23-Feb-2026 08:11:07 UTC] PHP Deprecated:  htmlspecialchars(): Passing null to parameter #1 ($string) of type string is deprecated in /var/www/html/laptop-loans/app/Views/people/index.php on line 26
[2026-02-23 08:11:07] ERROR   PHP error: htmlspecialchars(): Passing null to parameter #1 ($string) of type string is deprecated in /var/www/html/laptop-loans/app/Views/people/index.php:23 {"msg":"htmlspecialchars(): Passing null to parameter #1 ($string) of type string is deprecated","file":"/var/www/html/laptop-loans/app/Views/people/index.php","line":23,"severity":8192}
[23-Feb-2026 08:11:07 UTC] PHP Deprecated:  htmlspecialchars(): Passing null to parameter #1 ($string) of type string is deprecated in /var/www/html/laptop-loans/app/Views/people/index.php on line 23
[2026-02-23 08:11:07] ERROR   PHP error: htmlspecialchars(): Passing null to parameter #1 ($string) of type string is deprecated in /var/www/html/laptop-loans/app/Views/people/index.php:24 {"msg":"htmlspecialchars(): Passing null to parameter #1 ($string) of type string is deprecated","file":"/var/www/html/laptop-loans/app/Views/people/index.php","line":24,"severity":8192}
[23-Feb-2026 08:11:07 UTC] PHP Deprecated:  htmlspecialchars(): Passing null to parameter #1 ($string) of type string is deprecated in /var/www/html/laptop-loans/app/Views/people/index.php on line 24
[2026-02-23 08:11:07] ERROR   PHP error: htmlspecialchars(): Passing null to parameter #1 ($string) of type string is deprecated in /var/www/html/laptop-loans/app/Views/people/index.php:25 {"msg":"htmlspecialchars(): Passing null to parameter #1 ($string) of type string is deprecated","file":"/var/www/html/laptop-loans/app/Views/people/index.php","line":25,"severity":8192}
[23-Feb-2026 08:11:07 UTC] PHP Deprecated:  htmlspecialchars(): Passing null to parameter #1 ($string) of type string is deprecated in /var/www/html/laptop-loans/app/Views/people/index.php on line 25
[2026-02-23 08:11:07] ERROR   PHP error: htmlspecialchars(): Passing null to parameter #1 ($string) of type string is deprecated in /var/www/html/laptop-loans/app/Views/people/index.php:26 {"msg":"htmlspecialchars(): Passing null to parameter #1 ($string) of type string is deprecated","file":"/var/www/html/laptop-loans/app/Views/people/index.php","line":26,"severity":8192}
[23-Feb-2026 08:11:07 UTC] PHP Deprecated:  htmlspecialchars(): Passing null to parameter #1 ($string) of type string is deprecated in /var/www/html/laptop-loans/app/Views/people/index.php on line 26
[2026-02-23 08:11:07] ERROR   PHP error: htmlspecialchars(): Passing null to parameter #1 ($string) of type string is deprecated in /var/www/html/laptop-loans/app/Views/people/index.php:23 {"msg":"htmlspecialchars(): Passing null to parameter #1 ($string) of type string is deprecated","file":"/var/www/html/laptop-loans/app/Views/people/index.php","line":23,"severity":8192}
[23-Feb-2026 08:11:07 UTC] PHP Deprecated:  htmlspecialchars(): Passing null to parameter #1 ($string) of type string is deprecated in /var/www/html/laptop-loans/app/Views/people/index.php on line 23
[2026-02-23 08:11:07] ERROR   PHP error: htmlspecialchars(): Passing null to parameter #1 ($string) of type string is deprecated in /var/www/html/laptop-loans/app/Views/people/index.php:24 {"msg":"htmlspecialchars(): Passing null to parameter #1 ($string) of type string is deprecated","file":"/var/www/html/laptop-loans/app/Views/people/index.php","line":24,"severity":8192}
[23-Feb-2026 08:11:07 UTC] PHP Deprecated:  htmlspecialchars(): Passing null to parameter #1 ($string) of type string is deprecated in /var/www/html/laptop-loans/app/Views/people/index.php on line 24
[2026-02-23 08:11:07] ERROR   PHP error: htmlspecialchars(): Passing null to parameter #1 ($string) of type string is deprecated in /var/www/html/laptop-loans/app/Views/people/index.php:25 {"msg":"htmlspecialchars(): Passing null to parameter #1 ($string) of type string is deprecated","file":"/var/www/html/laptop-loans/app/Views/people/index.php","line":25,"severity":8192}
[23-Feb-2026 08:11:07 UTC] PHP Deprecated:  htmlspecialchars(): Passing null to parameter #1 ($string) of type string is deprecated in /var/www/html/laptop-loans/app/Views/people/index.php on line 25
[2026-02-23 08:11:07] ERROR   PHP error: htmlspecialchars(): Passing null to parameter #1 ($string) of type string is deprecated in /var/www/html/laptop-loans/app/Views/people/index.php:26 {"msg":"htmlspecialchars(): Passing null to parameter #1 ($string) of type string is deprecated","file":"/var/www/html/laptop-loans/app/Views/people/index.php","line":26,"severity":8192}
[23-Feb-2026 08:11:07 UTC] PHP Deprecated:  htmlspecialchars(): Passing null to parameter #1 ($string) of type string is deprecated in /var/www/html/laptop-loans/app/Views/people/index.php on line 26
[2026-02-23 08:11:07] ERROR   PHP error: htmlspecialchars(): Passing null to parameter #1 ($string) of type string is deprecated in /var/www/html/laptop-loans/app/Views/people/index.php:23 {"msg":"htmlspecialchars(): Passing null to parameter #1 ($string) of type string is deprecated","file":"/var/www/html/laptop-loans/app/Views/people/index.php","line":23,"severity":8192}
[23-Feb-2026 08:11:07 UTC] PHP Deprecated:  htmlspecialchars(): Passing null to parameter #1 ($string) of type string is deprecated in /var/www/html/laptop-loans/app/Views/people/index.php on line 23
[2026-02-23 08:11:07] ERROR   PHP error: htmlspecialchars(): Passing null to parameter #1 ($string) of type string is deprecated in /var/www/html/laptop-loans/app/Views/people/index.php:24 {"msg":"htmlspecialchars(): Passing null to parameter #1 ($string) of type string is deprecated","file":"/var/www/html/laptop-loans/app/Views/people/index.php","line":24,"severity":8192}
[23-Feb-2026 08:11:07 UTC] PHP Deprecated:  htmlspecialchars(): Passing null to parameter #1 ($string) of type string is deprecated in /var/www/html/laptop-loans/app/Views/people/index.php on line 24
[2026-02-23 08:11:07] ERROR   PHP error: htmlspecialchars(): Passing null to parameter #1 ($string) of type string is deprecated in /var/www/html/laptop-loans/app/Views/people/index.php:25 {"msg":"htmlspecialchars(): Passing null to parameter #1 ($string) of type string is deprecated","file":"/var/www/html/laptop-loans/app/Views/people/index.php","line":25,"severity":8192}
[23-Feb-2026 08:11:07 UTC] PHP Deprecated:  htmlspecialchars(): Passing null to parameter #1 ($string) of type string is deprecated in /var/www/html/laptop-loans/app/Views/people/index.php on line 25
[2026-02-23 08:11:07] ERROR   PHP error: htmlspecialchars(): Passing null to parameter #1 ($string) of type string is deprecated in /var/www/html/laptop-loans/app/Views/people/index.php:26 {"msg":"htmlspecialchars(): Passing null to parameter #1 ($string) of type string is deprecated","file":"/var/www/html/laptop-loans/app/Views/people/index.php","line":26,"severity":8192}
[23-Feb-2026 08:11:07 UTC] PHP Deprecated:  htmlspecialchars(): Passing null to parameter #1 ($string) of type string is deprecated in /var/www/html/laptop-loans/app/Views/people/index.php on line 26
[2026-02-23 08:11:07] ERROR   PHP error: htmlspecialchars(): Passing null to parameter #1 ($string) of type string is deprecated in /var/www/html/laptop-loans/app/Views/people/index.php:23 {"msg":"htmlspecialchars(): Passing null to parameter #1 ($string) of type string is deprecated","file":"/var/www/html/laptop-loans/app/Views/people/index.php","line":23,"severity":8192}
[23-Feb-2026 08:11:07 UTC] PHP Deprecated:  htmlspecialchars(): Passing null to parameter #1 ($string) of type string is deprecated in /var/www/html/laptop-loans/app/Views/people/index.php on line 23
[2026-02-23 08:11:07] ERROR   PHP error: htmlspecialchars(): Passing null to parameter #1 ($string) of type string is deprecated in /var/www/html/laptop-loans/app/Views/people/index.php:24 {"msg":"htmlspecialchars(): Passing null to parameter #1 ($string) of type string is deprecated","file":"/var/www/html/laptop-loans/app/Views/people/index.php","line":24,"severity":8192}
[23-Feb-2026 08:11:07 UTC] PHP Deprecated:  htmlspecialchars(): Passing null to parameter #1 ($string) of type string is deprecated in /var/www/html/laptop-loans/app/Views/people/index.php on line 24
[2026-02-23 08:11:07] ERROR   PHP error: htmlspecialchars(): Passing null to parameter #1 ($string) of type string is deprecated in /var/www/html/laptop-loans/app/Views/people/index.php:25 {"msg":"htmlspecialchars(): Passing null to parameter #1 ($string) of type string is deprecated","file":"/var/www/html/laptop-loans/app/Views/people/index.php","line":25,"severity":8192}
[23-Feb-2026 08:11:07 UTC] PHP Deprecated:  htmlspecialchars(): Passing null to parameter #1 ($string) of type string is deprecated in /var/www/html/laptop-loans/app/Views/people/index.php on line 25
[2026-02-23 08:11:07] ERROR   PHP error: htmlspecialchars(): Passing null to parameter #1 ($string) of type string is deprecated in /var/www/html/laptop-loans/app/Views/people/index.php:26 {"msg":"htmlspecialchars(): Passing null to parameter #1 ($string) of type string is deprecated","file":"/var/www/html/laptop-loans/app/Views/people/index.php","line":26,"severity":8192}
[23-Feb-2026 08:11:07 UTC] PHP Deprecated:  htmlspecialchars(): Passing null to parameter #1 ($string) of type string is deprecated in /var/www/html/laptop-loans/app/Views/people/index.php on line 26
[2026-02-23 08:11:07] ERROR   PHP error: htmlspecialchars(): Passing null to parameter #1 ($string) of type string is deprecated in /var/www/html/laptop-loans/app/Views/people/index.php:23 {"msg":"htmlspecialchars(): Passing null to parameter #1 ($string) of type string is deprecated","file":"/var/www/html/laptop-loans/app/Views/people/index.php","line":23,"severity":8192}
[23-Feb-2026 08:11:07 UTC] PHP Deprecated:  htmlspecialchars(): Passing null to parameter #1 ($string) of type string is deprecated in /var/www/html/laptop-loans/app/Views/people/index.php on line 23
[2026-02-23 08:11:07] ERROR   PHP error: htmlspecialchars(): Passing null to parameter #1 ($string) of type string is deprecated in /var/www/html/laptop-loans/app/Views/people/index.php:24 {"msg":"htmlspecialchars(): Passing null to parameter #1 ($string) of type string is deprecated","file":"/var/www/html/laptop-loans/app/Views/people/index.php","line":24,"severity":8192}
[23-Feb-2026 08:11:07 UTC] PHP Deprecated:  htmlspecialchars(): Passing null to parameter #1 ($string) of type string is deprecated in /var/www/html/laptop-loans/app/Views/people/index.php on line 24
[2026-02-23 08:11:07] ERROR   PHP error: htmlspecialchars(): Passing null to parameter #1 ($string) of type string is deprecated in /var/www/html/laptop-loans/app/Views/people/index.php:25 {"msg":"htmlspecialchars(): Passing null to parameter #1 ($string) of type string is deprecated","file":"/var/www/html/laptop-loans/app/Views/people/index.php","line":25,"severity":8192}
[23-Feb-2026 08:11:07 UTC] PHP Deprecated:  htmlspecialchars(): Passing null to parameter #1 ($string) of type string is deprecated in /var/www/html/laptop-loans/app/Views/people/index.php on line 25
[2026-02-23 08:11:07] ERROR   PHP error: htmlspecialchars(): Passing null to parameter #1 ($string) of type string is deprecated in /var/www/html/laptop-loans/app/Views/people/index.php:26 {"msg":"htmlspecialchars(): Passing null to parameter #1 ($string) of type string is deprecated","file":"/var/www/html/laptop-loans/app/Views/people/index.php","line":26,"severity":8192}
[23-Feb-2026 08:11:07 UTC] PHP Deprecated:  htmlspecialchars(): Passing null to parameter #1 ($string) of type string is deprecated in /var/www/html/laptop-loans/app/Views/people/index.php on line 26
[2026-02-23 08:11:07] ERROR   PHP error: htmlspecialchars(): Passing null to parameter #1 ($string) of type string is deprecated in /var/www/html/laptop-loans/app/Views/people/index.php:23 {"msg":"htmlspecialchars(): Passing null to parameter #1 ($string) of type string is deprecated","file":"/var/www/html/laptop-loans/app/Views/people/index.php","line":23,"severity":8192}
[23-Feb-2026 08:11:07 UTC] PHP Deprecated:  htmlspecialchars(): Passing null to parameter #1 ($string) of type string is deprecated in /var/www/html/laptop-loans/app/Views/people/index.php on line 23
[2026-02-23 08:11:07] ERROR   PHP error: htmlspecialchars(): Passing null to parameter #1 ($string) of type string is deprecated in /var/www/html/laptop-loans/app/Views/people/index.php:24 {"msg":"htmlspecialchars(): Passing null to parameter #1 ($string) of type string is deprecated","file":"/var/www/html/laptop-loans/app/Views/people/index.php","line":24,"severity":8192}
[23-Feb-2026 08:11:07 UTC] PHP Deprecated:  htmlspecialchars(): Passing null to parameter #1 ($string) of type string is deprecated in /var/www/html/laptop-loans/app/Views/people/index.php on line 24
[2026-02-23 08:11:07] ERROR   PHP error: htmlspecialchars(): Passing null to parameter #1 ($string) of type string is deprecated in /var/www/html/laptop-loans/app/Views/people/index.php:25 {"msg":"htmlspecialchars(): Passing null to parameter #1 ($string) of type string is deprecated","file":"/var/www/html/laptop-loans/app/Views/people/index.php","line":25,"severity":8192}
[23-Feb-2026 08:11:07 UTC] PHP Deprecated:  htmlspecialchars(): Passing null to parameter #1 ($string) of type string is deprecated in /var/www/html/laptop-loans/app/Views/people/index.php on line 25
[2026-02-23 08:11:07] ERROR   PHP error: htmlspecialchars(): Passing null to parameter #1 ($string) of type string is deprecated in /var/www/html/laptop-loans/app/Views/people/index.php:26 {"msg":"htmlspecialchars(): Passing null to parameter #1 ($string) of type string is deprecated","file":"/var/www/html/laptop-loans/app/Views/people/index.php","line":26,"severity":8192}
[23-Feb-2026 08:11:07 UTC] PHP Deprecated:  htmlspecialchars(): Passing null to parameter #1 ($string) of type string is deprecated in /var/www/html/laptop-loans/app/Views/people/index.php on line 26
[2026-02-23 08:11:07] ERROR   PHP error: htmlspecialchars(): Passing null to parameter #1 ($string) of type string is deprecated in /var/www/html/laptop-loans/app/Views/people/index.php:23 {"msg":"htmlspecialchars(): Passing null to parameter #1 ($string) of type string is deprecated","file":"/var/www/html/laptop-loans/app/Views/people/index.php","line":23,"severity":8192}
[23-Feb-2026 08:11:07 UTC] PHP Deprecated:  htmlspecialchars(): Passing null to parameter #1 ($string) of type string is deprecated in /var/www/html/laptop-loans/app/Views/people/index.php on line 23
[2026-02-23 08:11:07] ERROR   PHP error: htmlspecialchars(): Passing null to parameter #1 ($string) of type string is deprecated in /var/www/html/laptop-loans/app/Views/people/index.php:24 {"msg":"htmlspecialchars(): Passing null to parameter #1 ($string) of type string is deprecated","file":"/var/www/html/laptop-loans/app/Views/people/index.php","line":24,"severity":8192}
[23-Feb-2026 08:11:07 UTC] PHP Deprecated:  htmlspecialchars(): Passing null to parameter #1 ($string) of type string is deprecated in /var/www/html/laptop-loans/app/Views/people/index.php on line 24
[2026-02-23 08:11:07] ERROR   PHP error: htmlspecialchars(): Passing null to parameter #1 ($string) of type string is deprecated in /var/www/html/laptop-loans/app/Views/people/index.php:25 {"msg":"htmlspecialchars(): Passing null to parameter #1 ($string) of type string is deprecated","file":"/var/www/html/laptop-loans/app/Views/people/index.php","line":25,"severity":8192}
[23-Feb-2026 08:11:07 UTC] PHP Deprecated:  htmlspecialchars(): Passing null to parameter #1 ($string) of type string is deprecated in /var/www/html/laptop-loans/app/Views/people/index.php on line 25
[2026-02-23 08:11:07] ERROR   PHP error: htmlspecialchars(): Passing null to parameter #1 ($string) of type string is deprecated in /var/www/html/laptop-loans/app/Views/people/index.php:26 {"msg":"htmlspecialchars(): Passing null to parameter #1 ($string) of type string is deprecated","file":"/var/www/html/laptop-loans/app/Views/people/index.php","line":26,"severity":8192}
[23-Feb-2026 08:11:07 UTC] PHP Deprecated:  htmlspecialchars(): Passing null to parameter #1 ($string) of type string is deprecated in /var/www/html/laptop-loans/app/Views/people/index.php on line 26
[2026-02-23 08:11:07] ERROR   PHP error: htmlspecialchars(): Passing null to parameter #1 ($string) of type string is deprecated in /var/www/html/laptop-loans/app/Views/people/index.php:23 {"msg":"htmlspecialchars(): Passing null to parameter #1 ($string) of type string is deprecated","file":"/var/www/html/laptop-loans/app/Views/people/index.php","line":23,"severity":8192}
[23-Feb-2026 08:11:07 UTC] PHP Deprecated:  htmlspecialchars(): Passing null to parameter #1 ($string) of type string is deprecated in /var/www/html/laptop-loans/app/Views/people/index.php on line 23
[2026-02-23 08:11:07] ERROR   PHP error: htmlspecialchars(): Passing null to parameter #1 ($string) of type string is deprecated in /var/www/html/laptop-loans/app/Views/people/index.php:24 {"msg":"htmlspecialchars(): Passing null to parameter #1 ($string) of type string is deprecated","file":"/var/www/html/laptop-loans/app/Views/people/index.php","line":24,"severity":8192}
[23-Feb-2026 08:11:07 UTC] PHP Deprecated:  htmlspecialchars(): Passing null to parameter #1 ($string) of type string is deprecated in /var/www/html/laptop-loans/app/Views/people/index.php on line 24
[2026-02-23 08:11:07] ERROR   PHP error: htmlspecialchars(): Passing null to parameter #1 ($string) of type string is deprecated in /var/www/html/laptop-loans/app/Views/people/index.php:25 {"msg":"htmlspecialchars(): Passing null to parameter #1 ($string) of type string is deprecated","file":"/var/www/html/laptop-loans/app/Views/people/index.php","line":25,"severity":8192}
[23-Feb-2026 08:11:07 UTC] PHP Deprecated:  htmlspecialchars(): Passing null to parameter #1 ($string) of type string is deprecated in /var/www/html/laptop-loans/app/Views/people/index.php on line 25
[2026-02-23 08:11:07] ERROR   PHP error: htmlspecialchars(): Passing null to parameter #1 ($string) of type string is deprecated in /var/www/html/laptop-loans/app/Views/people/index.php:26 {"msg":"htmlspecialchars(): Passing null to parameter #1 ($string) of type string is deprecated","file":"/var/www/html/laptop-loans/app/Views/people/index.php","line":26,"severity":8192}
[23-Feb-2026 08:11:07 UTC] PHP Deprecated:  htmlspecialchars(): Passing null to parameter #1 ($string) of type string is deprecated in /var/www/html/laptop-loans/app/Views/people/index.php on line 26
[2026-02-23 08:11:07] ERROR   PHP error: htmlspecialchars(): Passing null to parameter #1 ($string) of type string is deprecated in /var/www/html/laptop-loans/app/Views/people/index.php:23 {"msg":"htmlspecialchars(): Passing null to parameter #1 ($string) of type string is deprecated","file":"/var/www/html/laptop-loans/app/Views/people/index.php","line":23,"severity":8192}
[23-Feb-2026 08:11:07 UTC] PHP Deprecated:  htmlspecialchars(): Passing null to parameter #1 ($string) of type string is deprecated in /var/www/html/laptop-loans/app/Views/people/index.php on line 23
[2026-02-23 08:11:07] ERROR   PHP error: htmlspecialchars(): Passing null to parameter #1 ($string) of type string is deprecated in /var/www/html/laptop-loans/app/Views/people/index.php:24 {"msg":"htmlspecialchars(): Passing null to parameter #1 ($string) of type string is deprecated","file":"/var/www/html/laptop-loans/app/Views/people/index.php","line":24,"severity":8192}
[23-Feb-2026 08:11:07 UTC] PHP Deprecated:  htmlspecialchars(): Passing null to parameter #1 ($string) of type string is deprecated in /var/www/html/laptop-loans/app/Views/people/index.php on line 24
[2026-02-23 08:11:07] ERROR   PHP error: htmlspecialchars(): Passing null to parameter #1 ($string) of type string is deprecated in /var/www/html/laptop-loans/app/Views/people/index.php:25 {"msg":"htmlspecialchars(): Passing null to parameter #1 ($string) of type string is deprecated","file":"/var/www/html/laptop-loans/app/Views/people/index.php","line":25,"severity":8192}
[23-Feb-2026 08:11:07 UTC] PHP Deprecated:  htmlspecialchars(): Passing null to parameter #1 ($string) of type string is deprecated in /var/www/html/laptop-loans/app/Views/people/index.php on line 25
[2026-02-23 08:11:07] ERROR   PHP error: htmlspecialchars(): Passing null to parameter #1 ($string) of type string is deprecated in /var/www/html/laptop-loans/app/Views/people/index.php:26 {"msg":"htmlspecialchars(): Passing null to parameter #1 ($string) of type string is deprecated","file":"/var/www/html/laptop-loans/app/Views/people/index.php","line":26,"severity":8192}
[23-Feb-2026 08:11:07 UTC] PHP Deprecated:  htmlspecialchars(): Passing null to parameter #1 ($string) of type string is deprecated in /var/www/html/laptop-loans/app/Views/people/index.php on line 26
[2026-02-23 08:11:07] ERROR   PHP error: htmlspecialchars(): Passing null to parameter #1 ($string) of type string is deprecated in /var/www/html/laptop-loans/app/Views/people/index.php:23 {"msg":"htmlspecialchars(): Passing null to parameter #1 ($string) of type string is deprecated","file":"/var/www/html/laptop-loans/app/Views/people/index.php","line":23,"severity":8192}
[23-Feb-2026 08:11:07 UTC] PHP Deprecated:  htmlspecialchars(): Passing null to parameter #1 ($string) of type string is deprecated in /var/www/html/laptop-loans/app/Views/people/index.php on line 23
[2026-02-23 08:11:07] ERROR   PHP error: htmlspecialchars(): Passing null to parameter #1 ($string) of type string is deprecated in /var/www/html/laptop-loans/app/Views/people/index.php:24 {"msg":"htmlspecialchars(): Passing null to parameter #1 ($string) of type string is deprecated","file":"/var/www/html/laptop-loans/app/Views/people/index.php","line":24,"severity":8192}
[23-Feb-2026 08:11:07 UTC] PHP Deprecated:  htmlspecialchars(): Passing null to parameter #1 ($string) of type string is deprecated in /var/www/html/laptop-loans/app/Views/people/index.php on line 24
[2026-02-23 08:11:07] ERROR   PHP error: htmlspecialchars(): Passing null to parameter #1 ($string) of type string is deprecated in /var/www/html/laptop-loans/app/Views/people/index.php:25 {"msg":"htmlspecialchars(): Passing null to parameter #1 ($string) of type string is deprecated","file":"/var/www/html/laptop-loans/app/Views/people/index.php","line":25,"severity":8192}
[23-Feb-2026 08:11:07 UTC] PHP Deprecated:  htmlspecialchars(): Passing null to parameter #1 ($string) of type string is deprecated in /var/www/html/laptop-loans/app/Views/people/index.php on line 25
[2026-02-23 08:11:07] ERROR   PHP error: htmlspecialchars(): Passing null to parameter #1 ($string) of type string is deprecated in /var/www/html/laptop-loans/app/Views/people/index.php:26 {"msg":"htmlspecialchars(): Passing null to parameter #1 ($string) of type string is deprecated","file":"/var/www/html/laptop-loans/app/Views/people/index.php","line":26,"severity":8192}
[23-Feb-2026 08:11:07 UTC] PHP Deprecated:  htmlspecialchars(): Passing null to parameter #1 ($string) of type string is deprecated in /var/www/html/laptop-loans/app/Views/people/index.php on line 26
[2026-02-23 08:11:07] ERROR   PHP error: htmlspecialchars(): Passing null to parameter #1 ($string) of type string is deprecated in /var/www/html/laptop-loans/app/Views/people/index.php:23 {"msg":"htmlspecialchars(): Passing null to parameter #1 ($string) of type string is deprecated","file":"/var/www/html/laptop-loans/app/Views/people/index.php","line":23,"severity":8192}
[23-Feb-2026 08:11:07 UTC] PHP Deprecated:  htmlspecialchars(): Passing null to parameter #1 ($string) of type string is deprecated in /var/www/html/laptop-loans/app/Views/people/index.php on line 23
[2026-02-23 08:11:07] ERROR   PHP error: htmlspecialchars(): Passing null to parameter #1 ($string) of type string is deprecated in /var/www/html/laptop-loans/app/Views/people/index.php:24 {"msg":"htmlspecialchars(): Passing null to parameter #1 ($string) of type string is deprecated","file":"/var/www/html/laptop-loans/app/Views/people/index.php","line":24,"severity":8192}
[23-Feb-2026 08:11:07 UTC] PHP Deprecated:  htmlspecialchars(): Passing null to parameter #1 ($string) of type string is deprecated in /var/www/html/laptop-loans/app/Views/people/index.php on line 24
[2026-02-23 08:11:07] ERROR   PHP error: htmlspecialchars(): Passing null to parameter #1 ($string) of type string is deprecated in /var/www/html/laptop-loans/app/Views/people/index.php:25 {"msg":"htmlspecialchars(): Passing null to parameter #1 ($string) of type string is deprecated","file":"/var/www/html/laptop-loans/app/Views/people/index.php","line":25,"severity":8192}
[23-Feb-2026 08:11:07 UTC] PHP Deprecated:  htmlspecialchars(): Passing null to parameter #1 ($string) of type string is deprecated in /var/www/html/laptop-loans/app/Views/people/index.php on line 25
[2026-02-23 08:11:07] ERROR   PHP error: htmlspecialchars(): Passing null to parameter #1 ($string) of type string is deprecated in /var/www/html/laptop-loans/app/Views/people/index.php:26 {"msg":"htmlspecialchars(): Passing null to parameter #1 ($string) of type string is deprecated","file":"/var/www/html/laptop-loans/app/Views/people/index.php","line":26,"severity":8192}
[23-Feb-2026 08:11:07 UTC] PHP Deprecated:  htmlspecialchars(): Passing null to parameter #1 ($string) of type string is deprecated in /var/www/html/laptop-loans/app/Views/people/index.php on line 26
[2026-02-23 08:11:07] ERROR   PHP error: htmlspecialchars(): Passing null to parameter #1 ($string) of type string is deprecated in /var/www/html/laptop-loans/app/Views/people/index.php:23 {"msg":"htmlspecialchars(): Passing null to parameter #1 ($string) of type string is deprecated","file":"/var/www/html/laptop-loans/app/Views/people/index.php","line":23,"severity":8192}
[23-Feb-2026 08:11:07 UTC] PHP Deprecated:  htmlspecialchars(): Passing null to parameter #1 ($string) of type string is deprecated in /var/www/html/laptop-loans/app/Views/people/index.php on line 23
[2026-02-23 08:11:07] ERROR   PHP error: htmlspecialchars(): Passing null to parameter #1 ($string) of type string is deprecated in /var/www/html/laptop-loans/app/Views/people/index.php:24 {"msg":"htmlspecialchars(): Passing null to parameter #1 ($string) of type string is deprecated","file":"/var/www/html/laptop-loans/app/Views/people/index.php","line":24,"severity":8192}
[23-Feb-2026 08:11:07 UTC] PHP Deprecated:  htmlspecialchars(): Passing null to parameter #1 ($string) of type string is deprecated in /var/www/html/laptop-loans/app/Views/people/index.php on line 24
[2026-02-23 08:11:07] ERROR   PHP error: htmlspecialchars(): Passing null to parameter #1 ($string) of type string is deprecated in /var/www/html/laptop-loans/app/Views/people/index.php:25 {"msg":"htmlspecialchars(): Passing null to parameter #1 ($string) of type string is deprecated","file":"/var/www/html/laptop-loans/app/Views/people/index.php","line":25,"severity":8192}
[23-Feb-2026 08:11:07 UTC] PHP Deprecated:  htmlspecialchars(): Passing null to parameter #1 ($string) of type string is deprecated in /var/www/html/laptop-loans/app/Views/people/index.php on line 25
[2026-02-23 08:11:07] ERROR   PHP error: htmlspecialchars(): Passing null to parameter #1 ($string) of type string is deprecated in /var/www/html/laptop-loans/app/Views/people/index.php:26 {"msg":"htmlspecialchars(): Passing null to parameter #1 ($string) of type string is deprecated","file":"/var/www/html/laptop-loans/app/Views/people/index.php","line":26,"severity":8192}
[23-Feb-2026 08:11:07 UTC] PHP Deprecated:  htmlspecialchars(): Passing null to parameter #1 ($string) of type string is deprecated in /var/www/html/laptop-loans/app/Views/people/index.php on line 26
[2026-02-23 08:11:07] ERROR   PHP error: htmlspecialchars(): Passing null to parameter #1 ($string) of type string is deprecated in /var/www/html/laptop-loans/app/Views/people/index.php:23 {"msg":"htmlspecialchars(): Passing null to parameter #1 ($string) of type string is deprecated","file":"/var/www/html/laptop-loans/app/Views/people/index.php","line":23,"severity":8192}
[23-Feb-2026 08:11:07 UTC] PHP Deprecated:  htmlspecialchars(): Passing null to parameter #1 ($string) of type string is deprecated in /var/www/html/laptop-loans/app/Views/people/index.php on line 23
[2026-02-23 08:11:07] ERROR   PHP error: htmlspecialchars(): Passing null to parameter #1 ($string) of type string is deprecated in /var/www/html/laptop-loans/app/Views/people/index.php:24 {"msg":"htmlspecialchars(): Passing null to parameter #1 ($string) of type string is deprecated","file":"/var/www/html/laptop-loans/app/Views/people/index.php","line":24,"severity":8192}
[23-Feb-2026 08:11:07 UTC] PHP Deprecated:  htmlspecialchars(): Passing null to parameter #1 ($string) of type string is deprecated in /var/www/html/laptop-loans/app/Views/people/index.php on line 24
[2026-02-23 08:11:07] ERROR   PHP error: htmlspecialchars(): Passing null to parameter #1 ($string) of type string is deprecated in /var/www/html/laptop-loans/app/Views/people/index.php:25 {"msg":"htmlspecialchars(): Passing null to parameter #1 ($string) of type string is deprecated","file":"/var/www/html/laptop-loans/app/Views/people/index.php","line":25,"severity":8192}
[23-Feb-2026 08:11:07 UTC] PHP Deprecated:  htmlspecialchars(): Passing null to parameter #1 ($string) of type string is deprecated in /var/www/html/laptop-loans/app/Views/people/index.php on line 25
[2026-02-23 08:11:07] ERROR   PHP error: htmlspecialchars(): Passing null to parameter #1 ($string) of type string is deprecated in /var/www/html/laptop-loans/app/Views/people/index.php:26 {"msg":"htmlspecialchars(): Passing null to parameter #1 ($string) of type string is deprecated","file":"/var/www/html/laptop-loans/app/Views/people/index.php","line":26,"severity":8192}
[23-Feb-2026 08:11:07 UTC] PHP Deprecated:  htmlspecialchars(): Passing null to parameter #1 ($string) of type string is deprecated in /var/www/html/laptop-loans/app/Views/people/index.php on line 26
[2026-02-23 08:11:07] ERROR   PHP error: htmlspecialchars(): Passing null to parameter #1 ($string) of type string is deprecated in /var/www/html/laptop-loans/app/Views/people/index.php:23 {"msg":"htmlspecialchars(): Passing null to parameter #1 ($string) of type string is deprecated","file":"/var/www/html/laptop-loans/app/Views/people/index.php","line":23,"severity":8192}
[23-Feb-2026 08:11:07 UTC] PHP Deprecated:  htmlspecialchars(): Passing null to parameter #1 ($string) of type string is deprecated in /var/www/html/laptop-loans/app/Views/people/index.php on line 23
[2026-02-23 08:11:07] ERROR   PHP error: htmlspecialchars(): Passing null to parameter #1 ($string) of type string is deprecated in /var/www/html/laptop-loans/app/Views/people/index.php:24 {"msg":"htmlspecialchars(): Passing null to parameter #1 ($string) of type string is deprecated","file":"/var/www/html/laptop-loans/app/Views/people/index.php","line":24,"severity":8192}
[23-Feb-2026 08:11:07 UTC] PHP Deprecated:  htmlspecialchars(): Passing null to parameter #1 ($string) of type string is deprecated in /var/www/html/laptop-loans/app/Views/people/index.php on line 24
[2026-02-23 08:11:07] ERROR   PHP error: htmlspecialchars(): Passing null to parameter #1 ($string) of type string is deprecated in /var/www/html/laptop-loans/app/Views/people/index.php:25 {"msg":"htmlspecialchars(): Passing null to parameter #1 ($string) of type string is deprecated","file":"/var/www/html/laptop-loans/app/Views/people/index.php","line":25,"severity":8192}
[23-Feb-2026 08:11:07 UTC] PHP Deprecated:  htmlspecialchars(): Passing null to parameter #1 ($string) of type string is deprecated in /var/www/html/laptop-loans/app/Views/people/index.php on line 25
[2026-02-23 08:11:07] ERROR   PHP error: htmlspecialchars(): Passing null to parameter #1 ($string) of type string is deprecated in /var/www/html/laptop-loans/app/Views/people/index.php:26 {"msg":"htmlspecialchars(): Passing null to parameter #1 ($string) of type string is deprecated","file":"/var/www/html/laptop-loans/app/Views/people/index.php","line":26,"severity":8192}
[23-Feb-2026 08:11:07 UTC] PHP Deprecated:  htmlspecialchars(): Passing null to parameter #1 ($string) of type string is deprecated in /var/www/html/laptop-loans/app/Views/people/index.php on line 26
[2026-02-23 08:11:07] ERROR   PHP error: htmlspecialchars(): Passing null to parameter #1 ($string) of type string is deprecated in /var/www/html/laptop-loans/app/Views/people/index.php:23 {"msg":"htmlspecialchars(): Passing null to parameter #1 ($string) of type string is deprecated","file":"/var/www/html/laptop-loans/app/Views/people/index.php","line":23,"severity":8192}
[23-Feb-2026 08:11:07 UTC] PHP Deprecated:  htmlspecialchars(): Passing null to parameter #1 ($string) of type string is deprecated in /var/www/html/laptop-loans/app/Views/people/index.php on line 23
[2026-02-23 08:11:07] ERROR   PHP error: htmlspecialchars(): Passing null to parameter #1 ($string) of type string is deprecated in /var/www/html/laptop-loans/app/Views/people/index.php:24 {"msg":"htmlspecialchars(): Passing null to parameter #1 ($string) of type string is deprecated","file":"/var/www/html/laptop-loans/app/Views/people/index.php","line":24,"severity":8192}
[23-Feb-2026 08:11:07 UTC] PHP Deprecated:  htmlspecialchars(): Passing null to parameter #1 ($string) of type string is deprecated in /var/www/html/laptop-loans/app/Views/people/index.php on line 24
[2026-02-23 08:11:07] ERROR   PHP error: htmlspecialchars(): Passing null to parameter #1 ($string) of type string is deprecated in /var/www/html/laptop-loans/app/Views/people/index.php:25 {"msg":"htmlspecialchars(): Passing null to parameter #1 ($string) of type string is deprecated","file":"/var/www/html/laptop-loans/app/Views/people/index.php","line":25,"severity":8192}
[23-Feb-2026 08:11:07 UTC] PHP Deprecated:  htmlspecialchars(): Passing null to parameter #1 ($string) of type string is deprecated in /var/www/html/laptop-loans/app/Views/people/index.php on line 25
[2026-02-23 08:11:07] ERROR   PHP error: htmlspecialchars(): Passing null to parameter #1 ($string) of type string is deprecated in /var/www/html/laptop-loans/app/Views/people/index.php:26 {"msg":"htmlspecialchars(): Passing null to parameter #1 ($string) of type string is deprecated","file":"/var/www/html/laptop-loans/app/Views/people/index.php","line":26,"severity":8192}
[23-Feb-2026 08:11:07 UTC] PHP Deprecated:  htmlspecialchars(): Passing null to parameter #1 ($string) of type string is deprecated in /var/www/html/laptop-loans/app/Views/people/index.php on line 26
[2026-02-23 08:11:10] INFO    AUDIT visit {"user_id":null,"username":"anon","route":"people/index","ip":"10.52.2.5"}
[2026-02-23 08:11:10] ERROR   PHP error: htmlspecialchars(): Passing null to parameter #1 ($string) of type string is deprecated in /var/www/html/laptop-loans/app/Views/people/index.php:23 {"msg":"htmlspecialchars(): Passing null to parameter #1 ($string) of type string is deprecated","file":"/var/www/html/laptop-loans/app/Views/people/index.php","line":23,"severity":8192}
[23-Feb-2026 08:11:10 UTC] PHP Deprecated:  htmlspecialchars(): Passing null to parameter #1 ($string) of type string is deprecated in /var/www/html/laptop-loans/app/Views/people/index.php on line 23
[2026-02-23 08:11:10] ERROR   PHP error: htmlspecialchars(): Passing null to parameter #1 ($string) of type string is deprecated in /var/www/html/laptop-loans/app/Views/people/index.php:24 {"msg":"htmlspecialchars(): Passing null to parameter #1 ($string) of type string is deprecated","file":"/var/www/html/laptop-loans/app/Views/people/index.php","line":24,"severity":8192}
[23-Feb-2026 08:11:10 UTC] PHP Deprecated:  htmlspecialchars(): Passing null to parameter #1 ($string) of type string is deprecated in /var/www/html/laptop-loans/app/Views/people/index.php on line 24
[2026-02-23 08:11:10] ERROR   PHP error: htmlspecialchars(): Passing null to parameter #1 ($string) of type string is deprecated in /var/www/html/laptop-loans/app/Views/people/index.php:25 {"msg":"htmlspecialchars(): Passing null to parameter #1 ($string) of type string is deprecated","file":"/var/www/html/laptop-loans/app/Views/people/index.php","line":25,"severity":8192}
[23-Feb-2026 08:11:10 UTC] PHP Deprecated:  htmlspecialchars(): Passing null to parameter #1 ($string) of type string is deprecated in /var/www/html/laptop-loans/app/Views/people/index.php on line 25
[2026-02-23 08:11:10] ERROR   PHP error: htmlspecialchars(): Passing null to parameter #1 ($string) of type string is deprecated in /var/www/html/laptop-loans/app/Views/people/index.php:26 {"msg":"htmlspecialchars(): Passing null to parameter #1 ($string) of type string is deprecated","file":"/var/www/html/laptop-loans/app/Views/people/index.php","line":26,"severity":8192}
[23-Feb-2026 08:11:10 UTC] PHP Deprecated:  htmlspecialchars(): Passing null to parameter #1 ($string) of type string is deprecated in /var/www/html/laptop-loans/app/Views/people/index.php on line 26
[2026-02-23 08:11:10] ERROR   PHP error: htmlspecialchars(): Passing null to parameter #1 ($string) of type string is deprecated in /var/www/html/laptop-loans/app/Views/people/index.php:23 {"msg":"htmlspecialchars(): Passing null to parameter #1 ($string) of type string is deprecated","file":"/var/www/html/laptop-loans/app/Views/people/index.php","line":23,"severity":8192}
[23-Feb-2026 08:11:10 UTC] PHP Deprecated:  htmlspecialchars(): Passing null to parameter #1 ($string) of type string is deprecated in /var/www/html/laptop-loans/app/Views/people/index.php on line 23
[2026-02-23 08:11:10] ERROR   PHP error: htmlspecialchars(): Passing null to parameter #1 ($string) of type string is deprecated in /var/www/html/laptop-loans/app/Views/people/index.php:24 {"msg":"htmlspecialchars(): Passing null to parameter #1 ($string) of type string is deprecated","file":"/var/www/html/laptop-loans/app/Views/people/index.php","line":24,"severity":8192}
[23-Feb-2026 08:11:10 UTC] PHP Deprecated:  htmlspecialchars(): Passing null to parameter #1 ($string) of type string is deprecated in /var/www/html/laptop-loans/app/Views/people/index.php on line 24
[2026-02-23 08:11:10] ERROR   PHP error: htmlspecialchars(): Passing null to parameter #1 ($string) of type string is deprecated in /var/www/html/laptop-loans/app/Views/people/index.php:25 {"msg":"htmlspecialchars(): Passing null to parameter #1 ($string) of type string is deprecated","file":"/var/www/html/laptop-loans/app/Views/people/index.php","line":25,"severity":8192}
[23-Feb-2026 08:11:10 UTC] PHP Deprecated:  htmlspecialchars(): Passing null to parameter #1 ($string) of type string is deprecated in /var/www/html/laptop-loans/app/Views/people/index.php on line 25
[2026-02-23 08:11:10] ERROR   PHP error: htmlspecialchars(): Passing null to parameter #1 ($string) of type string is deprecated in /var/www/html/laptop-loans/app/Views/people/index.php:26 {"msg":"htmlspecialchars(): Passing null to parameter #1 ($string) of type string is deprecated","file":"/var/www/html/laptop-loans/app/Views/people/index.php","line":26,"severity":8192}
[23-Feb-2026 08:11:10 UTC] PHP Deprecated:  htmlspecialchars(): Passing null to parameter #1 ($string) of type string is deprecated in /var/www/html/laptop-loans/app/Views/people/index.php on line 26
[2026-02-23 08:11:10] ERROR   PHP error: htmlspecialchars(): Passing null to parameter #1 ($string) of type string is deprecated in /var/www/html/laptop-loans/app/Views/people/index.php:23 {"msg":"htmlspecialchars(): Passing null to parameter #1 ($string) of type string is deprecated","file":"/var/www/html/laptop-loans/app/Views/people/index.php","line":23,"severity":8192}
[23-Feb-2026 08:11:10 UTC] PHP Deprecated:  htmlspecialchars(): Passing null to parameter #1 ($string) of type string is deprecated in /var/www/html/laptop-loans/app/Views/people/index.php on line 23
[2026-02-23 08:11:10] ERROR   PHP error: htmlspecialchars(): Passing null to parameter #1 ($string) of type string is deprecated in /var/www/html/laptop-loans/app/Views/people/index.php:24 {"msg":"htmlspecialchars(): Passing null to parameter #1 ($string) of type string is deprecated","file":"/var/www/html/laptop-loans/app/Views/people/index.php","line":24,"severity":8192}
[23-Feb-2026 08:11:10 UTC] PHP Deprecated:  htmlspecialchars(): Passing null to parameter #1 ($string) of type string is deprecated in /var/www/html/laptop-loans/app/Views/people/index.php on line 24
[2026-02-23 08:11:10] ERROR   PHP error: htmlspecialchars(): Passing null to parameter #1 ($string) of type string is deprecated in /var/www/html/laptop-loans/app/Views/people/index.php:25 {"msg":"htmlspecialchars(): Passing null to parameter #1 ($string) of type string is deprecated","file":"/var/www/html/laptop-loans/app/Views/people/index.php","line":25,"severity":8192}
[23-Feb-2026 08:11:10 UTC] PHP Deprecated:  htmlspecialchars(): Passing null to parameter #1 ($string) of type string is deprecated in /var/www/html/laptop-loans/app/Views/people/index.php on line 25
[2026-02-23 08:11:10] ERROR   PHP error: htmlspecialchars(): Passing null to parameter #1 ($string) of type string is deprecated in /var/www/html/laptop-loans/app/Views/people/index.php:26 {"msg":"htmlspecialchars(): Passing null to parameter #1 ($string) of type string is deprecated","file":"/var/www/html/laptop-loans/app/Views/people/index.php","line":26,"severity":8192}
[23-Feb-2026 08:11:10 UTC] PHP Deprecated:  htmlspecialchars(): Passing null to parameter #1 ($string) of type string is deprecated in /var/www/html/laptop-loans/app/Views/people/index.php on line 26
[2026-02-23 08:11:10] ERROR   PHP error: htmlspecialchars(): Passing null to parameter #1 ($string) of type string is deprecated in /var/www/html/laptop-loans/app/Views/people/index.php:23 {"msg":"htmlspecialchars(): Passing null to parameter #1 ($string) of type string is deprecated","file":"/var/www/html/laptop-loans/app/Views/people/index.php","line":23,"severity":8192}
[23-Feb-2026 08:11:10 UTC] PHP Deprecated:  htmlspecialchars(): Passing null to parameter #1 ($string) of type string is deprecated in /var/www/html/laptop-loans/app/Views/people/index.php on line 23
[2026-02-23 08:11:10] ERROR   PHP error: htmlspecialchars(): Passing null to parameter #1 ($string) of type string is deprecated in /var/www/html/laptop-loans/app/Views/people/index.php:24 {"msg":"htmlspecialchars(): Passing null to parameter #1 ($string) of type string is deprecated","file":"/var/www/html/laptop-loans/app/Views/people/index.php","line":24,"severity":8192}
[23-Feb-2026 08:11:10 UTC] PHP Deprecated:  htmlspecialchars(): Passing null to parameter #1 ($string) of type string is deprecated in /var/www/html/laptop-loans/app/Views/people/index.php on line 24
[2026-02-23 08:11:10] ERROR   PHP error: htmlspecialchars(): Passing null to parameter #1 ($string) of type string is deprecated in /var/www/html/laptop-loans/app/Views/people/index.php:25 {"msg":"htmlspecialchars(): Passing null to parameter #1 ($string) of type string is deprecated","file":"/var/www/html/laptop-loans/app/Views/people/index.php","line":25,"severity":8192}
[23-Feb-2026 08:11:10 UTC] PHP Deprecated:  htmlspecialchars(): Passing null to parameter #1 ($string) of type string is deprecated in /var/www/html/laptop-loans/app/Views/people/index.php on line 25
[2026-02-23 08:11:10] ERROR   PHP error: htmlspecialchars(): Passing null to parameter #1 ($string) of type string is deprecated in /var/www/html/laptop-loans/app/Views/people/index.php:26 {"msg":"htmlspecialchars(): Passing null to parameter #1 ($string) of type string is deprecated","file":"/var/www/html/laptop-loans/app/Views/people/index.php","line":26,"severity":8192}
[23-Feb-2026 08:11:10 UTC] PHP Deprecated:  htmlspecialchars(): Passing null to parameter #1 ($string) of type string is deprecated in /var/www/html/laptop-loans/app/Views/people/index.php on line 26
[2026-02-23 08:11:10] ERROR   PHP error: htmlspecialchars(): Passing null to parameter #1 ($string) of type string is deprecated in /var/www/html/laptop-loans/app/Views/people/index.php:23 {"msg":"htmlspecialchars(): Passing null to parameter #1 ($string) of type string is deprecated","file":"/var/www/html/laptop-loans/app/Views/people/index.php","line":23,"severity":8192}
[23-Feb-2026 08:11:10 UTC] PHP Deprecated:  htmlspecialchars(): Passing null to parameter #1 ($string) of type string is deprecated in /var/www/html/laptop-loans/app/Views/people/index.php on line 23
[2026-02-23 08:11:10] ERROR   PHP error: htmlspecialchars(): Passing null to parameter #1 ($string) of type string is deprecated in /var/www/html/laptop-loans/app/Views/people/index.php:24 {"msg":"htmlspecialchars(): Passing null to parameter #1 ($string) of type string is deprecated","file":"/var/www/html/laptop-loans/app/Views/people/index.php","line":24,"severity":8192}
[23-Feb-2026 08:11:10 UTC] PHP Deprecated:  htmlspecialchars(): Passing null to parameter #1 ($string) of type string is deprecated in /var/www/html/laptop-loans/app/Views/people/index.php on line 24
[2026-02-23 08:11:10] ERROR   PHP error: htmlspecialchars(): Passing null to parameter #1 ($string) of type string is deprecated in /var/www/html/laptop-loans/app/Views/people/index.php:25 {"msg":"htmlspecialchars(): Passing null to parameter #1 ($string) of type string is deprecated","file":"/var/www/html/laptop-loans/app/Views/people/index.php","line":25,"severity":8192}
[23-Feb-2026 08:11:10 UTC] PHP Deprecated:  htmlspecialchars(): Passing null to parameter #1 ($string) of type string is deprecated in /var/www/html/laptop-loans/app/Views/people/index.php on line 25
[2026-02-23 08:11:10] ERROR   PHP error: htmlspecialchars(): Passing null to parameter #1 ($string) of type string is deprecated in /var/www/html/laptop-loans/app/Views/people/index.php:26 {"msg":"htmlspecialchars(): Passing null to parameter #1 ($string) of type string is deprecated","file":"/var/www/html/laptop-loans/app/Views/people/index.php","line":26,"severity":8192}
[23-Feb-2026 08:11:10 UTC] PHP Deprecated:  htmlspecialchars(): Passing null to parameter #1 ($string) of type string is deprecated in /var/www/html/laptop-loans/app/Views/people/index.php on line 26
[2026-02-23 08:11:10] ERROR   PHP error: htmlspecialchars(): Passing null to parameter #1 ($string) of type string is deprecated in /var/www/html/laptop-loans/app/Views/people/index.php:23 {"msg":"htmlspecialchars(): Passing null to parameter #1 ($string) of type string is deprecated","file":"/var/www/html/laptop-loans/app/Views/people/index.php","line":23,"severity":8192}
[23-Feb-2026 08:11:10 UTC] PHP Deprecated:  htmlspecialchars(): Passing null to parameter #1 ($string) of type string is deprecated in /var/www/html/laptop-loans/app/Views/people/index.php on line 23
[2026-02-23 08:11:10] ERROR   PHP error: htmlspecialchars(): Passing null to parameter #1 ($string) of type string is deprecated in /var/www/html/laptop-loans/app/Views/people/index.php:24 {"msg":"htmlspecialchars(): Passing null to parameter #1 ($string) of type string is deprecated","file":"/var/www/html/laptop-loans/app/Views/people/index.php","line":24,"severity":8192}
[23-Feb-2026 08:11:10 UTC] PHP Deprecated:  htmlspecialchars(): Passing null to parameter #1 ($string) of type string is deprecated in /var/www/html/laptop-loans/app/Views/people/index.php on line 24
[2026-02-23 08:11:10] ERROR   PHP error: htmlspecialchars(): Passing null to parameter #1 ($string) of type string is deprecated in /var/www/html/laptop-loans/app/Views/people/index.php:25 {"msg":"htmlspecialchars(): Passing null to parameter #1 ($string) of type string is deprecated","file":"/var/www/html/laptop-loans/app/Views/people/index.php","line":25,"severity":8192}
[23-Feb-2026 08:11:10 UTC] PHP Deprecated:  htmlspecialchars(): Passing null to parameter #1 ($string) of type string is deprecated in /var/www/html/laptop-loans/app/Views/people/index.php on line 25
[2026-02-23 08:11:10] ERROR   PHP error: htmlspecialchars(): Passing null to parameter #1 ($string) of type string is deprecated in /var/www/html/laptop-loans/app/Views/people/index.php:26 {"msg":"htmlspecialchars(): Passing null to parameter #1 ($string) of type string is deprecated","file":"/var/www/html/laptop-loans/app/Views/people/index.php","line":26,"severity":8192}
[23-Feb-2026 08:11:10 UTC] PHP Deprecated:  htmlspecialchars(): Passing null to parameter #1 ($string) of type string is deprecated in /var/www/html/laptop-loans/app/Views/people/index.php on line 26
[2026-02-23 08:11:10] ERROR   PHP error: htmlspecialchars(): Passing null to parameter #1 ($string) of type string is deprecated in /var/www/html/laptop-loans/app/Views/people/index.php:23 {"msg":"htmlspecialchars(): Passing null to parameter #1 ($string) of type string is deprecated","file":"/var/www/html/laptop-loans/app/Views/people/index.php","line":23,"severity":8192}
[23-Feb-2026 08:11:10 UTC] PHP Deprecated:  htmlspecialchars(): Passing null to parameter #1 ($string) of type string is deprecated in /var/www/html/laptop-loans/app/Views/people/index.php on line 23
[2026-02-23 08:11:10] ERROR   PHP error: htmlspecialchars(): Passing null to parameter #1 ($string) of type string is deprecated in /var/www/html/laptop-loans/app/Views/people/index.php:24 {"msg":"htmlspecialchars(): Passing null to parameter #1 ($string) of type string is deprecated","file":"/var/www/html/laptop-loans/app/Views/people/index.php","line":24,"severity":8192}
[23-Feb-2026 08:11:10 UTC] PHP Deprecated:  htmlspecialchars(): Passing null to parameter #1 ($string) of type string is deprecated in /var/www/html/laptop-loans/app/Views/people/index.php on line 24
[2026-02-23 08:11:10] ERROR   PHP error: htmlspecialchars(): Passing null to parameter #1 ($string) of type string is deprecated in /var/www/html/laptop-loans/app/Views/people/index.php:25 {"msg":"htmlspecialchars(): Passing null to parameter #1 ($string) of type string is deprecated","file":"/var/www/html/laptop-loans/app/Views/people/index.php","line":25,"severity":8192}
[23-Feb-2026 08:11:10 UTC] PHP Deprecated:  htmlspecialchars(): Passing null to parameter #1 ($string) of type string is deprecated in /var/www/html/laptop-loans/app/Views/people/index.php on line 25
[2026-02-23 08:11:10] ERROR   PHP error: htmlspecialchars(): Passing null to parameter #1 ($string) of type string is deprecated in /var/www/html/laptop-loans/app/Views/people/index.php:26 {"msg":"htmlspecialchars(): Passing null to parameter #1 ($string) of type string is deprecated","file":"/var/www/html/laptop-loans/app/Views/people/index.php","line":26,"severity":8192}
[23-Feb-2026 08:11:10 UTC] PHP Deprecated:  htmlspecialchars(): Passing null to parameter #1 ($string) of type string is deprecated in /var/www/html/laptop-loans/app/Views/people/index.php on line 26
[2026-02-23 08:11:10] ERROR   PHP error: htmlspecialchars(): Passing null to parameter #1 ($string) of type string is deprecated in /var/www/html/laptop-loans/app/Views/people/index.php:23 {"msg":"htmlspecialchars(): Passing null to parameter #1 ($string) of type string is deprecated","file":"/var/www/html/laptop-loans/app/Views/people/index.php","line":23,"severity":8192}
[23-Feb-2026 08:11:10 UTC] PHP Deprecated:  htmlspecialchars(): Passing null to parameter #1 ($string) of type string is deprecated in /var/www/html/laptop-loans/app/Views/people/index.php on line 23
[2026-02-23 08:11:10] ERROR   PHP error: htmlspecialchars(): Passing null to parameter #1 ($string) of type string is deprecated in /var/www/html/laptop-loans/app/Views/people/index.php:24 {"msg":"htmlspecialchars(): Passing null to parameter #1 ($string) of type string is deprecated","file":"/var/www/html/laptop-loans/app/Views/people/index.php","line":24,"severity":8192}
[23-Feb-2026 08:11:10 UTC] PHP Deprecated:  htmlspecialchars(): Passing null to parameter #1 ($string) of type string is deprecated in /var/www/html/laptop-loans/app/Views/people/index.php on line 24
[2026-02-23 08:11:10] ERROR   PHP error: htmlspecialchars(): Passing null to parameter #1 ($string) of type string is deprecated in /var/www/html/laptop-loans/app/Views/people/index.php:25 {"msg":"htmlspecialchars(): Passing null to parameter #1 ($string) of type string is deprecated","file":"/var/www/html/laptop-loans/app/Views/people/index.php","line":25,"severity":8192}
[23-Feb-2026 08:11:10 UTC] PHP Deprecated:  htmlspecialchars(): Passing null to parameter #1 ($string) of type string is deprecated in /var/www/html/laptop-loans/app/Views/people/index.php on line 25
[2026-02-23 08:11:10] ERROR   PHP error: htmlspecialchars(): Passing null to parameter #1 ($string) of type string is deprecated in /var/www/html/laptop-loans/app/Views/people/index.php:26 {"msg":"htmlspecialchars(): Passing null to parameter #1 ($string) of type string is deprecated","file":"/var/www/html/laptop-loans/app/Views/people/index.php","line":26,"severity":8192}
[23-Feb-2026 08:11:10 UTC] PHP Deprecated:  htmlspecialchars(): Passing null to parameter #1 ($string) of type string is deprecated in /var/www/html/laptop-loans/app/Views/people/index.php on line 26
[2026-02-23 08:11:10] ERROR   PHP error: htmlspecialchars(): Passing null to parameter #1 ($string) of type string is deprecated in /var/www/html/laptop-loans/app/Views/people/index.php:23 {"msg":"htmlspecialchars(): Passing null to parameter #1 ($string) of type string is deprecated","file":"/var/www/html/laptop-loans/app/Views/people/index.php","line":23,"severity":8192}
[23-Feb-2026 08:11:10 UTC] PHP Deprecated:  htmlspecialchars(): Passing null to parameter #1 ($string) of type string is deprecated in /var/www/html/laptop-loans/app/Views/people/index.php on line 23
[2026-02-23 08:11:10] ERROR   PHP error: htmlspecialchars(): Passing null to parameter #1 ($string) of type string is deprecated in /var/www/html/laptop-loans/app/Views/people/index.php:24 {"msg":"htmlspecialchars(): Passing null to parameter #1 ($string) of type string is deprecated","file":"/var/www/html/laptop-loans/app/Views/people/index.php","line":24,"severity":8192}
[23-Feb-2026 08:11:10 UTC] PHP Deprecated:  htmlspecialchars(): Passing null to parameter #1 ($string) of type string is deprecated in /var/www/html/laptop-loans/app/Views/people/index.php on line 24
[2026-02-23 08:11:10] ERROR   PHP error: htmlspecialchars(): Passing null to parameter #1 ($string) of type string is deprecated in /var/www/html/laptop-loans/app/Views/people/index.php:25 {"msg":"htmlspecialchars(): Passing null to parameter #1 ($string) of type string is deprecated","file":"/var/www/html/laptop-loans/app/Views/people/index.php","line":25,"severity":8192}
[23-Feb-2026 08:11:10 UTC] PHP Deprecated:  htmlspecialchars(): Passing null to parameter #1 ($string) of type string is deprecated in /var/www/html/laptop-loans/app/Views/people/index.php on line 25
[2026-02-23 08:11:10] ERROR   PHP error: htmlspecialchars(): Passing null to parameter #1 ($string) of type string is deprecated in /var/www/html/laptop-loans/app/Views/people/index.php:26 {"msg":"htmlspecialchars(): Passing null to parameter #1 ($string) of type string is deprecated","file":"/var/www/html/laptop-loans/app/Views/people/index.php","line":26,"severity":8192}
[23-Feb-2026 08:11:10 UTC] PHP Deprecated:  htmlspecialchars(): Passing null to parameter #1 ($string) of type string is deprecated in /var/www/html/laptop-loans/app/Views/people/index.php on line 26
[2026-02-23 08:11:10] ERROR   PHP error: htmlspecialchars(): Passing null to parameter #1 ($string) of type string is deprecated in /var/www/html/laptop-loans/app/Views/people/index.php:23 {"msg":"htmlspecialchars(): Passing null to parameter #1 ($string) of type string is deprecated","file":"/var/www/html/laptop-loans/app/Views/people/index.php","line":23,"severity":8192}
[23-Feb-2026 08:11:10 UTC] PHP Deprecated:  htmlspecialchars(): Passing null to parameter #1 ($string) of type string is deprecated in /var/www/html/laptop-loans/app/Views/people/index.php on line 23
[2026-02-23 08:11:10] ERROR   PHP error: htmlspecialchars(): Passing null to parameter #1 ($string) of type string is deprecated in /var/www/html/laptop-loans/app/Views/people/index.php:24 {"msg":"htmlspecialchars(): Passing null to parameter #1 ($string) of type string is deprecated","file":"/var/www/html/laptop-loans/app/Views/people/index.php","line":24,"severity":8192}
[23-Feb-2026 08:11:10 UTC] PHP Deprecated:  htmlspecialchars(): Passing null to parameter #1 ($string) of type string is deprecated in /var/www/html/laptop-loans/app/Views/people/index.php on line 24
[2026-02-23 08:11:10] ERROR   PHP error: htmlspecialchars(): Passing null to parameter #1 ($string) of type string is deprecated in /var/www/html/laptop-loans/app/Views/people/index.php:25 {"msg":"htmlspecialchars(): Passing null to parameter #1 ($string) of type string is deprecated","file":"/var/www/html/laptop-loans/app/Views/people/index.php","line":25,"severity":8192}
[23-Feb-2026 08:11:10 UTC] PHP Deprecated:  htmlspecialchars(): Passing null to parameter #1 ($string) of type string is deprecated in /var/www/html/laptop-loans/app/Views/people/index.php on line 25
[2026-02-23 08:11:10] ERROR   PHP error: htmlspecialchars(): Passing null to parameter #1 ($string) of type string is deprecated in /var/www/html/laptop-loans/app/Views/people/index.php:26 {"msg":"htmlspecialchars(): Passing null to parameter #1 ($string) of type string is deprecated","file":"/var/www/html/laptop-loans/app/Views/people/index.php","line":26,"severity":8192}
[23-Feb-2026 08:11:10 UTC] PHP Deprecated:  htmlspecialchars(): Passing null to parameter #1 ($string) of type string is deprecated in /var/www/html/laptop-loans/app/Views/people/index.php on line 26
[2026-02-23 08:11:10] ERROR   PHP error: htmlspecialchars(): Passing null to parameter #1 ($string) of type string is deprecated in /var/www/html/laptop-loans/app/Views/people/index.php:23 {"msg":"htmlspecialchars(): Passing null to parameter #1 ($string) of type string is deprecated","file":"/var/www/html/laptop-loans/app/Views/people/index.php","line":23,"severity":8192}
[23-Feb-2026 08:11:10 UTC] PHP Deprecated:  htmlspecialchars(): Passing null to parameter #1 ($string) of type string is deprecated in /var/www/html/laptop-loans/app/Views/people/index.php on line 23
[2026-02-23 08:11:10] ERROR   PHP error: htmlspecialchars(): Passing null to parameter #1 ($string) of type string is deprecated in /var/www/html/laptop-loans/app/Views/people/index.php:24 {"msg":"htmlspecialchars(): Passing null to parameter #1 ($string) of type string is deprecated","file":"/var/www/html/laptop-loans/app/Views/people/index.php","line":24,"severity":8192}
[23-Feb-2026 08:11:10 UTC] PHP Deprecated:  htmlspecialchars(): Passing null to parameter #1 ($string) of type string is deprecated in /var/www/html/laptop-loans/app/Views/people/index.php on line 24
[2026-02-23 08:11:10] ERROR   PHP error: htmlspecialchars(): Passing null to parameter #1 ($string) of type string is deprecated in /var/www/html/laptop-loans/app/Views/people/index.php:25 {"msg":"htmlspecialchars(): Passing null to parameter #1 ($string) of type string is deprecated","file":"/var/www/html/laptop-loans/app/Views/people/index.php","line":25,"severity":8192}
[23-Feb-2026 08:11:10 UTC] PHP Deprecated:  htmlspecialchars(): Passing null to parameter #1 ($string) of type string is deprecated in /var/www/html/laptop-loans/app/Views/people/index.php on line 25
[2026-02-23 08:11:10] ERROR   PHP error: htmlspecialchars(): Passing null to parameter #1 ($string) of type string is deprecated in /var/www/html/laptop-loans/app/Views/people/index.php:26 {"msg":"htmlspecialchars(): Passing null to parameter #1 ($string) of type string is deprecated","file":"/var/www/html/laptop-loans/app/Views/people/index.php","line":26,"severity":8192}
[23-Feb-2026 08:11:10 UTC] PHP Deprecated:  htmlspecialchars(): Passing null to parameter #1 ($string) of type string is deprecated in /var/www/html/laptop-loans/app/Views/people/index.php on line 26
[2026-02-23 08:11:10] ERROR   PHP error: htmlspecialchars(): Passing null to parameter #1 ($string) of type string is deprecated in /var/www/html/laptop-loans/app/Views/people/index.php:23 {"msg":"htmlspecialchars(): Passing null to parameter #1 ($string) of type string is deprecated","file":"/var/www/html/laptop-loans/app/Views/people/index.php","line":23,"severity":8192}
[23-Feb-2026 08:11:10 UTC] PHP Deprecated:  htmlspecialchars(): Passing null to parameter #1 ($string) of type string is deprecated in /var/www/html/laptop-loans/app/Views/people/index.php on line 23
[2026-02-23 08:11:10] ERROR   PHP error: htmlspecialchars(): Passing null to parameter #1 ($string) of type string is deprecated in /var/www/html/laptop-loans/app/Views/people/index.php:24 {"msg":"htmlspecialchars(): Passing null to parameter #1 ($string) of type string is deprecated","file":"/var/www/html/laptop-loans/app/Views/people/index.php","line":24,"severity":8192}
[23-Feb-2026 08:11:10 UTC] PHP Deprecated:  htmlspecialchars(): Passing null to parameter #1 ($string) of type string is deprecated in /var/www/html/laptop-loans/app/Views/people/index.php on line 24
[2026-02-23 08:11:10] ERROR   PHP error: htmlspecialchars(): Passing null to parameter #1 ($string) of type string is deprecated in /var/www/html/laptop-loans/app/Views/people/index.php:25 {"msg":"htmlspecialchars(): Passing null to parameter #1 ($string) of type string is deprecated","file":"/var/www/html/laptop-loans/app/Views/people/index.php","line":25,"severity":8192}
[23-Feb-2026 08:11:10 UTC] PHP Deprecated:  htmlspecialchars(): Passing null to parameter #1 ($string) of type string is deprecated in /var/www/html/laptop-loans/app/Views/people/index.php on line 25
[2026-02-23 08:11:10] ERROR   PHP error: htmlspecialchars(): Passing null to parameter #1 ($string) of type string is deprecated in /var/www/html/laptop-loans/app/Views/people/index.php:26 {"msg":"htmlspecialchars(): Passing null to parameter #1 ($string) of type string is deprecated","file":"/var/www/html/laptop-loans/app/Views/people/index.php","line":26,"severity":8192}
[23-Feb-2026 08:11:10 UTC] PHP Deprecated:  htmlspecialchars(): Passing null to parameter #1 ($string) of type string is deprecated in /var/www/html/laptop-loans/app/Views/people/index.php on line 26
[2026-02-23 08:11:10] ERROR   PHP error: htmlspecialchars(): Passing null to parameter #1 ($string) of type string is deprecated in /var/www/html/laptop-loans/app/Views/people/index.php:23 {"msg":"htmlspecialchars(): Passing null to parameter #1 ($string) of type string is deprecated","file":"/var/www/html/laptop-loans/app/Views/people/index.php","line":23,"severity":8192}
[23-Feb-2026 08:11:10 UTC] PHP Deprecated:  htmlspecialchars(): Passing null to parameter #1 ($string) of type string is deprecated in /var/www/html/laptop-loans/app/Views/people/index.php on line 23
[2026-02-23 08:11:10] ERROR   PHP error: htmlspecialchars(): Passing null to parameter #1 ($string) of type string is deprecated in /var/www/html/laptop-loans/app/Views/people/index.php:24 {"msg":"htmlspecialchars(): Passing null to parameter #1 ($string) of type string is deprecated","file":"/var/www/html/laptop-loans/app/Views/people/index.php","line":24,"severity":8192}
[23-Feb-2026 08:11:10 UTC] PHP Deprecated:  htmlspecialchars(): Passing null to parameter #1 ($string) of type string is deprecated in /var/www/html/laptop-loans/app/Views/people/index.php on line 24
[2026-02-23 08:11:10] ERROR   PHP error: htmlspecialchars(): Passing null to parameter #1 ($string) of type string is deprecated in /var/www/html/laptop-loans/app/Views/people/index.php:25 {"msg":"htmlspecialchars(): Passing null to parameter #1 ($string) of type string is deprecated","file":"/var/www/html/laptop-loans/app/Views/people/index.php","line":25,"severity":8192}
[23-Feb-2026 08:11:10 UTC] PHP Deprecated:  htmlspecialchars(): Passing null to parameter #1 ($string) of type string is deprecated in /var/www/html/laptop-loans/app/Views/people/index.php on line 25
[2026-02-23 08:11:10] ERROR   PHP error: htmlspecialchars(): Passing null to parameter #1 ($string) of type string is deprecated in /var/www/html/laptop-loans/app/Views/people/index.php:26 {"msg":"htmlspecialchars(): Passing null to parameter #1 ($string) of type string is deprecated","file":"/var/www/html/laptop-loans/app/Views/people/index.php","line":26,"severity":8192}
[23-Feb-2026 08:11:10 UTC] PHP Deprecated:  htmlspecialchars(): Passing null to parameter #1 ($string) of type string is deprecated in /var/www/html/laptop-loans/app/Views/people/index.php on line 26
[2026-02-23 08:11:10] ERROR   PHP error: htmlspecialchars(): Passing null to parameter #1 ($string) of type string is deprecated in /var/www/html/laptop-loans/app/Views/people/index.php:23 {"msg":"htmlspecialchars(): Passing null to parameter #1 ($string) of type string is deprecated","file":"/var/www/html/laptop-loans/app/Views/people/index.php","line":23,"severity":8192}
[23-Feb-2026 08:11:10 UTC] PHP Deprecated:  htmlspecialchars(): Passing null to parameter #1 ($string) of type string is deprecated in /var/www/html/laptop-loans/app/Views/people/index.php on line 23
[2026-02-23 08:11:10] ERROR   PHP error: htmlspecialchars(): Passing null to parameter #1 ($string) of type string is deprecated in /var/www/html/laptop-loans/app/Views/people/index.php:24 {"msg":"htmlspecialchars(): Passing null to parameter #1 ($string) of type string is deprecated","file":"/var/www/html/laptop-loans/app/Views/people/index.php","line":24,"severity":8192}
[23-Feb-2026 08:11:10 UTC] PHP Deprecated:  htmlspecialchars(): Passing null to parameter #1 ($string) of type string is deprecated in /var/www/html/laptop-loans/app/Views/people/index.php on line 24
[2026-02-23 08:11:10] ERROR   PHP error: htmlspecialchars(): Passing null to parameter #1 ($string) of type string is deprecated in /var/www/html/laptop-loans/app/Views/people/index.php:25 {"msg":"htmlspecialchars(): Passing null to parameter #1 ($string) of type string is deprecated","file":"/var/www/html/laptop-loans/app/Views/people/index.php","line":25,"severity":8192}
[23-Feb-2026 08:11:10 UTC] PHP Deprecated:  htmlspecialchars(): Passing null to parameter #1 ($string) of type string is deprecated in /var/www/html/laptop-loans/app/Views/people/index.php on line 25
[2026-02-23 08:11:10] ERROR   PHP error: htmlspecialchars(): Passing null to parameter #1 ($string) of type string is deprecated in /var/www/html/laptop-loans/app/Views/people/index.php:26 {"msg":"htmlspecialchars(): Passing null to parameter #1 ($string) of type string is deprecated","file":"/var/www/html/laptop-loans/app/Views/people/index.php","line":26,"severity":8192}
[23-Feb-2026 08:11:10 UTC] PHP Deprecated:  htmlspecialchars(): Passing null to parameter #1 ($string) of type string is deprecated in /var/www/html/laptop-loans/app/Views/people/index.php on line 26
[2026-02-23 08:11:10] ERROR   PHP error: htmlspecialchars(): Passing null to parameter #1 ($string) of type string is deprecated in /var/www/html/laptop-loans/app/Views/people/index.php:23 {"msg":"htmlspecialchars(): Passing null to parameter #1 ($string) of type string is deprecated","file":"/var/www/html/laptop-loans/app/Views/people/index.php","line":23,"severity":8192}
[23-Feb-2026 08:11:10 UTC] PHP Deprecated:  htmlspecialchars(): Passing null to parameter #1 ($string) of type string is deprecated in /var/www/html/laptop-loans/app/Views/people/index.php on line 23
[2026-02-23 08:11:10] ERROR   PHP error: htmlspecialchars(): Passing null to parameter #1 ($string) of type string is deprecated in /var/www/html/laptop-loans/app/Views/people/index.php:24 {"msg":"htmlspecialchars(): Passing null to parameter #1 ($string) of type string is deprecated","file":"/var/www/html/laptop-loans/app/Views/people/index.php","line":24,"severity":8192}
[23-Feb-2026 08:11:10 UTC] PHP Deprecated:  htmlspecialchars(): Passing null to parameter #1 ($string) of type string is deprecated in /var/www/html/laptop-loans/app/Views/people/index.php on line 24
[2026-02-23 08:11:10] ERROR   PHP error: htmlspecialchars(): Passing null to parameter #1 ($string) of type string is deprecated in /var/www/html/laptop-loans/app/Views/people/index.php:25 {"msg":"htmlspecialchars(): Passing null to parameter #1 ($string) of type string is deprecated","file":"/var/www/html/laptop-loans/app/Views/people/index.php","line":25,"severity":8192}
[23-Feb-2026 08:11:10 UTC] PHP Deprecated:  htmlspecialchars(): Passing null to parameter #1 ($string) of type string is deprecated in /var/www/html/laptop-loans/app/Views/people/index.php on line 25
[2026-02-23 08:11:10] ERROR   PHP error: htmlspecialchars(): Passing null to parameter #1 ($string) of type string is deprecated in /var/www/html/laptop-loans/app/Views/people/index.php:26 {"msg":"htmlspecialchars(): Passing null to parameter #1 ($string) of type string is deprecated","file":"/var/www/html/laptop-loans/app/Views/people/index.php","line":26,"severity":8192}
[23-Feb-2026 08:11:10 UTC] PHP Deprecated:  htmlspecialchars(): Passing null to parameter #1 ($string) of type string is deprecated in /var/www/html/laptop-loans/app/Views/people/index.php on line 26
[2026-02-23 08:11:10] ERROR   PHP error: htmlspecialchars(): Passing null to parameter #1 ($string) of type string is deprecated in /var/www/html/laptop-loans/app/Views/people/index.php:23 {"msg":"htmlspecialchars(): Passing null to parameter #1 ($string) of type string is deprecated","file":"/var/www/html/laptop-loans/app/Views/people/index.php","line":23,"severity":8192}
[23-Feb-2026 08:11:10 UTC] PHP Deprecated:  htmlspecialchars(): Passing null to parameter #1 ($string) of type string is deprecated in /var/www/html/laptop-loans/app/Views/people/index.php on line 23
[2026-02-23 08:11:10] ERROR   PHP error: htmlspecialchars(): Passing null to parameter #1 ($string) of type string is deprecated in /var/www/html/laptop-loans/app/Views/people/index.php:24 {"msg":"htmlspecialchars(): Passing null to parameter #1 ($string) of type string is deprecated","file":"/var/www/html/laptop-loans/app/Views/people/index.php","line":24,"severity":8192}
[23-Feb-2026 08:11:10 UTC] PHP Deprecated:  htmlspecialchars(): Passing null to parameter #1 ($string) of type string is deprecated in /var/www/html/laptop-loans/app/Views/people/index.php on line 24
[2026-02-23 08:11:10] ERROR   PHP error: htmlspecialchars(): Passing null to parameter #1 ($string) of type string is deprecated in /var/www/html/laptop-loans/app/Views/people/index.php:25 {"msg":"htmlspecialchars(): Passing null to parameter #1 ($string) of type string is deprecated","file":"/var/www/html/laptop-loans/app/Views/people/index.php","line":25,"severity":8192}
[23-Feb-2026 08:11:10 UTC] PHP Deprecated:  htmlspecialchars(): Passing null to parameter #1 ($string) of type string is deprecated in /var/www/html/laptop-loans/app/Views/people/index.php on line 25
[2026-02-23 08:11:10] ERROR   PHP error: htmlspecialchars(): Passing null to parameter #1 ($string) of type string is deprecated in /var/www/html/laptop-loans/app/Views/people/index.php:26 {"msg":"htmlspecialchars(): Passing null to parameter #1 ($string) of type string is deprecated","file":"/var/www/html/laptop-loans/app/Views/people/index.php","line":26,"severity":8192}
[23-Feb-2026 08:11:10 UTC] PHP Deprecated:  htmlspecialchars(): Passing null to parameter #1 ($string) of type string is deprecated in /var/www/html/laptop-loans/app/Views/people/index.php on line 26
[2026-02-23 08:11:10] ERROR   PHP error: htmlspecialchars(): Passing null to parameter #1 ($string) of type string is deprecated in /var/www/html/laptop-loans/app/Views/people/index.php:23 {"msg":"htmlspecialchars(): Passing null to parameter #1 ($string) of type string is deprecated","file":"/var/www/html/laptop-loans/app/Views/people/index.php","line":23,"severity":8192}
[23-Feb-2026 08:11:10 UTC] PHP Deprecated:  htmlspecialchars(): Passing null to parameter #1 ($string) of type string is deprecated in /var/www/html/laptop-loans/app/Views/people/index.php on line 23
[2026-02-23 08:11:10] ERROR   PHP error: htmlspecialchars(): Passing null to parameter #1 ($string) of type string is deprecated in /var/www/html/laptop-loans/app/Views/people/index.php:24 {"msg":"htmlspecialchars(): Passing null to parameter #1 ($string) of type string is deprecated","file":"/var/www/html/laptop-loans/app/Views/people/index.php","line":24,"severity":8192}
[23-Feb-2026 08:11:10 UTC] PHP Deprecated:  htmlspecialchars(): Passing null to parameter #1 ($string) of type string is deprecated in /var/www/html/laptop-loans/app/Views/people/index.php on line 24
[2026-02-23 08:11:10] ERROR   PHP error: htmlspecialchars(): Passing null to parameter #1 ($string) of type string is deprecated in /var/www/html/laptop-loans/app/Views/people/index.php:25 {"msg":"htmlspecialchars(): Passing null to parameter #1 ($string) of type string is deprecated","file":"/var/www/html/laptop-loans/app/Views/people/index.php","line":25,"severity":8192}
[23-Feb-2026 08:11:10 UTC] PHP Deprecated:  htmlspecialchars(): Passing null to parameter #1 ($string) of type string is deprecated in /var/www/html/laptop-loans/app/Views/people/index.php on line 25
[2026-02-23 08:11:10] ERROR   PHP error: htmlspecialchars(): Passing null to parameter #1 ($string) of type string is deprecated in /var/www/html/laptop-loans/app/Views/people/index.php:26 {"msg":"htmlspecialchars(): Passing null to parameter #1 ($string) of type string is deprecated","file":"/var/www/html/laptop-loans/app/Views/people/index.php","line":26,"severity":8192}
[23-Feb-2026 08:11:10 UTC] PHP Deprecated:  htmlspecialchars(): Passing null to parameter #1 ($string) of type string is deprecated in /var/www/html/laptop-loans/app/Views/people/index.php on line 26
[2026-02-23 08:11:10] ERROR   PHP error: htmlspecialchars(): Passing null to parameter #1 ($string) of type string is deprecated in /var/www/html/laptop-loans/app/Views/people/index.php:23 {"msg":"htmlspecialchars(): Passing null to parameter #1 ($string) of type string is deprecated","file":"/var/www/html/laptop-loans/app/Views/people/index.php","line":23,"severity":8192}
[23-Feb-2026 08:11:10 UTC] PHP Deprecated:  htmlspecialchars(): Passing null to parameter #1 ($string) of type string is deprecated in /var/www/html/laptop-loans/app/Views/people/index.php on line 23
[2026-02-23 08:11:10] ERROR   PHP error: htmlspecialchars(): Passing null to parameter #1 ($string) of type string is deprecated in /var/www/html/laptop-loans/app/Views/people/index.php:24 {"msg":"htmlspecialchars(): Passing null to parameter #1 ($string) of type string is deprecated","file":"/var/www/html/laptop-loans/app/Views/people/index.php","line":24,"severity":8192}
[23-Feb-2026 08:11:10 UTC] PHP Deprecated:  htmlspecialchars(): Passing null to parameter #1 ($string) of type string is deprecated in /var/www/html/laptop-loans/app/Views/people/index.php on line 24
[2026-02-23 08:11:10] ERROR   PHP error: htmlspecialchars(): Passing null to parameter #1 ($string) of type string is deprecated in /var/www/html/laptop-loans/app/Views/people/index.php:25 {"msg":"htmlspecialchars(): Passing null to parameter #1 ($string) of type string is deprecated","file":"/var/www/html/laptop-loans/app/Views/people/index.php","line":25,"severity":8192}
[23-Feb-2026 08:11:10 UTC] PHP Deprecated:  htmlspecialchars(): Passing null to parameter #1 ($string) of type string is deprecated in /var/www/html/laptop-loans/app/Views/people/index.php on line 25
[2026-02-23 08:11:10] ERROR   PHP error: htmlspecialchars(): Passing null to parameter #1 ($string) of type string is deprecated in /var/www/html/laptop-loans/app/Views/people/index.php:26 {"msg":"htmlspecialchars(): Passing null to parameter #1 ($string) of type string is deprecated","file":"/var/www/html/laptop-loans/app/Views/people/index.php","line":26,"severity":8192}
[23-Feb-2026 08:11:10 UTC] PHP Deprecated:  htmlspecialchars(): Passing null to parameter #1 ($string) of type string is deprecated in /var/www/html/laptop-loans/app/Views/people/index.php on line 26
[2026-02-23 08:11:10] ERROR   PHP error: htmlspecialchars(): Passing null to parameter #1 ($string) of type string is deprecated in /var/www/html/laptop-loans/app/Views/people/index.php:23 {"msg":"htmlspecialchars(): Passing null to parameter #1 ($string) of type string is deprecated","file":"/var/www/html/laptop-loans/app/Views/people/index.php","line":23,"severity":8192}
[23-Feb-2026 08:11:10 UTC] PHP Deprecated:  htmlspecialchars(): Passing null to parameter #1 ($string) of type string is deprecated in /var/www/html/laptop-loans/app/Views/people/index.php on line 23
[2026-02-23 08:11:10] ERROR   PHP error: htmlspecialchars(): Passing null to parameter #1 ($string) of type string is deprecated in /var/www/html/laptop-loans/app/Views/people/index.php:24 {"msg":"htmlspecialchars(): Passing null to parameter #1 ($string) of type string is deprecated","file":"/var/www/html/laptop-loans/app/Views/people/index.php","line":24,"severity":8192}
[23-Feb-2026 08:11:10 UTC] PHP Deprecated:  htmlspecialchars(): Passing null to parameter #1 ($string) of type string is deprecated in /var/www/html/laptop-loans/app/Views/people/index.php on line 24
[2026-02-23 08:11:10] ERROR   PHP error: htmlspecialchars(): Passing null to parameter #1 ($string) of type string is deprecated in /var/www/html/laptop-loans/app/Views/people/index.php:25 {"msg":"htmlspecialchars(): Passing null to parameter #1 ($string) of type string is deprecated","file":"/var/www/html/laptop-loans/app/Views/people/index.php","line":25,"severity":8192}
[23-Feb-2026 08:11:10 UTC] PHP Deprecated:  htmlspecialchars(): Passing null to parameter #1 ($string) of type string is deprecated in /var/www/html/laptop-loans/app/Views/people/index.php on line 25
[2026-02-23 08:11:10] ERROR   PHP error: htmlspecialchars(): Passing null to parameter #1 ($string) of type string is deprecated in /var/www/html/laptop-loans/app/Views/people/index.php:26 {"msg":"htmlspecialchars(): Passing null to parameter #1 ($string) of type string is deprecated","file":"/var/www/html/laptop-loans/app/Views/people/index.php","line":26,"severity":8192}
[23-Feb-2026 08:11:10 UTC] PHP Deprecated:  htmlspecialchars(): Passing null to parameter #1 ($string) of type string is deprecated in /var/www/html/laptop-loans/app/Views/people/index.php on line 26
[2026-02-23 08:11:10] ERROR   PHP error: htmlspecialchars(): Passing null to parameter #1 ($string) of type string is deprecated in /var/www/html/laptop-loans/app/Views/people/index.php:23 {"msg":"htmlspecialchars(): Passing null to parameter #1 ($string) of type string is deprecated","file":"/var/www/html/laptop-loans/app/Views/people/index.php","line":23,"severity":8192}
[23-Feb-2026 08:11:10 UTC] PHP Deprecated:  htmlspecialchars(): Passing null to parameter #1 ($string) of type string is deprecated in /var/www/html/laptop-loans/app/Views/people/index.php on line 23
[2026-02-23 08:11:10] ERROR   PHP error: htmlspecialchars(): Passing null to parameter #1 ($string) of type string is deprecated in /var/www/html/laptop-loans/app/Views/people/index.php:24 {"msg":"htmlspecialchars(): Passing null to parameter #1 ($string) of type string is deprecated","file":"/var/www/html/laptop-loans/app/Views/people/index.php","line":24,"severity":8192}
[23-Feb-2026 08:11:10 UTC] PHP Deprecated:  htmlspecialchars(): Passing null to parameter #1 ($string) of type string is deprecated in /var/www/html/laptop-loans/app/Views/people/index.php on line 24
[2026-02-23 08:11:10] ERROR   PHP error: htmlspecialchars(): Passing null to parameter #1 ($string) of type string is deprecated in /var/www/html/laptop-loans/app/Views/people/index.php:25 {"msg":"htmlspecialchars(): Passing null to parameter #1 ($string) of type string is deprecated","file":"/var/www/html/laptop-loans/app/Views/people/index.php","line":25,"severity":8192}
[23-Feb-2026 08:11:10 UTC] PHP Deprecated:  htmlspecialchars(): Passing null to parameter #1 ($string) of type string is deprecated in /var/www/html/laptop-loans/app/Views/people/index.php on line 25
[2026-02-23 08:11:10] ERROR   PHP error: htmlspecialchars(): Passing null to parameter #1 ($string) of type string is deprecated in /var/www/html/laptop-loans/app/Views/people/index.php:26 {"msg":"htmlspecialchars(): Passing null to parameter #1 ($string) of type string is deprecated","file":"/var/www/html/laptop-loans/app/Views/people/index.php","line":26,"severity":8192}
[23-Feb-2026 08:11:10 UTC] PHP Deprecated:  htmlspecialchars(): Passing null to parameter #1 ($string) of type string is deprecated in /var/www/html/laptop-loans/app/Views/people/index.php on line 26
[2026-02-23 08:11:10] ERROR   PHP error: htmlspecialchars(): Passing null to parameter #1 ($string) of type string is deprecated in /var/www/html/laptop-loans/app/Views/people/index.php:23 {"msg":"htmlspecialchars(): Passing null to parameter #1 ($string) of type string is deprecated","file":"/var/www/html/laptop-loans/app/Views/people/index.php","line":23,"severity":8192}
[23-Feb-2026 08:11:10 UTC] PHP Deprecated:  htmlspecialchars(): Passing null to parameter #1 ($string) of type string is deprecated in /var/www/html/laptop-loans/app/Views/people/index.php on line 23
[2026-02-23 08:11:10] ERROR   PHP error: htmlspecialchars(): Passing null to parameter #1 ($string) of type string is deprecated in /var/www/html/laptop-loans/app/Views/people/index.php:24 {"msg":"htmlspecialchars(): Passing null to parameter #1 ($string) of type string is deprecated","file":"/var/www/html/laptop-loans/app/Views/people/index.php","line":24,"severity":8192}
[23-Feb-2026 08:11:10 UTC] PHP Deprecated:  htmlspecialchars(): Passing null to parameter #1 ($string) of type string is deprecated in /var/www/html/laptop-loans/app/Views/people/index.php on line 24
[2026-02-23 08:11:10] ERROR   PHP error: htmlspecialchars(): Passing null to parameter #1 ($string) of type string is deprecated in /var/www/html/laptop-loans/app/Views/people/index.php:25 {"msg":"htmlspecialchars(): Passing null to parameter #1 ($string) of type string is deprecated","file":"/var/www/html/laptop-loans/app/Views/people/index.php","line":25,"severity":8192}
[23-Feb-2026 08:11:10 UTC] PHP Deprecated:  htmlspecialchars(): Passing null to parameter #1 ($string) of type string is deprecated in /var/www/html/laptop-loans/app/Views/people/index.php on line 25
[2026-02-23 08:11:10] ERROR   PHP error: htmlspecialchars(): Passing null to parameter #1 ($string) of type string is deprecated in /var/www/html/laptop-loans/app/Views/people/index.php:26 {"msg":"htmlspecialchars(): Passing null to parameter #1 ($string) of type string is deprecated","file":"/var/www/html/laptop-loans/app/Views/people/index.php","line":26,"severity":8192}
[23-Feb-2026 08:11:10 UTC] PHP Deprecated:  htmlspecialchars(): Passing null to parameter #1 ($string) of type string is deprecated in /var/www/html/laptop-loans/app/Views/people/index.php on line 26
[2026-02-23 08:11:10] ERROR   PHP error: htmlspecialchars(): Passing null to parameter #1 ($string) of type string is deprecated in /var/www/html/laptop-loans/app/Views/people/index.php:23 {"msg":"htmlspecialchars(): Passing null to parameter #1 ($string) of type string is deprecated","file":"/var/www/html/laptop-loans/app/Views/people/index.php","line":23,"severity":8192}
[23-Feb-2026 08:11:10 UTC] PHP Deprecated:  htmlspecialchars(): Passing null to parameter #1 ($string) of type string is deprecated in /var/www/html/laptop-loans/app/Views/people/index.php on line 23
[2026-02-23 08:11:10] ERROR   PHP error: htmlspecialchars(): Passing null to parameter #1 ($string) of type string is deprecated in /var/www/html/laptop-loans/app/Views/people/index.php:24 {"msg":"htmlspecialchars(): Passing null to parameter #1 ($string) of type string is deprecated","file":"/var/www/html/laptop-loans/app/Views/people/index.php","line":24,"severity":8192}
[23-Feb-2026 08:11:10 UTC] PHP Deprecated:  htmlspecialchars(): Passing null to parameter #1 ($string) of type string is deprecated in /var/www/html/laptop-loans/app/Views/people/index.php on line 24
[2026-02-23 08:11:10] ERROR   PHP error: htmlspecialchars(): Passing null to parameter #1 ($string) of type string is deprecated in /var/www/html/laptop-loans/app/Views/people/index.php:25 {"msg":"htmlspecialchars(): Passing null to parameter #1 ($string) of type string is deprecated","file":"/var/www/html/laptop-loans/app/Views/people/index.php","line":25,"severity":8192}
[23-Feb-2026 08:11:10 UTC] PHP Deprecated:  htmlspecialchars(): Passing null to parameter #1 ($string) of type string is deprecated in /var/www/html/laptop-loans/app/Views/people/index.php on line 25
[2026-02-23 08:11:10] ERROR   PHP error: htmlspecialchars(): Passing null to parameter #1 ($string) of type string is deprecated in /var/www/html/laptop-loans/app/Views/people/index.php:26 {"msg":"htmlspecialchars(): Passing null to parameter #1 ($string) of type string is deprecated","file":"/var/www/html/laptop-loans/app/Views/people/index.php","line":26,"severity":8192}
[23-Feb-2026 08:11:10 UTC] PHP Deprecated:  htmlspecialchars(): Passing null to parameter #1 ($string) of type string is deprecated in /var/www/html/laptop-loans/app/Views/people/index.php on line 26
[2026-02-23 08:11:10] ERROR   PHP error: htmlspecialchars(): Passing null to parameter #1 ($string) of type string is deprecated in /var/www/html/laptop-loans/app/Views/people/index.php:23 {"msg":"htmlspecialchars(): Passing null to parameter #1 ($string) of type string is deprecated","file":"/var/www/html/laptop-loans/app/Views/people/index.php","line":23,"severity":8192}
[23-Feb-2026 08:11:10 UTC] PHP Deprecated:  htmlspecialchars(): Passing null to parameter #1 ($string) of type string is deprecated in /var/www/html/laptop-loans/app/Views/people/index.php on line 23
[2026-02-23 08:11:10] ERROR   PHP error: htmlspecialchars(): Passing null to parameter #1 ($string) of type string is deprecated in /var/www/html/laptop-loans/app/Views/people/index.php:24 {"msg":"htmlspecialchars(): Passing null to parameter #1 ($string) of type string is deprecated","file":"/var/www/html/laptop-loans/app/Views/people/index.php","line":24,"severity":8192}
[23-Feb-2026 08:11:10 UTC] PHP Deprecated:  htmlspecialchars(): Passing null to parameter #1 ($string) of type string is deprecated in /var/www/html/laptop-loans/app/Views/people/index.php on line 24
[2026-02-23 08:11:10] ERROR   PHP error: htmlspecialchars(): Passing null to parameter #1 ($string) of type string is deprecated in /var/www/html/laptop-loans/app/Views/people/index.php:25 {"msg":"htmlspecialchars(): Passing null to parameter #1 ($string) of type string is deprecated","file":"/var/www/html/laptop-loans/app/Views/people/index.php","line":25,"severity":8192}
[23-Feb-2026 08:11:10 UTC] PHP Deprecated:  htmlspecialchars(): Passing null to parameter #1 ($string) of type string is deprecated in /var/www/html/laptop-loans/app/Views/people/index.php on line 25
[2026-02-23 08:11:10] ERROR   PHP error: htmlspecialchars(): Passing null to parameter #1 ($string) of type string is deprecated in /var/www/html/laptop-loans/app/Views/people/index.php:26 {"msg":"htmlspecialchars(): Passing null to parameter #1 ($string) of type string is deprecated","file":"/var/www/html/laptop-loans/app/Views/people/index.php","line":26,"severity":8192}
[23-Feb-2026 08:11:10 UTC] PHP Deprecated:  htmlspecialchars(): Passing null to parameter #1 ($string) of type string is deprecated in /var/www/html/laptop-loans/app/Views/people/index.php on line 26
[2026-02-23 08:11:10] ERROR   PHP error: htmlspecialchars(): Passing null to parameter #1 ($string) of type string is deprecated in /var/www/html/laptop-loans/app/Views/people/index.php:23 {"msg":"htmlspecialchars(): Passing null to parameter #1 ($string) of type string is deprecated","file":"/var/www/html/laptop-loans/app/Views/people/index.php","line":23,"severity":8192}
[23-Feb-2026 08:11:10 UTC] PHP Deprecated:  htmlspecialchars(): Passing null to parameter #1 ($string) of type string is deprecated in /var/www/html/laptop-loans/app/Views/people/index.php on line 23
[2026-02-23 08:11:10] ERROR   PHP error: htmlspecialchars(): Passing null to parameter #1 ($string) of type string is deprecated in /var/www/html/laptop-loans/app/Views/people/index.php:24 {"msg":"htmlspecialchars(): Passing null to parameter #1 ($string) of type string is deprecated","file":"/var/www/html/laptop-loans/app/Views/people/index.php","line":24,"severity":8192}
[23-Feb-2026 08:11:10 UTC] PHP Deprecated:  htmlspecialchars(): Passing null to parameter #1 ($string) of type string is deprecated in /var/www/html/laptop-loans/app/Views/people/index.php on line 24
[2026-02-23 08:11:10] ERROR   PHP error: htmlspecialchars(): Passing null to parameter #1 ($string) of type string is deprecated in /var/www/html/laptop-loans/app/Views/people/index.php:25 {"msg":"htmlspecialchars(): Passing null to parameter #1 ($string) of type string is deprecated","file":"/var/www/html/laptop-loans/app/Views/people/index.php","line":25,"severity":8192}
[23-Feb-2026 08:11:10 UTC] PHP Deprecated:  htmlspecialchars(): Passing null to parameter #1 ($string) of type string is deprecated in /var/www/html/laptop-loans/app/Views/people/index.php on line 25
[2026-02-23 08:11:10] ERROR   PHP error: htmlspecialchars(): Passing null to parameter #1 ($string) of type string is deprecated in /var/www/html/laptop-loans/app/Views/people/index.php:26 {"msg":"htmlspecialchars(): Passing null to parameter #1 ($string) of type string is deprecated","file":"/var/www/html/laptop-loans/app/Views/people/index.php","line":26,"severity":8192}
[23-Feb-2026 08:11:10 UTC] PHP Deprecated:  htmlspecialchars(): Passing null to parameter #1 ($string) of type string is deprecated in /var/www/html/laptop-loans/app/Views/people/index.php on line 26
[2026-02-23 08:11:10] ERROR   PHP error: htmlspecialchars(): Passing null to parameter #1 ($string) of type string is deprecated in /var/www/html/laptop-loans/app/Views/people/index.php:23 {"msg":"htmlspecialchars(): Passing null to parameter #1 ($string) of type string is deprecated","file":"/var/www/html/laptop-loans/app/Views/people/index.php","line":23,"severity":8192}
[23-Feb-2026 08:11:10 UTC] PHP Deprecated:  htmlspecialchars(): Passing null to parameter #1 ($string) of type string is deprecated in /var/www/html/laptop-loans/app/Views/people/index.php on line 23
[2026-02-23 08:11:10] ERROR   PHP error: htmlspecialchars(): Passing null to parameter #1 ($string) of type string is deprecated in /var/www/html/laptop-loans/app/Views/people/index.php:24 {"msg":"htmlspecialchars(): Passing null to parameter #1 ($string) of type string is deprecated","file":"/var/www/html/laptop-loans/app/Views/people/index.php","line":24,"severity":8192}
[23-Feb-2026 08:11:10 UTC] PHP Deprecated:  htmlspecialchars(): Passing null to parameter #1 ($string) of type string is deprecated in /var/www/html/laptop-loans/app/Views/people/index.php on line 24
[2026-02-23 08:11:10] ERROR   PHP error: htmlspecialchars(): Passing null to parameter #1 ($string) of type string is deprecated in /var/www/html/laptop-loans/app/Views/people/index.php:25 {"msg":"htmlspecialchars(): Passing null to parameter #1 ($string) of type string is deprecated","file":"/var/www/html/laptop-loans/app/Views/people/index.php","line":25,"severity":8192}
[23-Feb-2026 08:11:10 UTC] PHP Deprecated:  htmlspecialchars(): Passing null to parameter #1 ($string) of type string is deprecated in /var/www/html/laptop-loans/app/Views/people/index.php on line 25
[2026-02-23 08:11:10] ERROR   PHP error: htmlspecialchars(): Passing null to parameter #1 ($string) of type string is deprecated in /var/www/html/laptop-loans/app/Views/people/index.php:26 {"msg":"htmlspecialchars(): Passing null to parameter #1 ($string) of type string is deprecated","file":"/var/www/html/laptop-loans/app/Views/people/index.php","line":26,"severity":8192}
[23-Feb-2026 08:11:10 UTC] PHP Deprecated:  htmlspecialchars(): Passing null to parameter #1 ($string) of type string is deprecated in /var/www/html/laptop-loans/app/Views/people/index.php on line 26
[2026-02-23 08:11:16] INFO    AUDIT visit {"user_id":null,"username":"anon","route":"people/index","ip":"10.52.2.5"}
[2026-02-23 08:11:16] ERROR   PHP error: htmlspecialchars(): Passing null to parameter #1 ($string) of type string is deprecated in /var/www/html/laptop-loans/app/Views/people/index.php:23 {"msg":"htmlspecialchars(): Passing null to parameter #1 ($string) of type string is deprecated","file":"/var/www/html/laptop-loans/app/Views/people/index.php","line":23,"severity":8192}
[23-Feb-2026 08:11:16 UTC] PHP Deprecated:  htmlspecialchars(): Passing null to parameter #1 ($string) of type string is deprecated in /var/www/html/laptop-loans/app/Views/people/index.php on line 23
[2026-02-23 08:11:16] ERROR   PHP error: htmlspecialchars(): Passing null to parameter #1 ($string) of type string is deprecated in /var/www/html/laptop-loans/app/Views/people/index.php:24 {"msg":"htmlspecialchars(): Passing null to parameter #1 ($string) of type string is deprecated","file":"/var/www/html/laptop-loans/app/Views/people/index.php","line":24,"severity":8192}
[23-Feb-2026 08:11:16 UTC] PHP Deprecated:  htmlspecialchars(): Passing null to parameter #1 ($string) of type string is deprecated in /var/www/html/laptop-loans/app/Views/people/index.php on line 24
[2026-02-23 08:11:16] ERROR   PHP error: htmlspecialchars(): Passing null to parameter #1 ($string) of type string is deprecated in /var/www/html/laptop-loans/app/Views/people/index.php:25 {"msg":"htmlspecialchars(): Passing null to parameter #1 ($string) of type string is deprecated","file":"/var/www/html/laptop-loans/app/Views/people/index.php","line":25,"severity":8192}
[23-Feb-2026 08:11:16 UTC] PHP Deprecated:  htmlspecialchars(): Passing null to parameter #1 ($string) of type string is deprecated in /var/www/html/laptop-loans/app/Views/people/index.php on line 25
[2026-02-23 08:11:16] ERROR   PHP error: htmlspecialchars(): Passing null to parameter #1 ($string) of type string is deprecated in /var/www/html/laptop-loans/app/Views/people/index.php:26 {"msg":"htmlspecialchars(): Passing null to parameter #1 ($string) of type string is deprecated","file":"/var/www/html/laptop-loans/app/Views/people/index.php","line":26,"severity":8192}
[23-Feb-2026 08:11:16 UTC] PHP Deprecated:  htmlspecialchars(): Passing null to parameter #1 ($string) of type string is deprecated in /var/www/html/laptop-loans/app/Views/people/index.php on line 26
[2026-02-23 08:11:16] ERROR   PHP error: htmlspecialchars(): Passing null to parameter #1 ($string) of type string is deprecated in /var/www/html/laptop-loans/app/Views/people/index.php:23 {"msg":"htmlspecialchars(): Passing null to parameter #1 ($string) of type string is deprecated","file":"/var/www/html/laptop-loans/app/Views/people/index.php","line":23,"severity":8192}
[23-Feb-2026 08:11:16 UTC] PHP Deprecated:  htmlspecialchars(): Passing null to parameter #1 ($string) of type string is deprecated in /var/www/html/laptop-loans/app/Views/people/index.php on line 23
[2026-02-23 08:11:16] ERROR   PHP error: htmlspecialchars(): Passing null to parameter #1 ($string) of type string is deprecated in /var/www/html/laptop-loans/app/Views/people/index.php:24 {"msg":"htmlspecialchars(): Passing null to parameter #1 ($string) of type string is deprecated","file":"/var/www/html/laptop-loans/app/Views/people/index.php","line":24,"severity":8192}
[23-Feb-2026 08:11:16 UTC] PHP Deprecated:  htmlspecialchars(): Passing null to parameter #1 ($string) of type string is deprecated in /var/www/html/laptop-loans/app/Views/people/index.php on line 24
[2026-02-23 08:11:16] ERROR   PHP error: htmlspecialchars(): Passing null to parameter #1 ($string) of type string is deprecated in /var/www/html/laptop-loans/app/Views/people/index.php:25 {"msg":"htmlspecialchars(): Passing null to parameter #1 ($string) of type string is deprecated","file":"/var/www/html/laptop-loans/app/Views/people/index.php","line":25,"severity":8192}
[23-Feb-2026 08:11:16 UTC] PHP Deprecated:  htmlspecialchars(): Passing null to parameter #1 ($string) of type string is deprecated in /var/www/html/laptop-loans/app/Views/people/index.php on line 25
[2026-02-23 08:11:16] ERROR   PHP error: htmlspecialchars(): Passing null to parameter #1 ($string) of type string is deprecated in /var/www/html/laptop-loans/app/Views/people/index.php:26 {"msg":"htmlspecialchars(): Passing null to parameter #1 ($string) of type string is deprecated","file":"/var/www/html/laptop-loans/app/Views/people/index.php","line":26,"severity":8192}
[23-Feb-2026 08:11:16 UTC] PHP Deprecated:  htmlspecialchars(): Passing null to parameter #1 ($string) of type string is deprecated in /var/www/html/laptop-loans/app/Views/people/index.php on line 26
[2026-02-23 08:11:16] ERROR   PHP error: htmlspecialchars(): Passing null to parameter #1 ($string) of type string is deprecated in /var/www/html/laptop-loans/app/Views/people/index.php:23 {"msg":"htmlspecialchars(): Passing null to parameter #1 ($string) of type string is deprecated","file":"/var/www/html/laptop-loans/app/Views/people/index.php","line":23,"severity":8192}
[23-Feb-2026 08:11:16 UTC] PHP Deprecated:  htmlspecialchars(): Passing null to parameter #1 ($string) of type string is deprecated in /var/www/html/laptop-loans/app/Views/people/index.php on line 23
[2026-02-23 08:11:16] ERROR   PHP error: htmlspecialchars(): Passing null to parameter #1 ($string) of type string is deprecated in /var/www/html/laptop-loans/app/Views/people/index.php:24 {"msg":"htmlspecialchars(): Passing null to parameter #1 ($string) of type string is deprecated","file":"/var/www/html/laptop-loans/app/Views/people/index.php","line":24,"severity":8192}
[23-Feb-2026 08:11:16 UTC] PHP Deprecated:  htmlspecialchars(): Passing null to parameter #1 ($string) of type string is deprecated in /var/www/html/laptop-loans/app/Views/people/index.php on line 24
[2026-02-23 08:11:16] ERROR   PHP error: htmlspecialchars(): Passing null to parameter #1 ($string) of type string is deprecated in /var/www/html/laptop-loans/app/Views/people/index.php:25 {"msg":"htmlspecialchars(): Passing null to parameter #1 ($string) of type string is deprecated","file":"/var/www/html/laptop-loans/app/Views/people/index.php","line":25,"severity":8192}
[23-Feb-2026 08:11:16 UTC] PHP Deprecated:  htmlspecialchars(): Passing null to parameter #1 ($string) of type string is deprecated in /var/www/html/laptop-loans/app/Views/people/index.php on line 25
[2026-02-23 08:11:16] ERROR   PHP error: htmlspecialchars(): Passing null to parameter #1 ($string) of type string is deprecated in /var/www/html/laptop-loans/app/Views/people/index.php:26 {"msg":"htmlspecialchars(): Passing null to parameter #1 ($string) of type string is deprecated","file":"/var/www/html/laptop-loans/app/Views/people/index.php","line":26,"severity":8192}
[23-Feb-2026 08:11:16 UTC] PHP Deprecated:  htmlspecialchars(): Passing null to parameter #1 ($string) of type string is deprecated in /var/www/html/laptop-loans/app/Views/people/index.php on line 26
[2026-02-23 08:11:16] ERROR   PHP error: htmlspecialchars(): Passing null to parameter #1 ($string) of type string is deprecated in /var/www/html/laptop-loans/app/Views/people/index.php:23 {"msg":"htmlspecialchars(): Passing null to parameter #1 ($string) of type string is deprecated","file":"/var/www/html/laptop-loans/app/Views/people/index.php","line":23,"severity":8192}
[23-Feb-2026 08:11:16 UTC] PHP Deprecated:  htmlspecialchars(): Passing null to parameter #1 ($string) of type string is deprecated in /var/www/html/laptop-loans/app/Views/people/index.php on line 23
[2026-02-23 08:11:16] ERROR   PHP error: htmlspecialchars(): Passing null to parameter #1 ($string) of type string is deprecated in /var/www/html/laptop-loans/app/Views/people/index.php:24 {"msg":"htmlspecialchars(): Passing null to parameter #1 ($string) of type string is deprecated","file":"/var/www/html/laptop-loans/app/Views/people/index.php","line":24,"severity":8192}
[23-Feb-2026 08:11:16 UTC] PHP Deprecated:  htmlspecialchars(): Passing null to parameter #1 ($string) of type string is deprecated in /var/www/html/laptop-loans/app/Views/people/index.php on line 24
[2026-02-23 08:11:16] ERROR   PHP error: htmlspecialchars(): Passing null to parameter #1 ($string) of type string is deprecated in /var/www/html/laptop-loans/app/Views/people/index.php:25 {"msg":"htmlspecialchars(): Passing null to parameter #1 ($string) of type string is deprecated","file":"/var/www/html/laptop-loans/app/Views/people/index.php","line":25,"severity":8192}
[23-Feb-2026 08:11:16 UTC] PHP Deprecated:  htmlspecialchars(): Passing null to parameter #1 ($string) of type string is deprecated in /var/www/html/laptop-loans/app/Views/people/index.php on line 25
[2026-02-23 08:11:16] ERROR   PHP error: htmlspecialchars(): Passing null to parameter #1 ($string) of type string is deprecated in /var/www/html/laptop-loans/app/Views/people/index.php:26 {"msg":"htmlspecialchars(): Passing null to parameter #1 ($string) of type string is deprecated","file":"/var/www/html/laptop-loans/app/Views/people/index.php","line":26,"severity":8192}
[23-Feb-2026 08:11:16 UTC] PHP Deprecated:  htmlspecialchars(): Passing null to parameter #1 ($string) of type string is deprecated in /var/www/html/laptop-loans/app/Views/people/index.php on line 26
[2026-02-23 08:11:16] ERROR   PHP error: htmlspecialchars(): Passing null to parameter #1 ($string) of type string is deprecated in /var/www/html/laptop-loans/app/Views/people/index.php:23 {"msg":"htmlspecialchars(): Passing null to parameter #1 ($string) of type string is deprecated","file":"/var/www/html/laptop-loans/app/Views/people/index.php","line":23,"severity":8192}
[23-Feb-2026 08:11:16 UTC] PHP Deprecated:  htmlspecialchars(): Passing null to parameter #1 ($string) of type string is deprecated in /var/www/html/laptop-loans/app/Views/people/index.php on line 23
[2026-02-23 08:11:16] ERROR   PHP error: htmlspecialchars(): Passing null to parameter #1 ($string) of type string is deprecated in /var/www/html/laptop-loans/app/Views/people/index.php:24 {"msg":"htmlspecialchars(): Passing null to parameter #1 ($string) of type string is deprecated","file":"/var/www/html/laptop-loans/app/Views/people/index.php","line":24,"severity":8192}
[23-Feb-2026 08:11:16 UTC] PHP Deprecated:  htmlspecialchars(): Passing null to parameter #1 ($string) of type string is deprecated in /var/www/html/laptop-loans/app/Views/people/index.php on line 24
[2026-02-23 08:11:16] ERROR   PHP error: htmlspecialchars(): Passing null to parameter #1 ($string) of type string is deprecated in /var/www/html/laptop-loans/app/Views/people/index.php:25 {"msg":"htmlspecialchars(): Passing null to parameter #1 ($string) of type string is deprecated","file":"/var/www/html/laptop-loans/app/Views/people/index.php","line":25,"severity":8192}
[23-Feb-2026 08:11:16 UTC] PHP Deprecated:  htmlspecialchars(): Passing null to parameter #1 ($string) of type string is deprecated in /var/www/html/laptop-loans/app/Views/people/index.php on line 25
[2026-02-23 08:11:16] ERROR   PHP error: htmlspecialchars(): Passing null to parameter #1 ($string) of type string is deprecated in /var/www/html/laptop-loans/app/Views/people/index.php:26 {"msg":"htmlspecialchars(): Passing null to parameter #1 ($string) of type string is deprecated","file":"/var/www/html/laptop-loans/app/Views/people/index.php","line":26,"severity":8192}
[23-Feb-2026 08:11:16 UTC] PHP Deprecated:  htmlspecialchars(): Passing null to parameter #1 ($string) of type string is deprecated in /var/www/html/laptop-loans/app/Views/people/index.php on line 26
[2026-02-23 08:11:16] ERROR   PHP error: htmlspecialchars(): Passing null to parameter #1 ($string) of type string is deprecated in /var/www/html/laptop-loans/app/Views/people/index.php:23 {"msg":"htmlspecialchars(): Passing null to parameter #1 ($string) of type string is deprecated","file":"/var/www/html/laptop-loans/app/Views/people/index.php","line":23,"severity":8192}
[23-Feb-2026 08:11:16 UTC] PHP Deprecated:  htmlspecialchars(): Passing null to parameter #1 ($string) of type string is deprecated in /var/www/html/laptop-loans/app/Views/people/index.php on line 23
[2026-02-23 08:11:16] ERROR   PHP error: htmlspecialchars(): Passing null to parameter #1 ($string) of type string is deprecated in /var/www/html/laptop-loans/app/Views/people/index.php:24 {"msg":"htmlspecialchars(): Passing null to parameter #1 ($string) of type string is deprecated","file":"/var/www/html/laptop-loans/app/Views/people/index.php","line":24,"severity":8192}
[23-Feb-2026 08:11:16 UTC] PHP Deprecated:  htmlspecialchars(): Passing null to parameter #1 ($string) of type string is deprecated in /var/www/html/laptop-loans/app/Views/people/index.php on line 24
[2026-02-23 08:11:16] ERROR   PHP error: htmlspecialchars(): Passing null to parameter #1 ($string) of type string is deprecated in /var/www/html/laptop-loans/app/Views/people/index.php:25 {"msg":"htmlspecialchars(): Passing null to parameter #1 ($string) of type string is deprecated","file":"/var/www/html/laptop-loans/app/Views/people/index.php","line":25,"severity":8192}
[23-Feb-2026 08:11:16 UTC] PHP Deprecated:  htmlspecialchars(): Passing null to parameter #1 ($string) of type string is deprecated in /var/www/html/laptop-loans/app/Views/people/index.php on line 25
[2026-02-23 08:11:16] ERROR   PHP error: htmlspecialchars(): Passing null to parameter #1 ($string) of type string is deprecated in /var/www/html/laptop-loans/app/Views/people/index.php:26 {"msg":"htmlspecialchars(): Passing null to parameter #1 ($string) of type string is deprecated","file":"/var/www/html/laptop-loans/app/Views/people/index.php","line":26,"severity":8192}
[23-Feb-2026 08:11:16 UTC] PHP Deprecated:  htmlspecialchars(): Passing null to parameter #1 ($string) of type string is deprecated in /var/www/html/laptop-loans/app/Views/people/index.php on line 26
[2026-02-23 08:11:16] ERROR   PHP error: htmlspecialchars(): Passing null to parameter #1 ($string) of type string is deprecated in /var/www/html/laptop-loans/app/Views/people/index.php:23 {"msg":"htmlspecialchars(): Passing null to parameter #1 ($string) of type string is deprecated","file":"/var/www/html/laptop-loans/app/Views/people/index.php","line":23,"severity":8192}
[23-Feb-2026 08:11:16 UTC] PHP Deprecated:  htmlspecialchars(): Passing null to parameter #1 ($string) of type string is deprecated in /var/www/html/laptop-loans/app/Views/people/index.php on line 23
[2026-02-23 08:11:16] ERROR   PHP error: htmlspecialchars(): Passing null to parameter #1 ($string) of type string is deprecated in /var/www/html/laptop-loans/app/Views/people/index.php:24 {"msg":"htmlspecialchars(): Passing null to parameter #1 ($string) of type string is deprecated","file":"/var/www/html/laptop-loans/app/Views/people/index.php","line":24,"severity":8192}
[23-Feb-2026 08:11:16 UTC] PHP Deprecated:  htmlspecialchars(): Passing null to parameter #1 ($string) of type string is deprecated in /var/www/html/laptop-loans/app/Views/people/index.php on line 24
[2026-02-23 08:11:16] ERROR   PHP error: htmlspecialchars(): Passing null to parameter #1 ($string) of type string is deprecated in /var/www/html/laptop-loans/app/Views/people/index.php:25 {"msg":"htmlspecialchars(): Passing null to parameter #1 ($string) of type string is deprecated","file":"/var/www/html/laptop-loans/app/Views/people/index.php","line":25,"severity":8192}
[23-Feb-2026 08:11:16 UTC] PHP Deprecated:  htmlspecialchars(): Passing null to parameter #1 ($string) of type string is deprecated in /var/www/html/laptop-loans/app/Views/people/index.php on line 25
[2026-02-23 08:11:16] ERROR   PHP error: htmlspecialchars(): Passing null to parameter #1 ($string) of type string is deprecated in /var/www/html/laptop-loans/app/Views/people/index.php:26 {"msg":"htmlspecialchars(): Passing null to parameter #1 ($string) of type string is deprecated","file":"/var/www/html/laptop-loans/app/Views/people/index.php","line":26,"severity":8192}
[23-Feb-2026 08:11:16 UTC] PHP Deprecated:  htmlspecialchars(): Passing null to parameter #1 ($string) of type string is deprecated in /var/www/html/laptop-loans/app/Views/people/index.php on line 26
[2026-02-23 08:11:16] ERROR   PHP error: htmlspecialchars(): Passing null to parameter #1 ($string) of type string is deprecated in /var/www/html/laptop-loans/app/Views/people/index.php:23 {"msg":"htmlspecialchars(): Passing null to parameter #1 ($string) of type string is deprecated","file":"/var/www/html/laptop-loans/app/Views/people/index.php","line":23,"severity":8192}
[23-Feb-2026 08:11:16 UTC] PHP Deprecated:  htmlspecialchars(): Passing null to parameter #1 ($string) of type string is deprecated in /var/www/html/laptop-loans/app/Views/people/index.php on line 23
[2026-02-23 08:11:16] ERROR   PHP error: htmlspecialchars(): Passing null to parameter #1 ($string) of type string is deprecated in /var/www/html/laptop-loans/app/Views/people/index.php:24 {"msg":"htmlspecialchars(): Passing null to parameter #1 ($string) of type string is deprecated","file":"/var/www/html/laptop-loans/app/Views/people/index.php","line":24,"severity":8192}
[23-Feb-2026 08:11:16 UTC] PHP Deprecated:  htmlspecialchars(): Passing null to parameter #1 ($string) of type string is deprecated in /var/www/html/laptop-loans/app/Views/people/index.php on line 24
[2026-02-23 08:11:16] ERROR   PHP error: htmlspecialchars(): Passing null to parameter #1 ($string) of type string is deprecated in /var/www/html/laptop-loans/app/Views/people/index.php:25 {"msg":"htmlspecialchars(): Passing null to parameter #1 ($string) of type string is deprecated","file":"/var/www/html/laptop-loans/app/Views/people/index.php","line":25,"severity":8192}
[23-Feb-2026 08:11:16 UTC] PHP Deprecated:  htmlspecialchars(): Passing null to parameter #1 ($string) of type string is deprecated in /var/www/html/laptop-loans/app/Views/people/index.php on line 25
[2026-02-23 08:11:16] ERROR   PHP error: htmlspecialchars(): Passing null to parameter #1 ($string) of type string is deprecated in /var/www/html/laptop-loans/app/Views/people/index.php:26 {"msg":"htmlspecialchars(): Passing null to parameter #1 ($string) of type string is deprecated","file":"/var/www/html/laptop-loans/app/Views/people/index.php","line":26,"severity":8192}
[23-Feb-2026 08:11:16 UTC] PHP Deprecated:  htmlspecialchars(): Passing null to parameter #1 ($string) of type string is deprecated in /var/www/html/laptop-loans/app/Views/people/index.php on line 26
[2026-02-23 08:11:16] ERROR   PHP error: htmlspecialchars(): Passing null to parameter #1 ($string) of type string is deprecated in /var/www/html/laptop-loans/app/Views/people/index.php:23 {"msg":"htmlspecialchars(): Passing null to parameter #1 ($string) of type string is deprecated","file":"/var/www/html/laptop-loans/app/Views/people/index.php","line":23,"severity":8192}
[23-Feb-2026 08:11:16 UTC] PHP Deprecated:  htmlspecialchars(): Passing null to parameter #1 ($string) of type string is deprecated in /var/www/html/laptop-loans/app/Views/people/index.php on line 23
[2026-02-23 08:11:16] ERROR   PHP error: htmlspecialchars(): Passing null to parameter #1 ($string) of type string is deprecated in /var/www/html/laptop-loans/app/Views/people/index.php:24 {"msg":"htmlspecialchars(): Passing null to parameter #1 ($string) of type string is deprecated","file":"/var/www/html/laptop-loans/app/Views/people/index.php","line":24,"severity":8192}
[23-Feb-2026 08:11:16 UTC] PHP Deprecated:  htmlspecialchars(): Passing null to parameter #1 ($string) of type string is deprecated in /var/www/html/laptop-loans/app/Views/people/index.php on line 24
[2026-02-23 08:11:16] ERROR   PHP error: htmlspecialchars(): Passing null to parameter #1 ($string) of type string is deprecated in /var/www/html/laptop-loans/app/Views/people/index.php:25 {"msg":"htmlspecialchars(): Passing null to parameter #1 ($string) of type string is deprecated","file":"/var/www/html/laptop-loans/app/Views/people/index.php","line":25,"severity":8192}
[23-Feb-2026 08:11:16 UTC] PHP Deprecated:  htmlspecialchars(): Passing null to parameter #1 ($string) of type string is deprecated in /var/www/html/laptop-loans/app/Views/people/index.php on line 25
[2026-02-23 08:11:16] ERROR   PHP error: htmlspecialchars(): Passing null to parameter #1 ($string) of type string is deprecated in /var/www/html/laptop-loans/app/Views/people/index.php:26 {"msg":"htmlspecialchars(): Passing null to parameter #1 ($string) of type string is deprecated","file":"/var/www/html/laptop-loans/app/Views/people/index.php","line":26,"severity":8192}
[23-Feb-2026 08:11:16 UTC] PHP Deprecated:  htmlspecialchars(): Passing null to parameter #1 ($string) of type string is deprecated in /var/www/html/laptop-loans/app/Views/people/index.php on line 26
[2026-02-23 08:11:16] ERROR   PHP error: htmlspecialchars(): Passing null to parameter #1 ($string) of type string is deprecated in /var/www/html/laptop-loans/app/Views/people/index.php:23 {"msg":"htmlspecialchars(): Passing null to parameter #1 ($string) of type string is deprecated","file":"/var/www/html/laptop-loans/app/Views/people/index.php","line":23,"severity":8192}
[23-Feb-2026 08:11:16 UTC] PHP Deprecated:  htmlspecialchars(): Passing null to parameter #1 ($string) of type string is deprecated in /var/www/html/laptop-loans/app/Views/people/index.php on line 23
[2026-02-23 08:11:16] ERROR   PHP error: htmlspecialchars(): Passing null to parameter #1 ($string) of type string is deprecated in /var/www/html/laptop-loans/app/Views/people/index.php:24 {"msg":"htmlspecialchars(): Passing null to parameter #1 ($string) of type string is deprecated","file":"/var/www/html/laptop-loans/app/Views/people/index.php","line":24,"severity":8192}
[23-Feb-2026 08:11:16 UTC] PHP Deprecated:  htmlspecialchars(): Passing null to parameter #1 ($string) of type string is deprecated in /var/www/html/laptop-loans/app/Views/people/index.php on line 24
[2026-02-23 08:11:16] ERROR   PHP error: htmlspecialchars(): Passing null to parameter #1 ($string) of type string is deprecated in /var/www/html/laptop-loans/app/Views/people/index.php:25 {"msg":"htmlspecialchars(): Passing null to parameter #1 ($string) of type string is deprecated","file":"/var/www/html/laptop-loans/app/Views/people/index.php","line":25,"severity":8192}
[23-Feb-2026 08:11:16 UTC] PHP Deprecated:  htmlspecialchars(): Passing null to parameter #1 ($string) of type string is deprecated in /var/www/html/laptop-loans/app/Views/people/index.php on line 25
[2026-02-23 08:11:16] ERROR   PHP error: htmlspecialchars(): Passing null to parameter #1 ($string) of type string is deprecated in /var/www/html/laptop-loans/app/Views/people/index.php:26 {"msg":"htmlspecialchars(): Passing null to parameter #1 ($string) of type string is deprecated","file":"/var/www/html/laptop-loans/app/Views/people/index.php","line":26,"severity":8192}
[23-Feb-2026 08:11:16 UTC] PHP Deprecated:  htmlspecialchars(): Passing null to parameter #1 ($string) of type string is deprecated in /var/www/html/laptop-loans/app/Views/people/index.php on line 26
[2026-02-23 08:11:16] ERROR   PHP error: htmlspecialchars(): Passing null to parameter #1 ($string) of type string is deprecated in /var/www/html/laptop-loans/app/Views/people/index.php:23 {"msg":"htmlspecialchars(): Passing null to parameter #1 ($string) of type string is deprecated","file":"/var/www/html/laptop-loans/app/Views/people/index.php","line":23,"severity":8192}
[23-Feb-2026 08:11:16 UTC] PHP Deprecated:  htmlspecialchars(): Passing null to parameter #1 ($string) of type string is deprecated in /var/www/html/laptop-loans/app/Views/people/index.php on line 23
[2026-02-23 08:11:16] ERROR   PHP error: htmlspecialchars(): Passing null to parameter #1 ($string) of type string is deprecated in /var/www/html/laptop-loans/app/Views/people/index.php:24 {"msg":"htmlspecialchars(): Passing null to parameter #1 ($string) of type string is deprecated","file":"/var/www/html/laptop-loans/app/Views/people/index.php","line":24,"severity":8192}
[23-Feb-2026 08:11:16 UTC] PHP Deprecated:  htmlspecialchars(): Passing null to parameter #1 ($string) of type string is deprecated in /var/www/html/laptop-loans/app/Views/people/index.php on line 24
[2026-02-23 08:11:16] ERROR   PHP error: htmlspecialchars(): Passing null to parameter #1 ($string) of type string is deprecated in /var/www/html/laptop-loans/app/Views/people/index.php:25 {"msg":"htmlspecialchars(): Passing null to parameter #1 ($string) of type string is deprecated","file":"/var/www/html/laptop-loans/app/Views/people/index.php","line":25,"severity":8192}
[23-Feb-2026 08:11:16 UTC] PHP Deprecated:  htmlspecialchars(): Passing null to parameter #1 ($string) of type string is deprecated in /var/www/html/laptop-loans/app/Views/people/index.php on line 25
[2026-02-23 08:11:16] ERROR   PHP error: htmlspecialchars(): Passing null to parameter #1 ($string) of type string is deprecated in /var/www/html/laptop-loans/app/Views/people/index.php:26 {"msg":"htmlspecialchars(): Passing null to parameter #1 ($string) of type string is deprecated","file":"/var/www/html/laptop-loans/app/Views/people/index.php","line":26,"severity":8192}
[23-Feb-2026 08:11:16 UTC] PHP Deprecated:  htmlspecialchars(): Passing null to parameter #1 ($string) of type string is deprecated in /var/www/html/laptop-loans/app/Views/people/index.php on line 26
[2026-02-23 08:11:16] ERROR   PHP error: htmlspecialchars(): Passing null to parameter #1 ($string) of type string is deprecated in /var/www/html/laptop-loans/app/Views/people/index.php:23 {"msg":"htmlspecialchars(): Passing null to parameter #1 ($string) of type string is deprecated","file":"/var/www/html/laptop-loans/app/Views/people/index.php","line":23,"severity":8192}
[23-Feb-2026 08:11:16 UTC] PHP Deprecated:  htmlspecialchars(): Passing null to parameter #1 ($string) of type string is deprecated in /var/www/html/laptop-loans/app/Views/people/index.php on line 23
[2026-02-23 08:11:16] ERROR   PHP error: htmlspecialchars(): Passing null to parameter #1 ($string) of type string is deprecated in /var/www/html/laptop-loans/app/Views/people/index.php:24 {"msg":"htmlspecialchars(): Passing null to parameter #1 ($string) of type string is deprecated","file":"/var/www/html/laptop-loans/app/Views/people/index.php","line":24,"severity":8192}
[23-Feb-2026 08:11:16 UTC] PHP Deprecated:  htmlspecialchars(): Passing null to parameter #1 ($string) of type string is deprecated in /var/www/html/laptop-loans/app/Views/people/index.php on line 24
[2026-02-23 08:11:16] ERROR   PHP error: htmlspecialchars(): Passing null to parameter #1 ($string) of type string is deprecated in /var/www/html/laptop-loans/app/Views/people/index.php:25 {"msg":"htmlspecialchars(): Passing null to parameter #1 ($string) of type string is deprecated","file":"/var/www/html/laptop-loans/app/Views/people/index.php","line":25,"severity":8192}
[23-Feb-2026 08:11:16 UTC] PHP Deprecated:  htmlspecialchars(): Passing null to parameter #1 ($string) of type string is deprecated in /var/www/html/laptop-loans/app/Views/people/index.php on line 25
[2026-02-23 08:11:16] ERROR   PHP error: htmlspecialchars(): Passing null to parameter #1 ($string) of type string is deprecated in /var/www/html/laptop-loans/app/Views/people/index.php:26 {"msg":"htmlspecialchars(): Passing null to parameter #1 ($string) of type string is deprecated","file":"/var/www/html/laptop-loans/app/Views/people/index.php","line":26,"severity":8192}
[23-Feb-2026 08:11:16 UTC] PHP Deprecated:  htmlspecialchars(): Passing null to parameter #1 ($string) of type string is deprecated in /var/www/html/laptop-loans/app/Views/people/index.php on line 26
[2026-02-23 08:11:16] ERROR   PHP error: htmlspecialchars(): Passing null to parameter #1 ($string) of type string is deprecated in /var/www/html/laptop-loans/app/Views/people/index.php:23 {"msg":"htmlspecialchars(): Passing null to parameter #1 ($string) of type string is deprecated","file":"/var/www/html/laptop-loans/app/Views/people/index.php","line":23,"severity":8192}
[23-Feb-2026 08:11:16 UTC] PHP Deprecated:  htmlspecialchars(): Passing null to parameter #1 ($string) of type string is deprecated in /var/www/html/laptop-loans/app/Views/people/index.php on line 23
[2026-02-23 08:11:16] ERROR   PHP error: htmlspecialchars(): Passing null to parameter #1 ($string) of type string is deprecated in /var/www/html/laptop-loans/app/Views/people/index.php:24 {"msg":"htmlspecialchars(): Passing null to parameter #1 ($string) of type string is deprecated","file":"/var/www/html/laptop-loans/app/Views/people/index.php","line":24,"severity":8192}
[23-Feb-2026 08:11:16 UTC] PHP Deprecated:  htmlspecialchars(): Passing null to parameter #1 ($string) of type string is deprecated in /var/www/html/laptop-loans/app/Views/people/index.php on line 24
[2026-02-23 08:11:16] ERROR   PHP error: htmlspecialchars(): Passing null to parameter #1 ($string) of type string is deprecated in /var/www/html/laptop-loans/app/Views/people/index.php:25 {"msg":"htmlspecialchars(): Passing null to parameter #1 ($string) of type string is deprecated","file":"/var/www/html/laptop-loans/app/Views/people/index.php","line":25,"severity":8192}
[23-Feb-2026 08:11:16 UTC] PHP Deprecated:  htmlspecialchars(): Passing null to parameter #1 ($string) of type string is deprecated in /var/www/html/laptop-loans/app/Views/people/index.php on line 25
[2026-02-23 08:11:16] ERROR   PHP error: htmlspecialchars(): Passing null to parameter #1 ($string) of type string is deprecated in /var/www/html/laptop-loans/app/Views/people/index.php:26 {"msg":"htmlspecialchars(): Passing null to parameter #1 ($string) of type string is deprecated","file":"/var/www/html/laptop-loans/app/Views/people/index.php","line":26,"severity":8192}
[23-Feb-2026 08:11:16 UTC] PHP Deprecated:  htmlspecialchars(): Passing null to parameter #1 ($string) of type string is deprecated in /var/www/html/laptop-loans/app/Views/people/index.php on line 26
[2026-02-23 08:11:16] ERROR   PHP error: htmlspecialchars(): Passing null to parameter #1 ($string) of type string is deprecated in /var/www/html/laptop-loans/app/Views/people/index.php:23 {"msg":"htmlspecialchars(): Passing null to parameter #1 ($string) of type string is deprecated","file":"/var/www/html/laptop-loans/app/Views/people/index.php","line":23,"severity":8192}
[23-Feb-2026 08:11:16 UTC] PHP Deprecated:  htmlspecialchars(): Passing null to parameter #1 ($string) of type string is deprecated in /var/www/html/laptop-loans/app/Views/people/index.php on line 23
[2026-02-23 08:11:16] ERROR   PHP error: htmlspecialchars(): Passing null to parameter #1 ($string) of type string is deprecated in /var/www/html/laptop-loans/app/Views/people/index.php:24 {"msg":"htmlspecialchars(): Passing null to parameter #1 ($string) of type string is deprecated","file":"/var/www/html/laptop-loans/app/Views/people/index.php","line":24,"severity":8192}
[23-Feb-2026 08:11:16 UTC] PHP Deprecated:  htmlspecialchars(): Passing null to parameter #1 ($string) of type string is deprecated in /var/www/html/laptop-loans/app/Views/people/index.php on line 24
[2026-02-23 08:11:16] ERROR   PHP error: htmlspecialchars(): Passing null to parameter #1 ($string) of type string is deprecated in /var/www/html/laptop-loans/app/Views/people/index.php:25 {"msg":"htmlspecialchars(): Passing null to parameter #1 ($string) of type string is deprecated","file":"/var/www/html/laptop-loans/app/Views/people/index.php","line":25,"severity":8192}
[23-Feb-2026 08:11:16 UTC] PHP Deprecated:  htmlspecialchars(): Passing null to parameter #1 ($string) of type string is deprecated in /var/www/html/laptop-loans/app/Views/people/index.php on line 25
[2026-02-23 08:11:16] ERROR   PHP error: htmlspecialchars(): Passing null to parameter #1 ($string) of type string is deprecated in /var/www/html/laptop-loans/app/Views/people/index.php:26 {"msg":"htmlspecialchars(): Passing null to parameter #1 ($string) of type string is deprecated","file":"/var/www/html/laptop-loans/app/Views/people/index.php","line":26,"severity":8192}
[23-Feb-2026 08:11:16 UTC] PHP Deprecated:  htmlspecialchars(): Passing null to parameter #1 ($string) of type string is deprecated in /var/www/html/laptop-loans/app/Views/people/index.php on line 26
[2026-02-23 08:11:16] ERROR   PHP error: htmlspecialchars(): Passing null to parameter #1 ($string) of type string is deprecated in /var/www/html/laptop-loans/app/Views/people/index.php:23 {"msg":"htmlspecialchars(): Passing null to parameter #1 ($string) of type string is deprecated","file":"/var/www/html/laptop-loans/app/Views/people/index.php","line":23,"severity":8192}
[23-Feb-2026 08:11:16 UTC] PHP Deprecated:  htmlspecialchars(): Passing null to parameter #1 ($string) of type string is deprecated in /var/www/html/laptop-loans/app/Views/people/index.php on line 23
[2026-02-23 08:11:16] ERROR   PHP error: htmlspecialchars(): Passing null to parameter #1 ($string) of type string is deprecated in /var/www/html/laptop-loans/app/Views/people/index.php:24 {"msg":"htmlspecialchars(): Passing null to parameter #1 ($string) of type string is deprecated","file":"/var/www/html/laptop-loans/app/Views/people/index.php","line":24,"severity":8192}
[23-Feb-2026 08:11:16 UTC] PHP Deprecated:  htmlspecialchars(): Passing null to parameter #1 ($string) of type string is deprecated in /var/www/html/laptop-loans/app/Views/people/index.php on line 24
[2026-02-23 08:11:16] ERROR   PHP error: htmlspecialchars(): Passing null to parameter #1 ($string) of type string is deprecated in /var/www/html/laptop-loans/app/Views/people/index.php:25 {"msg":"htmlspecialchars(): Passing null to parameter #1 ($string) of type string is deprecated","file":"/var/www/html/laptop-loans/app/Views/people/index.php","line":25,"severity":8192}
[23-Feb-2026 08:11:16 UTC] PHP Deprecated:  htmlspecialchars(): Passing null to parameter #1 ($string) of type string is deprecated in /var/www/html/laptop-loans/app/Views/people/index.php on line 25
[2026-02-23 08:11:16] ERROR   PHP error: htmlspecialchars(): Passing null to parameter #1 ($string) of type string is deprecated in /var/www/html/laptop-loans/app/Views/people/index.php:26 {"msg":"htmlspecialchars(): Passing null to parameter #1 ($string) of type string is deprecated","file":"/var/www/html/laptop-loans/app/Views/people/index.php","line":26,"severity":8192}
[23-Feb-2026 08:11:16 UTC] PHP Deprecated:  htmlspecialchars(): Passing null to parameter #1 ($string) of type string is deprecated in /var/www/html/laptop-loans/app/Views/people/index.php on line 26
[2026-02-23 08:11:16] ERROR   PHP error: htmlspecialchars(): Passing null to parameter #1 ($string) of type string is deprecated in /var/www/html/laptop-loans/app/Views/people/index.php:23 {"msg":"htmlspecialchars(): Passing null to parameter #1 ($string) of type string is deprecated","file":"/var/www/html/laptop-loans/app/Views/people/index.php","line":23,"severity":8192}
[23-Feb-2026 08:11:16 UTC] PHP Deprecated:  htmlspecialchars(): Passing null to parameter #1 ($string) of type string is deprecated in /var/www/html/laptop-loans/app/Views/people/index.php on line 23
[2026-02-23 08:11:16] ERROR   PHP error: htmlspecialchars(): Passing null to parameter #1 ($string) of type string is deprecated in /var/www/html/laptop-loans/app/Views/people/index.php:24 {"msg":"htmlspecialchars(): Passing null to parameter #1 ($string) of type string is deprecated","file":"/var/www/html/laptop-loans/app/Views/people/index.php","line":24,"severity":8192}
[23-Feb-2026 08:11:16 UTC] PHP Deprecated:  htmlspecialchars(): Passing null to parameter #1 ($string) of type string is deprecated in /var/www/html/laptop-loans/app/Views/people/index.php on line 24
[2026-02-23 08:11:16] ERROR   PHP error: htmlspecialchars(): Passing null to parameter #1 ($string) of type string is deprecated in /var/www/html/laptop-loans/app/Views/people/index.php:25 {"msg":"htmlspecialchars(): Passing null to parameter #1 ($string) of type string is deprecated","file":"/var/www/html/laptop-loans/app/Views/people/index.php","line":25,"severity":8192}
[23-Feb-2026 08:11:16 UTC] PHP Deprecated:  htmlspecialchars(): Passing null to parameter #1 ($string) of type string is deprecated in /var/www/html/laptop-loans/app/Views/people/index.php on line 25
[2026-02-23 08:11:16] ERROR   PHP error: htmlspecialchars(): Passing null to parameter #1 ($string) of type string is deprecated in /var/www/html/laptop-loans/app/Views/people/index.php:26 {"msg":"htmlspecialchars(): Passing null to parameter #1 ($string) of type string is deprecated","file":"/var/www/html/laptop-loans/app/Views/people/index.php","line":26,"severity":8192}
[23-Feb-2026 08:11:16 UTC] PHP Deprecated:  htmlspecialchars(): Passing null to parameter #1 ($string) of type string is deprecated in /var/www/html/laptop-loans/app/Views/people/index.php on line 26
[2026-02-23 08:11:16] ERROR   PHP error: htmlspecialchars(): Passing null to parameter #1 ($string) of type string is deprecated in /var/www/html/laptop-loans/app/Views/people/index.php:23 {"msg":"htmlspecialchars(): Passing null to parameter #1 ($string) of type string is deprecated","file":"/var/www/html/laptop-loans/app/Views/people/index.php","line":23,"severity":8192}
[23-Feb-2026 08:11:16 UTC] PHP Deprecated:  htmlspecialchars(): Passing null to parameter #1 ($string) of type string is deprecated in /var/www/html/laptop-loans/app/Views/people/index.php on line 23
[2026-02-23 08:11:16] ERROR   PHP error: htmlspecialchars(): Passing null to parameter #1 ($string) of type string is deprecated in /var/www/html/laptop-loans/app/Views/people/index.php:24 {"msg":"htmlspecialchars(): Passing null to parameter #1 ($string) of type string is deprecated","file":"/var/www/html/laptop-loans/app/Views/people/index.php","line":24,"severity":8192}
[23-Feb-2026 08:11:16 UTC] PHP Deprecated:  htmlspecialchars(): Passing null to parameter #1 ($string) of type string is deprecated in /var/www/html/laptop-loans/app/Views/people/index.php on line 24
[2026-02-23 08:11:16] ERROR   PHP error: htmlspecialchars(): Passing null to parameter #1 ($string) of type string is deprecated in /var/www/html/laptop-loans/app/Views/people/index.php:25 {"msg":"htmlspecialchars(): Passing null to parameter #1 ($string) of type string is deprecated","file":"/var/www/html/laptop-loans/app/Views/people/index.php","line":25,"severity":8192}
[23-Feb-2026 08:11:16 UTC] PHP Deprecated:  htmlspecialchars(): Passing null to parameter #1 ($string) of type string is deprecated in /var/www/html/laptop-loans/app/Views/people/index.php on line 25
[2026-02-23 08:11:16] ERROR   PHP error: htmlspecialchars(): Passing null to parameter #1 ($string) of type string is deprecated in /var/www/html/laptop-loans/app/Views/people/index.php:26 {"msg":"htmlspecialchars(): Passing null to parameter #1 ($string) of type string is deprecated","file":"/var/www/html/laptop-loans/app/Views/people/index.php","line":26,"severity":8192}
[23-Feb-2026 08:11:16 UTC] PHP Deprecated:  htmlspecialchars(): Passing null to parameter #1 ($string) of type string is deprecated in /var/www/html/laptop-loans/app/Views/people/index.php on line 26
[2026-02-23 08:11:16] ERROR   PHP error: htmlspecialchars(): Passing null to parameter #1 ($string) of type string is deprecated in /var/www/html/laptop-loans/app/Views/people/index.php:23 {"msg":"htmlspecialchars(): Passing null to parameter #1 ($string) of type string is deprecated","file":"/var/www/html/laptop-loans/app/Views/people/index.php","line":23,"severity":8192}
[23-Feb-2026 08:11:16 UTC] PHP Deprecated:  htmlspecialchars(): Passing null to parameter #1 ($string) of type string is deprecated in /var/www/html/laptop-loans/app/Views/people/index.php on line 23
[2026-02-23 08:11:16] ERROR   PHP error: htmlspecialchars(): Passing null to parameter #1 ($string) of type string is deprecated in /var/www/html/laptop-loans/app/Views/people/index.php:24 {"msg":"htmlspecialchars(): Passing null to parameter #1 ($string) of type string is deprecated","file":"/var/www/html/laptop-loans/app/Views/people/index.php","line":24,"severity":8192}
[23-Feb-2026 08:11:16 UTC] PHP Deprecated:  htmlspecialchars(): Passing null to parameter #1 ($string) of type string is deprecated in /var/www/html/laptop-loans/app/Views/people/index.php on line 24
[2026-02-23 08:11:16] ERROR   PHP error: htmlspecialchars(): Passing null to parameter #1 ($string) of type string is deprecated in /var/www/html/laptop-loans/app/Views/people/index.php:25 {"msg":"htmlspecialchars(): Passing null to parameter #1 ($string) of type string is deprecated","file":"/var/www/html/laptop-loans/app/Views/people/index.php","line":25,"severity":8192}
[23-Feb-2026 08:11:16 UTC] PHP Deprecated:  htmlspecialchars(): Passing null to parameter #1 ($string) of type string is deprecated in /var/www/html/laptop-loans/app/Views/people/index.php on line 25
[2026-02-23 08:11:16] ERROR   PHP error: htmlspecialchars(): Passing null to parameter #1 ($string) of type string is deprecated in /var/www/html/laptop-loans/app/Views/people/index.php:26 {"msg":"htmlspecialchars(): Passing null to parameter #1 ($string) of type string is deprecated","file":"/var/www/html/laptop-loans/app/Views/people/index.php","line":26,"severity":8192}
[23-Feb-2026 08:11:16 UTC] PHP Deprecated:  htmlspecialchars(): Passing null to parameter #1 ($string) of type string is deprecated in /var/www/html/laptop-loans/app/Views/people/index.php on line 26
[2026-02-23 08:11:16] ERROR   PHP error: htmlspecialchars(): Passing null to parameter #1 ($string) of type string is deprecated in /var/www/html/laptop-loans/app/Views/people/index.php:23 {"msg":"htmlspecialchars(): Passing null to parameter #1 ($string) of type string is deprecated","file":"/var/www/html/laptop-loans/app/Views/people/index.php","line":23,"severity":8192}
[23-Feb-2026 08:11:16 UTC] PHP Deprecated:  htmlspecialchars(): Passing null to parameter #1 ($string) of type string is deprecated in /var/www/html/laptop-loans/app/Views/people/index.php on line 23
[2026-02-23 08:11:16] ERROR   PHP error: htmlspecialchars(): Passing null to parameter #1 ($string) of type string is deprecated in /var/www/html/laptop-loans/app/Views/people/index.php:24 {"msg":"htmlspecialchars(): Passing null to parameter #1 ($string) of type string is deprecated","file":"/var/www/html/laptop-loans/app/Views/people/index.php","line":24,"severity":8192}
[23-Feb-2026 08:11:16 UTC] PHP Deprecated:  htmlspecialchars(): Passing null to parameter #1 ($string) of type string is deprecated in /var/www/html/laptop-loans/app/Views/people/index.php on line 24
[2026-02-23 08:11:16] ERROR   PHP error: htmlspecialchars(): Passing null to parameter #1 ($string) of type string is deprecated in /var/www/html/laptop-loans/app/Views/people/index.php:25 {"msg":"htmlspecialchars(): Passing null to parameter #1 ($string) of type string is deprecated","file":"/var/www/html/laptop-loans/app/Views/people/index.php","line":25,"severity":8192}
[23-Feb-2026 08:11:16 UTC] PHP Deprecated:  htmlspecialchars(): Passing null to parameter #1 ($string) of type string is deprecated in /var/www/html/laptop-loans/app/Views/people/index.php on line 25
[2026-02-23 08:11:16] ERROR   PHP error: htmlspecialchars(): Passing null to parameter #1 ($string) of type string is deprecated in /var/www/html/laptop-loans/app/Views/people/index.php:26 {"msg":"htmlspecialchars(): Passing null to parameter #1 ($string) of type string is deprecated","file":"/var/www/html/laptop-loans/app/Views/people/index.php","line":26,"severity":8192}
[23-Feb-2026 08:11:16 UTC] PHP Deprecated:  htmlspecialchars(): Passing null to parameter #1 ($string) of type string is deprecated in /var/www/html/laptop-loans/app/Views/people/index.php on line 26
[2026-02-23 08:11:16] ERROR   PHP error: htmlspecialchars(): Passing null to parameter #1 ($string) of type string is deprecated in /var/www/html/laptop-loans/app/Views/people/index.php:23 {"msg":"htmlspecialchars(): Passing null to parameter #1 ($string) of type string is deprecated","file":"/var/www/html/laptop-loans/app/Views/people/index.php","line":23,"severity":8192}
[23-Feb-2026 08:11:16 UTC] PHP Deprecated:  htmlspecialchars(): Passing null to parameter #1 ($string) of type string is deprecated in /var/www/html/laptop-loans/app/Views/people/index.php on line 23
[2026-02-23 08:11:16] ERROR   PHP error: htmlspecialchars(): Passing null to parameter #1 ($string) of type string is deprecated in /var/www/html/laptop-loans/app/Views/people/index.php:24 {"msg":"htmlspecialchars(): Passing null to parameter #1 ($string) of type string is deprecated","file":"/var/www/html/laptop-loans/app/Views/people/index.php","line":24,"severity":8192}
[23-Feb-2026 08:11:16 UTC] PHP Deprecated:  htmlspecialchars(): Passing null to parameter #1 ($string) of type string is deprecated in /var/www/html/laptop-loans/app/Views/people/index.php on line 24
[2026-02-23 08:11:16] ERROR   PHP error: htmlspecialchars(): Passing null to parameter #1 ($string) of type string is deprecated in /var/www/html/laptop-loans/app/Views/people/index.php:25 {"msg":"htmlspecialchars(): Passing null to parameter #1 ($string) of type string is deprecated","file":"/var/www/html/laptop-loans/app/Views/people/index.php","line":25,"severity":8192}
[23-Feb-2026 08:11:16 UTC] PHP Deprecated:  htmlspecialchars(): Passing null to parameter #1 ($string) of type string is deprecated in /var/www/html/laptop-loans/app/Views/people/index.php on line 25
[2026-02-23 08:11:16] ERROR   PHP error: htmlspecialchars(): Passing null to parameter #1 ($string) of type string is deprecated in /var/www/html/laptop-loans/app/Views/people/index.php:26 {"msg":"htmlspecialchars(): Passing null to parameter #1 ($string) of type string is deprecated","file":"/var/www/html/laptop-loans/app/Views/people/index.php","line":26,"severity":8192}
[23-Feb-2026 08:11:16 UTC] PHP Deprecated:  htmlspecialchars(): Passing null to parameter #1 ($string) of type string is deprecated in /var/www/html/laptop-loans/app/Views/people/index.php on line 26
[2026-02-23 08:11:16] ERROR   PHP error: htmlspecialchars(): Passing null to parameter #1 ($string) of type string is deprecated in /var/www/html/laptop-loans/app/Views/people/index.php:23 {"msg":"htmlspecialchars(): Passing null to parameter #1 ($string) of type string is deprecated","file":"/var/www/html/laptop-loans/app/Views/people/index.php","line":23,"severity":8192}
[23-Feb-2026 08:11:16 UTC] PHP Deprecated:  htmlspecialchars(): Passing null to parameter #1 ($string) of type string is deprecated in /var/www/html/laptop-loans/app/Views/people/index.php on line 23
[2026-02-23 08:11:16] ERROR   PHP error: htmlspecialchars(): Passing null to parameter #1 ($string) of type string is deprecated in /var/www/html/laptop-loans/app/Views/people/index.php:24 {"msg":"htmlspecialchars(): Passing null to parameter #1 ($string) of type string is deprecated","file":"/var/www/html/laptop-loans/app/Views/people/index.php","line":24,"severity":8192}
[23-Feb-2026 08:11:16 UTC] PHP Deprecated:  htmlspecialchars(): Passing null to parameter #1 ($string) of type string is deprecated in /var/www/html/laptop-loans/app/Views/people/index.php on line 24
[2026-02-23 08:11:16] ERROR   PHP error: htmlspecialchars(): Passing null to parameter #1 ($string) of type string is deprecated in /var/www/html/laptop-loans/app/Views/people/index.php:25 {"msg":"htmlspecialchars(): Passing null to parameter #1 ($string) of type string is deprecated","file":"/var/www/html/laptop-loans/app/Views/people/index.php","line":25,"severity":8192}
[23-Feb-2026 08:11:16 UTC] PHP Deprecated:  htmlspecialchars(): Passing null to parameter #1 ($string) of type string is deprecated in /var/www/html/laptop-loans/app/Views/people/index.php on line 25
[2026-02-23 08:11:16] ERROR   PHP error: htmlspecialchars(): Passing null to parameter #1 ($string) of type string is deprecated in /var/www/html/laptop-loans/app/Views/people/index.php:26 {"msg":"htmlspecialchars(): Passing null to parameter #1 ($string) of type string is deprecated","file":"/var/www/html/laptop-loans/app/Views/people/index.php","line":26,"severity":8192}
[23-Feb-2026 08:11:16 UTC] PHP Deprecated:  htmlspecialchars(): Passing null to parameter #1 ($string) of type string is deprecated in /var/www/html/laptop-loans/app/Views/people/index.php on line 26
[2026-02-23 08:11:16] ERROR   PHP error: htmlspecialchars(): Passing null to parameter #1 ($string) of type string is deprecated in /var/www/html/laptop-loans/app/Views/people/index.php:23 {"msg":"htmlspecialchars(): Passing null to parameter #1 ($string) of type string is deprecated","file":"/var/www/html/laptop-loans/app/Views/people/index.php","line":23,"severity":8192}
[23-Feb-2026 08:11:16 UTC] PHP Deprecated:  htmlspecialchars(): Passing null to parameter #1 ($string) of type string is deprecated in /var/www/html/laptop-loans/app/Views/people/index.php on line 23
[2026-02-23 08:11:16] ERROR   PHP error: htmlspecialchars(): Passing null to parameter #1 ($string) of type string is deprecated in /var/www/html/laptop-loans/app/Views/people/index.php:24 {"msg":"htmlspecialchars(): Passing null to parameter #1 ($string) of type string is deprecated","file":"/var/www/html/laptop-loans/app/Views/people/index.php","line":24,"severity":8192}
[23-Feb-2026 08:11:16 UTC] PHP Deprecated:  htmlspecialchars(): Passing null to parameter #1 ($string) of type string is deprecated in /var/www/html/laptop-loans/app/Views/people/index.php on line 24
[2026-02-23 08:11:16] ERROR   PHP error: htmlspecialchars(): Passing null to parameter #1 ($string) of type string is deprecated in /var/www/html/laptop-loans/app/Views/people/index.php:25 {"msg":"htmlspecialchars(): Passing null to parameter #1 ($string) of type string is deprecated","file":"/var/www/html/laptop-loans/app/Views/people/index.php","line":25,"severity":8192}
[23-Feb-2026 08:11:16 UTC] PHP Deprecated:  htmlspecialchars(): Passing null to parameter #1 ($string) of type string is deprecated in /var/www/html/laptop-loans/app/Views/people/index.php on line 25
[2026-02-23 08:11:16] ERROR   PHP error: htmlspecialchars(): Passing null to parameter #1 ($string) of type string is deprecated in /var/www/html/laptop-loans/app/Views/people/index.php:26 {"msg":"htmlspecialchars(): Passing null to parameter #1 ($string) of type string is deprecated","file":"/var/www/html/laptop-loans/app/Views/people/index.php","line":26,"severity":8192}
[23-Feb-2026 08:11:16 UTC] PHP Deprecated:  htmlspecialchars(): Passing null to parameter #1 ($string) of type string is deprecated in /var/www/html/laptop-loans/app/Views/people/index.php on line 26
[2026-02-23 08:11:16] ERROR   PHP error: htmlspecialchars(): Passing null to parameter #1 ($string) of type string is deprecated in /var/www/html/laptop-loans/app/Views/people/index.php:23 {"msg":"htmlspecialchars(): Passing null to parameter #1 ($string) of type string is deprecated","file":"/var/www/html/laptop-loans/app/Views/people/index.php","line":23,"severity":8192}
[23-Feb-2026 08:11:16 UTC] PHP Deprecated:  htmlspecialchars(): Passing null to parameter #1 ($string) of type string is deprecated in /var/www/html/laptop-loans/app/Views/people/index.php on line 23
[2026-02-23 08:11:16] ERROR   PHP error: htmlspecialchars(): Passing null to parameter #1 ($string) of type string is deprecated in /var/www/html/laptop-loans/app/Views/people/index.php:24 {"msg":"htmlspecialchars(): Passing null to parameter #1 ($string) of type string is deprecated","file":"/var/www/html/laptop-loans/app/Views/people/index.php","line":24,"severity":8192}
[23-Feb-2026 08:11:16 UTC] PHP Deprecated:  htmlspecialchars(): Passing null to parameter #1 ($string) of type string is deprecated in /var/www/html/laptop-loans/app/Views/people/index.php on line 24
[2026-02-23 08:11:16] ERROR   PHP error: htmlspecialchars(): Passing null to parameter #1 ($string) of type string is deprecated in /var/www/html/laptop-loans/app/Views/people/index.php:25 {"msg":"htmlspecialchars(): Passing null to parameter #1 ($string) of type string is deprecated","file":"/var/www/html/laptop-loans/app/Views/people/index.php","line":25,"severity":8192}
[23-Feb-2026 08:11:16 UTC] PHP Deprecated:  htmlspecialchars(): Passing null to parameter #1 ($string) of type string is deprecated in /var/www/html/laptop-loans/app/Views/people/index.php on line 25
[2026-02-23 08:11:16] ERROR   PHP error: htmlspecialchars(): Passing null to parameter #1 ($string) of type string is deprecated in /var/www/html/laptop-loans/app/Views/people/index.php:26 {"msg":"htmlspecialchars(): Passing null to parameter #1 ($string) of type string is deprecated","file":"/var/www/html/laptop-loans/app/Views/people/index.php","line":26,"severity":8192}
[23-Feb-2026 08:11:16 UTC] PHP Deprecated:  htmlspecialchars(): Passing null to parameter #1 ($string) of type string is deprecated in /var/www/html/laptop-loans/app/Views/people/index.php on line 26
[2026-02-23 08:11:16] ERROR   PHP error: htmlspecialchars(): Passing null to parameter #1 ($string) of type string is deprecated in /var/www/html/laptop-loans/app/Views/people/index.php:23 {"msg":"htmlspecialchars(): Passing null to parameter #1 ($string) of type string is deprecated","file":"/var/www/html/laptop-loans/app/Views/people/index.php","line":23,"severity":8192}
[23-Feb-2026 08:11:16 UTC] PHP Deprecated:  htmlspecialchars(): Passing null to parameter #1 ($string) of type string is deprecated in /var/www/html/laptop-loans/app/Views/people/index.php on line 23
[2026-02-23 08:11:16] ERROR   PHP error: htmlspecialchars(): Passing null to parameter #1 ($string) of type string is deprecated in /var/www/html/laptop-loans/app/Views/people/index.php:24 {"msg":"htmlspecialchars(): Passing null to parameter #1 ($string) of type string is deprecated","file":"/var/www/html/laptop-loans/app/Views/people/index.php","line":24,"severity":8192}
[23-Feb-2026 08:11:16 UTC] PHP Deprecated:  htmlspecialchars(): Passing null to parameter #1 ($string) of type string is deprecated in /var/www/html/laptop-loans/app/Views/people/index.php on line 24
[2026-02-23 08:11:16] ERROR   PHP error: htmlspecialchars(): Passing null to parameter #1 ($string) of type string is deprecated in /var/www/html/laptop-loans/app/Views/people/index.php:25 {"msg":"htmlspecialchars(): Passing null to parameter #1 ($string) of type string is deprecated","file":"/var/www/html/laptop-loans/app/Views/people/index.php","line":25,"severity":8192}
[23-Feb-2026 08:11:16 UTC] PHP Deprecated:  htmlspecialchars(): Passing null to parameter #1 ($string) of type string is deprecated in /var/www/html/laptop-loans/app/Views/people/index.php on line 25
[2026-02-23 08:11:16] ERROR   PHP error: htmlspecialchars(): Passing null to parameter #1 ($string) of type string is deprecated in /var/www/html/laptop-loans/app/Views/people/index.php:26 {"msg":"htmlspecialchars(): Passing null to parameter #1 ($string) of type string is deprecated","file":"/var/www/html/laptop-loans/app/Views/people/index.php","line":26,"severity":8192}
[23-Feb-2026 08:11:16 UTC] PHP Deprecated:  htmlspecialchars(): Passing null to parameter #1 ($string) of type string is deprecated in /var/www/html/laptop-loans/app/Views/people/index.php on line 26
[2026-02-23 08:11:16] ERROR   PHP error: htmlspecialchars(): Passing null to parameter #1 ($string) of type string is deprecated in /var/www/html/laptop-loans/app/Views/people/index.php:24 {"msg":"htmlspecialchars(): Passing null to parameter #1 ($string) of type string is deprecated","file":"/var/www/html/laptop-loans/app/Views/people/index.php","line":24,"severity":8192}
[23-Feb-2026 08:11:16 UTC] PHP Deprecated:  htmlspecialchars(): Passing null to parameter #1 ($string) of type string is deprecated in /var/www/html/laptop-loans/app/Views/people/index.php on line 24
[2026-02-23 08:11:16] ERROR   PHP error: htmlspecialchars(): Passing null to parameter #1 ($string) of type string is deprecated in /var/www/html/laptop-loans/app/Views/people/index.php:25 {"msg":"htmlspecialchars(): Passing null to parameter #1 ($string) of type string is deprecated","file":"/var/www/html/laptop-loans/app/Views/people/index.php","line":25,"severity":8192}
[23-Feb-2026 08:11:16 UTC] PHP Deprecated:  htmlspecialchars(): Passing null to parameter #1 ($string) of type string is deprecated in /var/www/html/laptop-loans/app/Views/people/index.php on line 25
[2026-02-23 08:12:27] INFO    AUDIT visit {"user_id":null,"username":"anon","route":"courses/index","ip":"10.52.2.5"}
[2026-02-23 08:12:28] INFO    AUDIT visit {"user_id":null,"username":"anon","route":"laptops/index","ip":"10.52.2.5"}
[2026-02-23 08:12:32] INFO    AUDIT visit {"user_id":null,"username":"anon","route":"laptops/index","ip":"10.52.2.5"}
[2026-02-23 08:12:39] INFO    AUDIT visit {"user_id":null,"username":"anon","route":"laptops/edit","ip":"10.52.2.5"}
[2026-02-23 08:12:41] INFO    AUDIT visit {"user_id":null,"username":"anon","route":"laptops/index","ip":"10.52.2.5"}
[2026-02-23 08:14:26] INFO    AUDIT visit {"user_id":null,"username":"anon","route":"laptops/index","ip":"10.52.2.5"}
[2026-02-23 08:14:28] INFO    AUDIT visit {"user_id":null,"username":"anon","route":"laptops/index","ip":"10.52.2.5"}
[2026-02-23 08:20:06] INFO    AUDIT visit {"user_id":null,"username":"anon","route":"laptops/delete","ip":"10.52.2.5"}
[2026-02-23 08:20:06] INFO    AUDIT delete {"user_id":null,"username":"anon","ip":"10.52.2.5","route":"laptops/delete","entity":"laptops","id":77,"was":[]}
[2026-02-23 08:20:06] INFO    AUDIT visit {"user_id":null,"username":"anon","route":"laptops/index","ip":"10.52.2.5"}
[2026-02-23 08:20:11] INFO    AUDIT visit {"user_id":null,"username":"anon","route":"laptops/delete","ip":"10.52.2.5"}
[2026-02-23 08:20:11] INFO    AUDIT delete {"user_id":null,"username":"anon","ip":"10.52.2.5","route":"laptops/delete","entity":"laptops","id":6,"was":[]}
[2026-02-23 08:20:11] INFO    AUDIT visit {"user_id":null,"username":"anon","route":"laptops/index","ip":"10.52.2.5"}
[2026-02-23 08:21:51] INFO    AUDIT visit {"user_id":null,"username":"anon","route":"laptops/create","ip":"10.52.2.5"}
[2026-02-23 08:22:15] INFO    AUDIT visit {"user_id":null,"username":"anon","route":"laptops/create","ip":"10.52.2.5"}
[2026-02-23 08:22:15] ERROR   Uncaught exception: SQLSTATE[23000]: Integrity constraint violation: 1062 Duplicate entry 'PW03QVHN' for key 'uk_laptops_num_serie' {"msg":"SQLSTATE[23000]: Integrity constraint violation: 1062 Duplicate entry 'PW03QVHN' for key 'uk_laptops_num_serie'","file":"/var/www/html/laptop-loans/app/Models/Laptop.php","line":25,"trace":"#0 /var/www/html/laptop-loans/app/Models/Laptop.php(25): PDOStatement->execute(Array)\n#1 /var/www/html/laptop-loans/app/Controllers/LaptopsController.php(86): App\\Models\\Laptop::create(Array)\n#2 /var/www/html/laptop-loans/public/index.php(50): App\\Controllers\\LaptopsController->create()\n#3 {main}"}
[2026-02-23 08:24:50] INFO    AUDIT visit {"user_id":null,"username":"anon","route":"laptops/create","ip":"10.52.2.5"}
[2026-02-23 08:24:52] INFO    AUDIT visit {"user_id":null,"username":"anon","route":"laptops/index","ip":"10.52.2.5"}
[2026-02-23 08:24:53] INFO    AUDIT visit {"user_id":null,"username":"anon","route":"laptops/index","ip":"10.52.2.5"}
[2026-02-23 08:24:55] INFO    AUDIT visit {"user_id":null,"username":"anon","route":"laptops/index","ip":"10.52.2.5"}
[2026-02-23 08:25:12] INFO    AUDIT visit {"user_id":null,"username":"anon","route":"receipts/index","ip":"10.52.2.5"}
[2026-02-23 08:25:27] INFO    AUDIT visit {"user_id":null,"username":"anon","route":"receipts/download","ip":"10.52.2.5"}
[2026-02-23 08:25:37] INFO    AUDIT visit {"user_id":null,"username":"anon","route":"receipts/download","ip":"10.52.2.5"}
[2026-02-23 08:28:18] INFO    AUDIT visit {"user_id":null,"username":"anon","route":"receipts/index","ip":"10.52.2.5"}
[2026-02-23 08:28:20] INFO    AUDIT visit {"user_id":null,"username":"anon","route":"receipts/download","ip":"10.52.2.5"}
[2026-02-23 08:28:33] INFO    AUDIT visit {"user_id":null,"username":"anon","route":"people/index","ip":"10.52.2.5"}
[2026-02-23 08:28:33] ERROR   PHP error: htmlspecialchars(): Passing null to parameter #1 ($string) of type string is deprecated in /var/www/html/laptop-loans/app/Views/people/index.php:23 {"msg":"htmlspecialchars(): Passing null to parameter #1 ($string) of type string is deprecated","file":"/var/www/html/laptop-loans/app/Views/people/index.php","line":23,"severity":8192}
[23-Feb-2026 08:28:33 UTC] PHP Deprecated:  htmlspecialchars(): Passing null to parameter #1 ($string) of type string is deprecated in /var/www/html/laptop-loans/app/Views/people/index.php on line 23
[2026-02-23 08:28:33] ERROR   PHP error: htmlspecialchars(): Passing null to parameter #1 ($string) of type string is deprecated in /var/www/html/laptop-loans/app/Views/people/index.php:24 {"msg":"htmlspecialchars(): Passing null to parameter #1 ($string) of type string is deprecated","file":"/var/www/html/laptop-loans/app/Views/people/index.php","line":24,"severity":8192}
[23-Feb-2026 08:28:33 UTC] PHP Deprecated:  htmlspecialchars(): Passing null to parameter #1 ($string) of type string is deprecated in /var/www/html/laptop-loans/app/Views/people/index.php on line 24
[2026-02-23 08:28:33] ERROR   PHP error: htmlspecialchars(): Passing null to parameter #1 ($string) of type string is deprecated in /var/www/html/laptop-loans/app/Views/people/index.php:25 {"msg":"htmlspecialchars(): Passing null to parameter #1 ($string) of type string is deprecated","file":"/var/www/html/laptop-loans/app/Views/people/index.php","line":25,"severity":8192}
[23-Feb-2026 08:28:33 UTC] PHP Deprecated:  htmlspecialchars(): Passing null to parameter #1 ($string) of type string is deprecated in /var/www/html/laptop-loans/app/Views/people/index.php on line 25
[2026-02-23 08:28:33] ERROR   PHP error: htmlspecialchars(): Passing null to parameter #1 ($string) of type string is deprecated in /var/www/html/laptop-loans/app/Views/people/index.php:26 {"msg":"htmlspecialchars(): Passing null to parameter #1 ($string) of type string is deprecated","file":"/var/www/html/laptop-loans/app/Views/people/index.php","line":26,"severity":8192}
[23-Feb-2026 08:28:33 UTC] PHP Deprecated:  htmlspecialchars(): Passing null to parameter #1 ($string) of type string is deprecated in /var/www/html/laptop-loans/app/Views/people/index.php on line 26
[2026-02-23 08:28:33] ERROR   PHP error: htmlspecialchars(): Passing null to parameter #1 ($string) of type string is deprecated in /var/www/html/laptop-loans/app/Views/people/index.php:23 {"msg":"htmlspecialchars(): Passing null to parameter #1 ($string) of type string is deprecated","file":"/var/www/html/laptop-loans/app/Views/people/index.php","line":23,"severity":8192}
[23-Feb-2026 08:28:33 UTC] PHP Deprecated:  htmlspecialchars(): Passing null to parameter #1 ($string) of type string is deprecated in /var/www/html/laptop-loans/app/Views/people/index.php on line 23
[2026-02-23 08:28:33] ERROR   PHP error: htmlspecialchars(): Passing null to parameter #1 ($string) of type string is deprecated in /var/www/html/laptop-loans/app/Views/people/index.php:24 {"msg":"htmlspecialchars(): Passing null to parameter #1 ($string) of type string is deprecated","file":"/var/www/html/laptop-loans/app/Views/people/index.php","line":24,"severity":8192}
[23-Feb-2026 08:28:33 UTC] PHP Deprecated:  htmlspecialchars(): Passing null to parameter #1 ($string) of type string is deprecated in /var/www/html/laptop-loans/app/Views/people/index.php on line 24
[2026-02-23 08:28:33] ERROR   PHP error: htmlspecialchars(): Passing null to parameter #1 ($string) of type string is deprecated in /var/www/html/laptop-loans/app/Views/people/index.php:25 {"msg":"htmlspecialchars(): Passing null to parameter #1 ($string) of type string is deprecated","file":"/var/www/html/laptop-loans/app/Views/people/index.php","line":25,"severity":8192}
[23-Feb-2026 08:28:33 UTC] PHP Deprecated:  htmlspecialchars(): Passing null to parameter #1 ($string) of type string is deprecated in /var/www/html/laptop-loans/app/Views/people/index.php on line 25
[2026-02-23 08:28:33] ERROR   PHP error: htmlspecialchars(): Passing null to parameter #1 ($string) of type string is deprecated in /var/www/html/laptop-loans/app/Views/people/index.php:26 {"msg":"htmlspecialchars(): Passing null to parameter #1 ($string) of type string is deprecated","file":"/var/www/html/laptop-loans/app/Views/people/index.php","line":26,"severity":8192}
[23-Feb-2026 08:28:33 UTC] PHP Deprecated:  htmlspecialchars(): Passing null to parameter #1 ($string) of type string is deprecated in /var/www/html/laptop-loans/app/Views/people/index.php on line 26
[2026-02-23 08:28:33] ERROR   PHP error: htmlspecialchars(): Passing null to parameter #1 ($string) of type string is deprecated in /var/www/html/laptop-loans/app/Views/people/index.php:23 {"msg":"htmlspecialchars(): Passing null to parameter #1 ($string) of type string is deprecated","file":"/var/www/html/laptop-loans/app/Views/people/index.php","line":23,"severity":8192}
[23-Feb-2026 08:28:33 UTC] PHP Deprecated:  htmlspecialchars(): Passing null to parameter #1 ($string) of type string is deprecated in /var/www/html/laptop-loans/app/Views/people/index.php on line 23
[2026-02-23 08:28:33] ERROR   PHP error: htmlspecialchars(): Passing null to parameter #1 ($string) of type string is deprecated in /var/www/html/laptop-loans/app/Views/people/index.php:24 {"msg":"htmlspecialchars(): Passing null to parameter #1 ($string) of type string is deprecated","file":"/var/www/html/laptop-loans/app/Views/people/index.php","line":24,"severity":8192}
[23-Feb-2026 08:28:33 UTC] PHP Deprecated:  htmlspecialchars(): Passing null to parameter #1 ($string) of type string is deprecated in /var/www/html/laptop-loans/app/Views/people/index.php on line 24
[2026-02-23 08:28:33] ERROR   PHP error: htmlspecialchars(): Passing null to parameter #1 ($string) of type string is deprecated in /var/www/html/laptop-loans/app/Views/people/index.php:25 {"msg":"htmlspecialchars(): Passing null to parameter #1 ($string) of type string is deprecated","file":"/var/www/html/laptop-loans/app/Views/people/index.php","line":25,"severity":8192}
[23-Feb-2026 08:28:33 UTC] PHP Deprecated:  htmlspecialchars(): Passing null to parameter #1 ($string) of type string is deprecated in /var/www/html/laptop-loans/app/Views/people/index.php on line 25
[2026-02-23 08:28:33] ERROR   PHP error: htmlspecialchars(): Passing null to parameter #1 ($string) of type string is deprecated in /var/www/html/laptop-loans/app/Views/people/index.php:26 {"msg":"htmlspecialchars(): Passing null to parameter #1 ($string) of type string is deprecated","file":"/var/www/html/laptop-loans/app/Views/people/index.php","line":26,"severity":8192}
[23-Feb-2026 08:28:33 UTC] PHP Deprecated:  htmlspecialchars(): Passing null to parameter #1 ($string) of type string is deprecated in /var/www/html/laptop-loans/app/Views/people/index.php on line 26
[2026-02-23 08:28:33] ERROR   PHP error: htmlspecialchars(): Passing null to parameter #1 ($string) of type string is deprecated in /var/www/html/laptop-loans/app/Views/people/index.php:23 {"msg":"htmlspecialchars(): Passing null to parameter #1 ($string) of type string is deprecated","file":"/var/www/html/laptop-loans/app/Views/people/index.php","line":23,"severity":8192}
[23-Feb-2026 08:28:33 UTC] PHP Deprecated:  htmlspecialchars(): Passing null to parameter #1 ($string) of type string is deprecated in /var/www/html/laptop-loans/app/Views/people/index.php on line 23
[2026-02-23 08:28:33] ERROR   PHP error: htmlspecialchars(): Passing null to parameter #1 ($string) of type string is deprecated in /var/www/html/laptop-loans/app/Views/people/index.php:24 {"msg":"htmlspecialchars(): Passing null to parameter #1 ($string) of type string is deprecated","file":"/var/www/html/laptop-loans/app/Views/people/index.php","line":24,"severity":8192}
[23-Feb-2026 08:28:33 UTC] PHP Deprecated:  htmlspecialchars(): Passing null to parameter #1 ($string) of type string is deprecated in /var/www/html/laptop-loans/app/Views/people/index.php on line 24
[2026-02-23 08:28:33] ERROR   PHP error: htmlspecialchars(): Passing null to parameter #1 ($string) of type string is deprecated in /var/www/html/laptop-loans/app/Views/people/index.php:25 {"msg":"htmlspecialchars(): Passing null to parameter #1 ($string) of type string is deprecated","file":"/var/www/html/laptop-loans/app/Views/people/index.php","line":25,"severity":8192}
[23-Feb-2026 08:28:33 UTC] PHP Deprecated:  htmlspecialchars(): Passing null to parameter #1 ($string) of type string is deprecated in /var/www/html/laptop-loans/app/Views/people/index.php on line 25
[2026-02-23 08:28:33] ERROR   PHP error: htmlspecialchars(): Passing null to parameter #1 ($string) of type string is deprecated in /var/www/html/laptop-loans/app/Views/people/index.php:26 {"msg":"htmlspecialchars(): Passing null to parameter #1 ($string) of type string is deprecated","file":"/var/www/html/laptop-loans/app/Views/people/index.php","line":26,"severity":8192}
[23-Feb-2026 08:28:33 UTC] PHP Deprecated:  htmlspecialchars(): Passing null to parameter #1 ($string) of type string is deprecated in /var/www/html/laptop-loans/app/Views/people/index.php on line 26
[2026-02-23 08:28:33] ERROR   PHP error: htmlspecialchars(): Passing null to parameter #1 ($string) of type string is deprecated in /var/www/html/laptop-loans/app/Views/people/index.php:23 {"msg":"htmlspecialchars(): Passing null to parameter #1 ($string) of type string is deprecated","file":"/var/www/html/laptop-loans/app/Views/people/index.php","line":23,"severity":8192}
[23-Feb-2026 08:28:33 UTC] PHP Deprecated:  htmlspecialchars(): Passing null to parameter #1 ($string) of type string is deprecated in /var/www/html/laptop-loans/app/Views/people/index.php on line 23
[2026-02-23 08:28:33] ERROR   PHP error: htmlspecialchars(): Passing null to parameter #1 ($string) of type string is deprecated in /var/www/html/laptop-loans/app/Views/people/index.php:24 {"msg":"htmlspecialchars(): Passing null to parameter #1 ($string) of type string is deprecated","file":"/var/www/html/laptop-loans/app/Views/people/index.php","line":24,"severity":8192}
[23-Feb-2026 08:28:33 UTC] PHP Deprecated:  htmlspecialchars(): Passing null to parameter #1 ($string) of type string is deprecated in /var/www/html/laptop-loans/app/Views/people/index.php on line 24
[2026-02-23 08:28:33] ERROR   PHP error: htmlspecialchars(): Passing null to parameter #1 ($string) of type string is deprecated in /var/www/html/laptop-loans/app/Views/people/index.php:25 {"msg":"htmlspecialchars(): Passing null to parameter #1 ($string) of type string is deprecated","file":"/var/www/html/laptop-loans/app/Views/people/index.php","line":25,"severity":8192}
[23-Feb-2026 08:28:33 UTC] PHP Deprecated:  htmlspecialchars(): Passing null to parameter #1 ($string) of type string is deprecated in /var/www/html/laptop-loans/app/Views/people/index.php on line 25
[2026-02-23 08:28:33] ERROR   PHP error: htmlspecialchars(): Passing null to parameter #1 ($string) of type string is deprecated in /var/www/html/laptop-loans/app/Views/people/index.php:26 {"msg":"htmlspecialchars(): Passing null to parameter #1 ($string) of type string is deprecated","file":"/var/www/html/laptop-loans/app/Views/people/index.php","line":26,"severity":8192}
[23-Feb-2026 08:28:33 UTC] PHP Deprecated:  htmlspecialchars(): Passing null to parameter #1 ($string) of type string is deprecated in /var/www/html/laptop-loans/app/Views/people/index.php on line 26
[2026-02-23 08:28:33] ERROR   PHP error: htmlspecialchars(): Passing null to parameter #1 ($string) of type string is deprecated in /var/www/html/laptop-loans/app/Views/people/index.php:23 {"msg":"htmlspecialchars(): Passing null to parameter #1 ($string) of type string is deprecated","file":"/var/www/html/laptop-loans/app/Views/people/index.php","line":23,"severity":8192}
[23-Feb-2026 08:28:33 UTC] PHP Deprecated:  htmlspecialchars(): Passing null to parameter #1 ($string) of type string is deprecated in /var/www/html/laptop-loans/app/Views/people/index.php on line 23
[2026-02-23 08:28:33] ERROR   PHP error: htmlspecialchars(): Passing null to parameter #1 ($string) of type string is deprecated in /var/www/html/laptop-loans/app/Views/people/index.php:24 {"msg":"htmlspecialchars(): Passing null to parameter #1 ($string) of type string is deprecated","file":"/var/www/html/laptop-loans/app/Views/people/index.php","line":24,"severity":8192}
[23-Feb-2026 08:28:33 UTC] PHP Deprecated:  htmlspecialchars(): Passing null to parameter #1 ($string) of type string is deprecated in /var/www/html/laptop-loans/app/Views/people/index.php on line 24
[2026-02-23 08:28:33] ERROR   PHP error: htmlspecialchars(): Passing null to parameter #1 ($string) of type string is deprecated in /var/www/html/laptop-loans/app/Views/people/index.php:25 {"msg":"htmlspecialchars(): Passing null to parameter #1 ($string) of type string is deprecated","file":"/var/www/html/laptop-loans/app/Views/people/index.php","line":25,"severity":8192}
[23-Feb-2026 08:28:33 UTC] PHP Deprecated:  htmlspecialchars(): Passing null to parameter #1 ($string) of type string is deprecated in /var/www/html/laptop-loans/app/Views/people/index.php on line 25
[2026-02-23 08:28:33] ERROR   PHP error: htmlspecialchars(): Passing null to parameter #1 ($string) of type string is deprecated in /var/www/html/laptop-loans/app/Views/people/index.php:26 {"msg":"htmlspecialchars(): Passing null to parameter #1 ($string) of type string is deprecated","file":"/var/www/html/laptop-loans/app/Views/people/index.php","line":26,"severity":8192}
[23-Feb-2026 08:28:33 UTC] PHP Deprecated:  htmlspecialchars(): Passing null to parameter #1 ($string) of type string is deprecated in /var/www/html/laptop-loans/app/Views/people/index.php on line 26
[2026-02-23 08:28:33] ERROR   PHP error: htmlspecialchars(): Passing null to parameter #1 ($string) of type string is deprecated in /var/www/html/laptop-loans/app/Views/people/index.php:23 {"msg":"htmlspecialchars(): Passing null to parameter #1 ($string) of type string is deprecated","file":"/var/www/html/laptop-loans/app/Views/people/index.php","line":23,"severity":8192}
[23-Feb-2026 08:28:33 UTC] PHP Deprecated:  htmlspecialchars(): Passing null to parameter #1 ($string) of type string is deprecated in /var/www/html/laptop-loans/app/Views/people/index.php on line 23
[2026-02-23 08:28:33] ERROR   PHP error: htmlspecialchars(): Passing null to parameter #1 ($string) of type string is deprecated in /var/www/html/laptop-loans/app/Views/people/index.php:24 {"msg":"htmlspecialchars(): Passing null to parameter #1 ($string) of type string is deprecated","file":"/var/www/html/laptop-loans/app/Views/people/index.php","line":24,"severity":8192}
[23-Feb-2026 08:28:33 UTC] PHP Deprecated:  htmlspecialchars(): Passing null to parameter #1 ($string) of type string is deprecated in /var/www/html/laptop-loans/app/Views/people/index.php on line 24
[2026-02-23 08:28:33] ERROR   PHP error: htmlspecialchars(): Passing null to parameter #1 ($string) of type string is deprecated in /var/www/html/laptop-loans/app/Views/people/index.php:25 {"msg":"htmlspecialchars(): Passing null to parameter #1 ($string) of type string is deprecated","file":"/var/www/html/laptop-loans/app/Views/people/index.php","line":25,"severity":8192}
[23-Feb-2026 08:28:33 UTC] PHP Deprecated:  htmlspecialchars(): Passing null to parameter #1 ($string) of type string is deprecated in /var/www/html/laptop-loans/app/Views/people/index.php on line 25
[2026-02-23 08:28:33] ERROR   PHP error: htmlspecialchars(): Passing null to parameter #1 ($string) of type string is deprecated in /var/www/html/laptop-loans/app/Views/people/index.php:26 {"msg":"htmlspecialchars(): Passing null to parameter #1 ($string) of type string is deprecated","file":"/var/www/html/laptop-loans/app/Views/people/index.php","line":26,"severity":8192}
[23-Feb-2026 08:28:33 UTC] PHP Deprecated:  htmlspecialchars(): Passing null to parameter #1 ($string) of type string is deprecated in /var/www/html/laptop-loans/app/Views/people/index.php on line 26
[2026-02-23 08:28:33] ERROR   PHP error: htmlspecialchars(): Passing null to parameter #1 ($string) of type string is deprecated in /var/www/html/laptop-loans/app/Views/people/index.php:23 {"msg":"htmlspecialchars(): Passing null to parameter #1 ($string) of type string is deprecated","file":"/var/www/html/laptop-loans/app/Views/people/index.php","line":23,"severity":8192}
[23-Feb-2026 08:28:33 UTC] PHP Deprecated:  htmlspecialchars(): Passing null to parameter #1 ($string) of type string is deprecated in /var/www/html/laptop-loans/app/Views/people/index.php on line 23
[2026-02-23 08:28:33] ERROR   PHP error: htmlspecialchars(): Passing null to parameter #1 ($string) of type string is deprecated in /var/www/html/laptop-loans/app/Views/people/index.php:24 {"msg":"htmlspecialchars(): Passing null to parameter #1 ($string) of type string is deprecated","file":"/var/www/html/laptop-loans/app/Views/people/index.php","line":24,"severity":8192}
[23-Feb-2026 08:28:33 UTC] PHP Deprecated:  htmlspecialchars(): Passing null to parameter #1 ($string) of type string is deprecated in /var/www/html/laptop-loans/app/Views/people/index.php on line 24
[2026-02-23 08:28:33] ERROR   PHP error: htmlspecialchars(): Passing null to parameter #1 ($string) of type string is deprecated in /var/www/html/laptop-loans/app/Views/people/index.php:25 {"msg":"htmlspecialchars(): Passing null to parameter #1 ($string) of type string is deprecated","file":"/var/www/html/laptop-loans/app/Views/people/index.php","line":25,"severity":8192}
[23-Feb-2026 08:28:33 UTC] PHP Deprecated:  htmlspecialchars(): Passing null to parameter #1 ($string) of type string is deprecated in /var/www/html/laptop-loans/app/Views/people/index.php on line 25
[2026-02-23 08:28:33] ERROR   PHP error: htmlspecialchars(): Passing null to parameter #1 ($string) of type string is deprecated in /var/www/html/laptop-loans/app/Views/people/index.php:26 {"msg":"htmlspecialchars(): Passing null to parameter #1 ($string) of type string is deprecated","file":"/var/www/html/laptop-loans/app/Views/people/index.php","line":26,"severity":8192}
[23-Feb-2026 08:28:33 UTC] PHP Deprecated:  htmlspecialchars(): Passing null to parameter #1 ($string) of type string is deprecated in /var/www/html/laptop-loans/app/Views/people/index.php on line 26
[2026-02-23 08:28:33] ERROR   PHP error: htmlspecialchars(): Passing null to parameter #1 ($string) of type string is deprecated in /var/www/html/laptop-loans/app/Views/people/index.php:23 {"msg":"htmlspecialchars(): Passing null to parameter #1 ($string) of type string is deprecated","file":"/var/www/html/laptop-loans/app/Views/people/index.php","line":23,"severity":8192}
[23-Feb-2026 08:28:33 UTC] PHP Deprecated:  htmlspecialchars(): Passing null to parameter #1 ($string) of type string is deprecated in /var/www/html/laptop-loans/app/Views/people/index.php on line 23
[2026-02-23 08:28:33] ERROR   PHP error: htmlspecialchars(): Passing null to parameter #1 ($string) of type string is deprecated in /var/www/html/laptop-loans/app/Views/people/index.php:24 {"msg":"htmlspecialchars(): Passing null to parameter #1 ($string) of type string is deprecated","file":"/var/www/html/laptop-loans/app/Views/people/index.php","line":24,"severity":8192}
[23-Feb-2026 08:28:33 UTC] PHP Deprecated:  htmlspecialchars(): Passing null to parameter #1 ($string) of type string is deprecated in /var/www/html/laptop-loans/app/Views/people/index.php on line 24
[2026-02-23 08:28:33] ERROR   PHP error: htmlspecialchars(): Passing null to parameter #1 ($string) of type string is deprecated in /var/www/html/laptop-loans/app/Views/people/index.php:25 {"msg":"htmlspecialchars(): Passing null to parameter #1 ($string) of type string is deprecated","file":"/var/www/html/laptop-loans/app/Views/people/index.php","line":25,"severity":8192}
[23-Feb-2026 08:28:33 UTC] PHP Deprecated:  htmlspecialchars(): Passing null to parameter #1 ($string) of type string is deprecated in /var/www/html/laptop-loans/app/Views/people/index.php on line 25
[2026-02-23 08:28:33] ERROR   PHP error: htmlspecialchars(): Passing null to parameter #1 ($string) of type string is deprecated in /var/www/html/laptop-loans/app/Views/people/index.php:26 {"msg":"htmlspecialchars(): Passing null to parameter #1 ($string) of type string is deprecated","file":"/var/www/html/laptop-loans/app/Views/people/index.php","line":26,"severity":8192}
[23-Feb-2026 08:28:33 UTC] PHP Deprecated:  htmlspecialchars(): Passing null to parameter #1 ($string) of type string is deprecated in /var/www/html/laptop-loans/app/Views/people/index.php on line 26
[2026-02-23 08:28:33] ERROR   PHP error: htmlspecialchars(): Passing null to parameter #1 ($string) of type string is deprecated in /var/www/html/laptop-loans/app/Views/people/index.php:23 {"msg":"htmlspecialchars(): Passing null to parameter #1 ($string) of type string is deprecated","file":"/var/www/html/laptop-loans/app/Views/people/index.php","line":23,"severity":8192}
[23-Feb-2026 08:28:33 UTC] PHP Deprecated:  htmlspecialchars(): Passing null to parameter #1 ($string) of type string is deprecated in /var/www/html/laptop-loans/app/Views/people/index.php on line 23
[2026-02-23 08:28:33] ERROR   PHP error: htmlspecialchars(): Passing null to parameter #1 ($string) of type string is deprecated in /var/www/html/laptop-loans/app/Views/people/index.php:24 {"msg":"htmlspecialchars(): Passing null to parameter #1 ($string) of type string is deprecated","file":"/var/www/html/laptop-loans/app/Views/people/index.php","line":24,"severity":8192}
[23-Feb-2026 08:28:33 UTC] PHP Deprecated:  htmlspecialchars(): Passing null to parameter #1 ($string) of type string is deprecated in /var/www/html/laptop-loans/app/Views/people/index.php on line 24
[2026-02-23 08:28:33] ERROR   PHP error: htmlspecialchars(): Passing null to parameter #1 ($string) of type string is deprecated in /var/www/html/laptop-loans/app/Views/people/index.php:25 {"msg":"htmlspecialchars(): Passing null to parameter #1 ($string) of type string is deprecated","file":"/var/www/html/laptop-loans/app/Views/people/index.php","line":25,"severity":8192}
[23-Feb-2026 08:28:33 UTC] PHP Deprecated:  htmlspecialchars(): Passing null to parameter #1 ($string) of type string is deprecated in /var/www/html/laptop-loans/app/Views/people/index.php on line 25
[2026-02-23 08:28:33] ERROR   PHP error: htmlspecialchars(): Passing null to parameter #1 ($string) of type string is deprecated in /var/www/html/laptop-loans/app/Views/people/index.php:26 {"msg":"htmlspecialchars(): Passing null to parameter #1 ($string) of type string is deprecated","file":"/var/www/html/laptop-loans/app/Views/people/index.php","line":26,"severity":8192}
[23-Feb-2026 08:28:33 UTC] PHP Deprecated:  htmlspecialchars(): Passing null to parameter #1 ($string) of type string is deprecated in /var/www/html/laptop-loans/app/Views/people/index.php on line 26
[2026-02-23 08:28:33] ERROR   PHP error: htmlspecialchars(): Passing null to parameter #1 ($string) of type string is deprecated in /var/www/html/laptop-loans/app/Views/people/index.php:23 {"msg":"htmlspecialchars(): Passing null to parameter #1 ($string) of type string is deprecated","file":"/var/www/html/laptop-loans/app/Views/people/index.php","line":23,"severity":8192}
[23-Feb-2026 08:28:33 UTC] PHP Deprecated:  htmlspecialchars(): Passing null to parameter #1 ($string) of type string is deprecated in /var/www/html/laptop-loans/app/Views/people/index.php on line 23
[2026-02-23 08:28:33] ERROR   PHP error: htmlspecialchars(): Passing null to parameter #1 ($string) of type string is deprecated in /var/www/html/laptop-loans/app/Views/people/index.php:24 {"msg":"htmlspecialchars(): Passing null to parameter #1 ($string) of type string is deprecated","file":"/var/www/html/laptop-loans/app/Views/people/index.php","line":24,"severity":8192}
[23-Feb-2026 08:28:33 UTC] PHP Deprecated:  htmlspecialchars(): Passing null to parameter #1 ($string) of type string is deprecated in /var/www/html/laptop-loans/app/Views/people/index.php on line 24
[2026-02-23 08:28:33] ERROR   PHP error: htmlspecialchars(): Passing null to parameter #1 ($string) of type string is deprecated in /var/www/html/laptop-loans/app/Views/people/index.php:25 {"msg":"htmlspecialchars(): Passing null to parameter #1 ($string) of type string is deprecated","file":"/var/www/html/laptop-loans/app/Views/people/index.php","line":25,"severity":8192}
[23-Feb-2026 08:28:33 UTC] PHP Deprecated:  htmlspecialchars(): Passing null to parameter #1 ($string) of type string is deprecated in /var/www/html/laptop-loans/app/Views/people/index.php on line 25
[2026-02-23 08:28:33] ERROR   PHP error: htmlspecialchars(): Passing null to parameter #1 ($string) of type string is deprecated in /var/www/html/laptop-loans/app/Views/people/index.php:26 {"msg":"htmlspecialchars(): Passing null to parameter #1 ($string) of type string is deprecated","file":"/var/www/html/laptop-loans/app/Views/people/index.php","line":26,"severity":8192}
[23-Feb-2026 08:28:33 UTC] PHP Deprecated:  htmlspecialchars(): Passing null to parameter #1 ($string) of type string is deprecated in /var/www/html/laptop-loans/app/Views/people/index.php on line 26
[2026-02-23 08:28:33] ERROR   PHP error: htmlspecialchars(): Passing null to parameter #1 ($string) of type string is deprecated in /var/www/html/laptop-loans/app/Views/people/index.php:23 {"msg":"htmlspecialchars(): Passing null to parameter #1 ($string) of type string is deprecated","file":"/var/www/html/laptop-loans/app/Views/people/index.php","line":23,"severity":8192}
[23-Feb-2026 08:28:33 UTC] PHP Deprecated:  htmlspecialchars(): Passing null to parameter #1 ($string) of type string is deprecated in /var/www/html/laptop-loans/app/Views/people/index.php on line 23
[2026-02-23 08:28:33] ERROR   PHP error: htmlspecialchars(): Passing null to parameter #1 ($string) of type string is deprecated in /var/www/html/laptop-loans/app/Views/people/index.php:24 {"msg":"htmlspecialchars(): Passing null to parameter #1 ($string) of type string is deprecated","file":"/var/www/html/laptop-loans/app/Views/people/index.php","line":24,"severity":8192}
[23-Feb-2026 08:28:33 UTC] PHP Deprecated:  htmlspecialchars(): Passing null to parameter #1 ($string) of type string is deprecated in /var/www/html/laptop-loans/app/Views/people/index.php on line 24
[2026-02-23 08:28:33] ERROR   PHP error: htmlspecialchars(): Passing null to parameter #1 ($string) of type string is deprecated in /var/www/html/laptop-loans/app/Views/people/index.php:25 {"msg":"htmlspecialchars(): Passing null to parameter #1 ($string) of type string is deprecated","file":"/var/www/html/laptop-loans/app/Views/people/index.php","line":25,"severity":8192}
[23-Feb-2026 08:28:33 UTC] PHP Deprecated:  htmlspecialchars(): Passing null to parameter #1 ($string) of type string is deprecated in /var/www/html/laptop-loans/app/Views/people/index.php on line 25
[2026-02-23 08:28:33] ERROR   PHP error: htmlspecialchars(): Passing null to parameter #1 ($string) of type string is deprecated in /var/www/html/laptop-loans/app/Views/people/index.php:26 {"msg":"htmlspecialchars(): Passing null to parameter #1 ($string) of type string is deprecated","file":"/var/www/html/laptop-loans/app/Views/people/index.php","line":26,"severity":8192}
[23-Feb-2026 08:28:33 UTC] PHP Deprecated:  htmlspecialchars(): Passing null to parameter #1 ($string) of type string is deprecated in /var/www/html/laptop-loans/app/Views/people/index.php on line 26
[2026-02-23 08:28:33] ERROR   PHP error: htmlspecialchars(): Passing null to parameter #1 ($string) of type string is deprecated in /var/www/html/laptop-loans/app/Views/people/index.php:24 {"msg":"htmlspecialchars(): Passing null to parameter #1 ($string) of type string is deprecated","file":"/var/www/html/laptop-loans/app/Views/people/index.php","line":24,"severity":8192}
[23-Feb-2026 08:28:33 UTC] PHP Deprecated:  htmlspecialchars(): Passing null to parameter #1 ($string) of type string is deprecated in /var/www/html/laptop-loans/app/Views/people/index.php on line 24
[2026-02-23 08:28:33] ERROR   PHP error: htmlspecialchars(): Passing null to parameter #1 ($string) of type string is deprecated in /var/www/html/laptop-loans/app/Views/people/index.php:25 {"msg":"htmlspecialchars(): Passing null to parameter #1 ($string) of type string is deprecated","file":"/var/www/html/laptop-loans/app/Views/people/index.php","line":25,"severity":8192}
[23-Feb-2026 08:28:33 UTC] PHP Deprecated:  htmlspecialchars(): Passing null to parameter #1 ($string) of type string is deprecated in /var/www/html/laptop-loans/app/Views/people/index.php on line 25
[2026-02-23 08:28:33] ERROR   PHP error: htmlspecialchars(): Passing null to parameter #1 ($string) of type string is deprecated in /var/www/html/laptop-loans/app/Views/people/index.php:26 {"msg":"htmlspecialchars(): Passing null to parameter #1 ($string) of type string is deprecated","file":"/var/www/html/laptop-loans/app/Views/people/index.php","line":26,"severity":8192}
[23-Feb-2026 08:28:33 UTC] PHP Deprecated:  htmlspecialchars(): Passing null to parameter #1 ($string) of type string is deprecated in /var/www/html/laptop-loans/app/Views/people/index.php on line 26
[2026-02-23 08:28:33] ERROR   PHP error: htmlspecialchars(): Passing null to parameter #1 ($string) of type string is deprecated in /var/www/html/laptop-loans/app/Views/people/index.php:23 {"msg":"htmlspecialchars(): Passing null to parameter #1 ($string) of type string is deprecated","file":"/var/www/html/laptop-loans/app/Views/people/index.php","line":23,"severity":8192}
[23-Feb-2026 08:28:33 UTC] PHP Deprecated:  htmlspecialchars(): Passing null to parameter #1 ($string) of type string is deprecated in /var/www/html/laptop-loans/app/Views/people/index.php on line 23
[2026-02-23 08:28:33] ERROR   PHP error: htmlspecialchars(): Passing null to parameter #1 ($string) of type string is deprecated in /var/www/html/laptop-loans/app/Views/people/index.php:24 {"msg":"htmlspecialchars(): Passing null to parameter #1 ($string) of type string is deprecated","file":"/var/www/html/laptop-loans/app/Views/people/index.php","line":24,"severity":8192}
[23-Feb-2026 08:28:33 UTC] PHP Deprecated:  htmlspecialchars(): Passing null to parameter #1 ($string) of type string is deprecated in /var/www/html/laptop-loans/app/Views/people/index.php on line 24
[2026-02-23 08:28:33] ERROR   PHP error: htmlspecialchars(): Passing null to parameter #1 ($string) of type string is deprecated in /var/www/html/laptop-loans/app/Views/people/index.php:25 {"msg":"htmlspecialchars(): Passing null to parameter #1 ($string) of type string is deprecated","file":"/var/www/html/laptop-loans/app/Views/people/index.php","line":25,"severity":8192}
[23-Feb-2026 08:28:33 UTC] PHP Deprecated:  htmlspecialchars(): Passing null to parameter #1 ($string) of type string is deprecated in /var/www/html/laptop-loans/app/Views/people/index.php on line 25
[2026-02-23 08:28:33] ERROR   PHP error: htmlspecialchars(): Passing null to parameter #1 ($string) of type string is deprecated in /var/www/html/laptop-loans/app/Views/people/index.php:26 {"msg":"htmlspecialchars(): Passing null to parameter #1 ($string) of type string is deprecated","file":"/var/www/html/laptop-loans/app/Views/people/index.php","line":26,"severity":8192}
[23-Feb-2026 08:28:33 UTC] PHP Deprecated:  htmlspecialchars(): Passing null to parameter #1 ($string) of type string is deprecated in /var/www/html/laptop-loans/app/Views/people/index.php on line 26
[2026-02-23 08:28:33] ERROR   PHP error: htmlspecialchars(): Passing null to parameter #1 ($string) of type string is deprecated in /var/www/html/laptop-loans/app/Views/people/index.php:23 {"msg":"htmlspecialchars(): Passing null to parameter #1 ($string) of type string is deprecated","file":"/var/www/html/laptop-loans/app/Views/people/index.php","line":23,"severity":8192}
[23-Feb-2026 08:28:33 UTC] PHP Deprecated:  htmlspecialchars(): Passing null to parameter #1 ($string) of type string is deprecated in /var/www/html/laptop-loans/app/Views/people/index.php on line 23
[2026-02-23 08:28:33] ERROR   PHP error: htmlspecialchars(): Passing null to parameter #1 ($string) of type string is deprecated in /var/www/html/laptop-loans/app/Views/people/index.php:24 {"msg":"htmlspecialchars(): Passing null to parameter #1 ($string) of type string is deprecated","file":"/var/www/html/laptop-loans/app/Views/people/index.php","line":24,"severity":8192}
[23-Feb-2026 08:28:33 UTC] PHP Deprecated:  htmlspecialchars(): Passing null to parameter #1 ($string) of type string is deprecated in /var/www/html/laptop-loans/app/Views/people/index.php on line 24
[2026-02-23 08:28:33] ERROR   PHP error: htmlspecialchars(): Passing null to parameter #1 ($string) of type string is deprecated in /var/www/html/laptop-loans/app/Views/people/index.php:25 {"msg":"htmlspecialchars(): Passing null to parameter #1 ($string) of type string is deprecated","file":"/var/www/html/laptop-loans/app/Views/people/index.php","line":25,"severity":8192}
[23-Feb-2026 08:28:33 UTC] PHP Deprecated:  htmlspecialchars(): Passing null to parameter #1 ($string) of type string is deprecated in /var/www/html/laptop-loans/app/Views/people/index.php on line 25
[2026-02-23 08:28:33] ERROR   PHP error: htmlspecialchars(): Passing null to parameter #1 ($string) of type string is deprecated in /var/www/html/laptop-loans/app/Views/people/index.php:26 {"msg":"htmlspecialchars(): Passing null to parameter #1 ($string) of type string is deprecated","file":"/var/www/html/laptop-loans/app/Views/people/index.php","line":26,"severity":8192}
[23-Feb-2026 08:28:33 UTC] PHP Deprecated:  htmlspecialchars(): Passing null to parameter #1 ($string) of type string is deprecated in /var/www/html/laptop-loans/app/Views/people/index.php on line 26
[2026-02-23 08:28:33] ERROR   PHP error: htmlspecialchars(): Passing null to parameter #1 ($string) of type string is deprecated in /var/www/html/laptop-loans/app/Views/people/index.php:23 {"msg":"htmlspecialchars(): Passing null to parameter #1 ($string) of type string is deprecated","file":"/var/www/html/laptop-loans/app/Views/people/index.php","line":23,"severity":8192}
[23-Feb-2026 08:28:33 UTC] PHP Deprecated:  htmlspecialchars(): Passing null to parameter #1 ($string) of type string is deprecated in /var/www/html/laptop-loans/app/Views/people/index.php on line 23
[2026-02-23 08:28:33] ERROR   PHP error: htmlspecialchars(): Passing null to parameter #1 ($string) of type string is deprecated in /var/www/html/laptop-loans/app/Views/people/index.php:24 {"msg":"htmlspecialchars(): Passing null to parameter #1 ($string) of type string is deprecated","file":"/var/www/html/laptop-loans/app/Views/people/index.php","line":24,"severity":8192}
[23-Feb-2026 08:28:33 UTC] PHP Deprecated:  htmlspecialchars(): Passing null to parameter #1 ($string) of type string is deprecated in /var/www/html/laptop-loans/app/Views/people/index.php on line 24
[2026-02-23 08:28:33] ERROR   PHP error: htmlspecialchars(): Passing null to parameter #1 ($string) of type string is deprecated in /var/www/html/laptop-loans/app/Views/people/index.php:25 {"msg":"htmlspecialchars(): Passing null to parameter #1 ($string) of type string is deprecated","file":"/var/www/html/laptop-loans/app/Views/people/index.php","line":25,"severity":8192}
[23-Feb-2026 08:28:33 UTC] PHP Deprecated:  htmlspecialchars(): Passing null to parameter #1 ($string) of type string is deprecated in /var/www/html/laptop-loans/app/Views/people/index.php on line 25
[2026-02-23 08:28:33] ERROR   PHP error: htmlspecialchars(): Passing null to parameter #1 ($string) of type string is deprecated in /var/www/html/laptop-loans/app/Views/people/index.php:26 {"msg":"htmlspecialchars(): Passing null to parameter #1 ($string) of type string is deprecated","file":"/var/www/html/laptop-loans/app/Views/people/index.php","line":26,"severity":8192}
[23-Feb-2026 08:28:33 UTC] PHP Deprecated:  htmlspecialchars(): Passing null to parameter #1 ($string) of type string is deprecated in /var/www/html/laptop-loans/app/Views/people/index.php on line 26
[2026-02-23 08:28:33] ERROR   PHP error: htmlspecialchars(): Passing null to parameter #1 ($string) of type string is deprecated in /var/www/html/laptop-loans/app/Views/people/index.php:23 {"msg":"htmlspecialchars(): Passing null to parameter #1 ($string) of type string is deprecated","file":"/var/www/html/laptop-loans/app/Views/people/index.php","line":23,"severity":8192}
[23-Feb-2026 08:28:33 UTC] PHP Deprecated:  htmlspecialchars(): Passing null to parameter #1 ($string) of type string is deprecated in /var/www/html/laptop-loans/app/Views/people/index.php on line 23
[2026-02-23 08:28:33] ERROR   PHP error: htmlspecialchars(): Passing null to parameter #1 ($string) of type string is deprecated in /var/www/html/laptop-loans/app/Views/people/index.php:24 {"msg":"htmlspecialchars(): Passing null to parameter #1 ($string) of type string is deprecated","file":"/var/www/html/laptop-loans/app/Views/people/index.php","line":24,"severity":8192}
[23-Feb-2026 08:28:33 UTC] PHP Deprecated:  htmlspecialchars(): Passing null to parameter #1 ($string) of type string is deprecated in /var/www/html/laptop-loans/app/Views/people/index.php on line 24
[2026-02-23 08:28:33] ERROR   PHP error: htmlspecialchars(): Passing null to parameter #1 ($string) of type string is deprecated in /var/www/html/laptop-loans/app/Views/people/index.php:25 {"msg":"htmlspecialchars(): Passing null to parameter #1 ($string) of type string is deprecated","file":"/var/www/html/laptop-loans/app/Views/people/index.php","line":25,"severity":8192}
[23-Feb-2026 08:28:33 UTC] PHP Deprecated:  htmlspecialchars(): Passing null to parameter #1 ($string) of type string is deprecated in /var/www/html/laptop-loans/app/Views/people/index.php on line 25
[2026-02-23 08:28:33] ERROR   PHP error: htmlspecialchars(): Passing null to parameter #1 ($string) of type string is deprecated in /var/www/html/laptop-loans/app/Views/people/index.php:26 {"msg":"htmlspecialchars(): Passing null to parameter #1 ($string) of type string is deprecated","file":"/var/www/html/laptop-loans/app/Views/people/index.php","line":26,"severity":8192}
[23-Feb-2026 08:28:33 UTC] PHP Deprecated:  htmlspecialchars(): Passing null to parameter #1 ($string) of type string is deprecated in /var/www/html/laptop-loans/app/Views/people/index.php on line 26
[2026-02-23 08:28:33] ERROR   PHP error: htmlspecialchars(): Passing null to parameter #1 ($string) of type string is deprecated in /var/www/html/laptop-loans/app/Views/people/index.php:23 {"msg":"htmlspecialchars(): Passing null to parameter #1 ($string) of type string is deprecated","file":"/var/www/html/laptop-loans/app/Views/people/index.php","line":23,"severity":8192}
[23-Feb-2026 08:28:33 UTC] PHP Deprecated:  htmlspecialchars(): Passing null to parameter #1 ($string) of type string is deprecated in /var/www/html/laptop-loans/app/Views/people/index.php on line 23
[2026-02-23 08:28:33] ERROR   PHP error: htmlspecialchars(): Passing null to parameter #1 ($string) of type string is deprecated in /var/www/html/laptop-loans/app/Views/people/index.php:24 {"msg":"htmlspecialchars(): Passing null to parameter #1 ($string) of type string is deprecated","file":"/var/www/html/laptop-loans/app/Views/people/index.php","line":24,"severity":8192}
[23-Feb-2026 08:28:33 UTC] PHP Deprecated:  htmlspecialchars(): Passing null to parameter #1 ($string) of type string is deprecated in /var/www/html/laptop-loans/app/Views/people/index.php on line 24
[2026-02-23 08:28:33] ERROR   PHP error: htmlspecialchars(): Passing null to parameter #1 ($string) of type string is deprecated in /var/www/html/laptop-loans/app/Views/people/index.php:25 {"msg":"htmlspecialchars(): Passing null to parameter #1 ($string) of type string is deprecated","file":"/var/www/html/laptop-loans/app/Views/people/index.php","line":25,"severity":8192}
[23-Feb-2026 08:28:33 UTC] PHP Deprecated:  htmlspecialchars(): Passing null to parameter #1 ($string) of type string is deprecated in /var/www/html/laptop-loans/app/Views/people/index.php on line 25
[2026-02-23 08:28:33] ERROR   PHP error: htmlspecialchars(): Passing null to parameter #1 ($string) of type string is deprecated in /var/www/html/laptop-loans/app/Views/people/index.php:26 {"msg":"htmlspecialchars(): Passing null to parameter #1 ($string) of type string is deprecated","file":"/var/www/html/laptop-loans/app/Views/people/index.php","line":26,"severity":8192}
[23-Feb-2026 08:28:33 UTC] PHP Deprecated:  htmlspecialchars(): Passing null to parameter #1 ($string) of type string is deprecated in /var/www/html/laptop-loans/app/Views/people/index.php on line 26
[2026-02-23 08:28:33] ERROR   PHP error: htmlspecialchars(): Passing null to parameter #1 ($string) of type string is deprecated in /var/www/html/laptop-loans/app/Views/people/index.php:23 {"msg":"htmlspecialchars(): Passing null to parameter #1 ($string) of type string is deprecated","file":"/var/www/html/laptop-loans/app/Views/people/index.php","line":23,"severity":8192}
[23-Feb-2026 08:28:33 UTC] PHP Deprecated:  htmlspecialchars(): Passing null to parameter #1 ($string) of type string is deprecated in /var/www/html/laptop-loans/app/Views/people/index.php on line 23
[2026-02-23 08:28:33] ERROR   PHP error: htmlspecialchars(): Passing null to parameter #1 ($string) of type string is deprecated in /var/www/html/laptop-loans/app/Views/people/index.php:24 {"msg":"htmlspecialchars(): Passing null to parameter #1 ($string) of type string is deprecated","file":"/var/www/html/laptop-loans/app/Views/people/index.php","line":24,"severity":8192}
[23-Feb-2026 08:28:33 UTC] PHP Deprecated:  htmlspecialchars(): Passing null to parameter #1 ($string) of type string is deprecated in /var/www/html/laptop-loans/app/Views/people/index.php on line 24
[2026-02-23 08:28:33] ERROR   PHP error: htmlspecialchars(): Passing null to parameter #1 ($string) of type string is deprecated in /var/www/html/laptop-loans/app/Views/people/index.php:25 {"msg":"htmlspecialchars(): Passing null to parameter #1 ($string) of type string is deprecated","file":"/var/www/html/laptop-loans/app/Views/people/index.php","line":25,"severity":8192}
[23-Feb-2026 08:28:33 UTC] PHP Deprecated:  htmlspecialchars(): Passing null to parameter #1 ($string) of type string is deprecated in /var/www/html/laptop-loans/app/Views/people/index.php on line 25
[2026-02-23 08:28:33] ERROR   PHP error: htmlspecialchars(): Passing null to parameter #1 ($string) of type string is deprecated in /var/www/html/laptop-loans/app/Views/people/index.php:26 {"msg":"htmlspecialchars(): Passing null to parameter #1 ($string) of type string is deprecated","file":"/var/www/html/laptop-loans/app/Views/people/index.php","line":26,"severity":8192}
[23-Feb-2026 08:28:33 UTC] PHP Deprecated:  htmlspecialchars(): Passing null to parameter #1 ($string) of type string is deprecated in /var/www/html/laptop-loans/app/Views/people/index.php on line 26
[2026-02-23 08:28:33] ERROR   PHP error: htmlspecialchars(): Passing null to parameter #1 ($string) of type string is deprecated in /var/www/html/laptop-loans/app/Views/people/index.php:23 {"msg":"htmlspecialchars(): Passing null to parameter #1 ($string) of type string is deprecated","file":"/var/www/html/laptop-loans/app/Views/people/index.php","line":23,"severity":8192}
[23-Feb-2026 08:28:33 UTC] PHP Deprecated:  htmlspecialchars(): Passing null to parameter #1 ($string) of type string is deprecated in /var/www/html/laptop-loans/app/Views/people/index.php on line 23
[2026-02-23 08:28:33] ERROR   PHP error: htmlspecialchars(): Passing null to parameter #1 ($string) of type string is deprecated in /var/www/html/laptop-loans/app/Views/people/index.php:24 {"msg":"htmlspecialchars(): Passing null to parameter #1 ($string) of type string is deprecated","file":"/var/www/html/laptop-loans/app/Views/people/index.php","line":24,"severity":8192}
[23-Feb-2026 08:28:33 UTC] PHP Deprecated:  htmlspecialchars(): Passing null to parameter #1 ($string) of type string is deprecated in /var/www/html/laptop-loans/app/Views/people/index.php on line 24
[2026-02-23 08:28:33] ERROR   PHP error: htmlspecialchars(): Passing null to parameter #1 ($string) of type string is deprecated in /var/www/html/laptop-loans/app/Views/people/index.php:25 {"msg":"htmlspecialchars(): Passing null to parameter #1 ($string) of type string is deprecated","file":"/var/www/html/laptop-loans/app/Views/people/index.php","line":25,"severity":8192}
[23-Feb-2026 08:28:33 UTC] PHP Deprecated:  htmlspecialchars(): Passing null to parameter #1 ($string) of type string is deprecated in /var/www/html/laptop-loans/app/Views/people/index.php on line 25
[2026-02-23 08:28:33] ERROR   PHP error: htmlspecialchars(): Passing null to parameter #1 ($string) of type string is deprecated in /var/www/html/laptop-loans/app/Views/people/index.php:26 {"msg":"htmlspecialchars(): Passing null to parameter #1 ($string) of type string is deprecated","file":"/var/www/html/laptop-loans/app/Views/people/index.php","line":26,"severity":8192}
[23-Feb-2026 08:28:33 UTC] PHP Deprecated:  htmlspecialchars(): Passing null to parameter #1 ($string) of type string is deprecated in /var/www/html/laptop-loans/app/Views/people/index.php on line 26
[2026-02-23 08:28:33] ERROR   PHP error: htmlspecialchars(): Passing null to parameter #1 ($string) of type string is deprecated in /var/www/html/laptop-loans/app/Views/people/index.php:23 {"msg":"htmlspecialchars(): Passing null to parameter #1 ($string) of type string is deprecated","file":"/var/www/html/laptop-loans/app/Views/people/index.php","line":23,"severity":8192}
[23-Feb-2026 08:28:33 UTC] PHP Deprecated:  htmlspecialchars(): Passing null to parameter #1 ($string) of type string is deprecated in /var/www/html/laptop-loans/app/Views/people/index.php on line 23
[2026-02-23 08:28:33] ERROR   PHP error: htmlspecialchars(): Passing null to parameter #1 ($string) of type string is deprecated in /var/www/html/laptop-loans/app/Views/people/index.php:24 {"msg":"htmlspecialchars(): Passing null to parameter #1 ($string) of type string is deprecated","file":"/var/www/html/laptop-loans/app/Views/people/index.php","line":24,"severity":8192}
[23-Feb-2026 08:28:33 UTC] PHP Deprecated:  htmlspecialchars(): Passing null to parameter #1 ($string) of type string is deprecated in /var/www/html/laptop-loans/app/Views/people/index.php on line 24
[2026-02-23 08:28:33] ERROR   PHP error: htmlspecialchars(): Passing null to parameter #1 ($string) of type string is deprecated in /var/www/html/laptop-loans/app/Views/people/index.php:25 {"msg":"htmlspecialchars(): Passing null to parameter #1 ($string) of type string is deprecated","file":"/var/www/html/laptop-loans/app/Views/people/index.php","line":25,"severity":8192}
[23-Feb-2026 08:28:33 UTC] PHP Deprecated:  htmlspecialchars(): Passing null to parameter #1 ($string) of type string is deprecated in /var/www/html/laptop-loans/app/Views/people/index.php on line 25
[2026-02-23 08:28:33] ERROR   PHP error: htmlspecialchars(): Passing null to parameter #1 ($string) of type string is deprecated in /var/www/html/laptop-loans/app/Views/people/index.php:26 {"msg":"htmlspecialchars(): Passing null to parameter #1 ($string) of type string is deprecated","file":"/var/www/html/laptop-loans/app/Views/people/index.php","line":26,"severity":8192}
[23-Feb-2026 08:28:33 UTC] PHP Deprecated:  htmlspecialchars(): Passing null to parameter #1 ($string) of type string is deprecated in /var/www/html/laptop-loans/app/Views/people/index.php on line 26
[2026-02-23 08:28:33] ERROR   PHP error: htmlspecialchars(): Passing null to parameter #1 ($string) of type string is deprecated in /var/www/html/laptop-loans/app/Views/people/index.php:23 {"msg":"htmlspecialchars(): Passing null to parameter #1 ($string) of type string is deprecated","file":"/var/www/html/laptop-loans/app/Views/people/index.php","line":23,"severity":8192}
[23-Feb-2026 08:28:33 UTC] PHP Deprecated:  htmlspecialchars(): Passing null to parameter #1 ($string) of type string is deprecated in /var/www/html/laptop-loans/app/Views/people/index.php on line 23
[2026-02-23 08:28:33] ERROR   PHP error: htmlspecialchars(): Passing null to parameter #1 ($string) of type string is deprecated in /var/www/html/laptop-loans/app/Views/people/index.php:24 {"msg":"htmlspecialchars(): Passing null to parameter #1 ($string) of type string is deprecated","file":"/var/www/html/laptop-loans/app/Views/people/index.php","line":24,"severity":8192}
[23-Feb-2026 08:28:33 UTC] PHP Deprecated:  htmlspecialchars(): Passing null to parameter #1 ($string) of type string is deprecated in /var/www/html/laptop-loans/app/Views/people/index.php on line 24
[2026-02-23 08:28:33] ERROR   PHP error: htmlspecialchars(): Passing null to parameter #1 ($string) of type string is deprecated in /var/www/html/laptop-loans/app/Views/people/index.php:25 {"msg":"htmlspecialchars(): Passing null to parameter #1 ($string) of type string is deprecated","file":"/var/www/html/laptop-loans/app/Views/people/index.php","line":25,"severity":8192}
[23-Feb-2026 08:28:33 UTC] PHP Deprecated:  htmlspecialchars(): Passing null to parameter #1 ($string) of type string is deprecated in /var/www/html/laptop-loans/app/Views/people/index.php on line 25
[2026-02-23 08:28:33] ERROR   PHP error: htmlspecialchars(): Passing null to parameter #1 ($string) of type string is deprecated in /var/www/html/laptop-loans/app/Views/people/index.php:26 {"msg":"htmlspecialchars(): Passing null to parameter #1 ($string) of type string is deprecated","file":"/var/www/html/laptop-loans/app/Views/people/index.php","line":26,"severity":8192}
[23-Feb-2026 08:28:33 UTC] PHP Deprecated:  htmlspecialchars(): Passing null to parameter #1 ($string) of type string is deprecated in /var/www/html/laptop-loans/app/Views/people/index.php on line 26
[2026-02-23 08:28:33] ERROR   PHP error: htmlspecialchars(): Passing null to parameter #1 ($string) of type string is deprecated in /var/www/html/laptop-loans/app/Views/people/index.php:23 {"msg":"htmlspecialchars(): Passing null to parameter #1 ($string) of type string is deprecated","file":"/var/www/html/laptop-loans/app/Views/people/index.php","line":23,"severity":8192}
[23-Feb-2026 08:28:33 UTC] PHP Deprecated:  htmlspecialchars(): Passing null to parameter #1 ($string) of type string is deprecated in /var/www/html/laptop-loans/app/Views/people/index.php on line 23
[2026-02-23 08:28:33] ERROR   PHP error: htmlspecialchars(): Passing null to parameter #1 ($string) of type string is deprecated in /var/www/html/laptop-loans/app/Views/people/index.php:24 {"msg":"htmlspecialchars(): Passing null to parameter #1 ($string) of type string is deprecated","file":"/var/www/html/laptop-loans/app/Views/people/index.php","line":24,"severity":8192}
[23-Feb-2026 08:28:33 UTC] PHP Deprecated:  htmlspecialchars(): Passing null to parameter #1 ($string) of type string is deprecated in /var/www/html/laptop-loans/app/Views/people/index.php on line 24
[2026-02-23 08:28:33] ERROR   PHP error: htmlspecialchars(): Passing null to parameter #1 ($string) of type string is deprecated in /var/www/html/laptop-loans/app/Views/people/index.php:25 {"msg":"htmlspecialchars(): Passing null to parameter #1 ($string) of type string is deprecated","file":"/var/www/html/laptop-loans/app/Views/people/index.php","line":25,"severity":8192}
[23-Feb-2026 08:28:33 UTC] PHP Deprecated:  htmlspecialchars(): Passing null to parameter #1 ($string) of type string is deprecated in /var/www/html/laptop-loans/app/Views/people/index.php on line 25
[2026-02-23 08:28:33] ERROR   PHP error: htmlspecialchars(): Passing null to parameter #1 ($string) of type string is deprecated in /var/www/html/laptop-loans/app/Views/people/index.php:26 {"msg":"htmlspecialchars(): Passing null to parameter #1 ($string) of type string is deprecated","file":"/var/www/html/laptop-loans/app/Views/people/index.php","line":26,"severity":8192}
[23-Feb-2026 08:28:33 UTC] PHP Deprecated:  htmlspecialchars(): Passing null to parameter #1 ($string) of type string is deprecated in /var/www/html/laptop-loans/app/Views/people/index.php on line 26
[2026-02-23 08:28:33] ERROR   PHP error: htmlspecialchars(): Passing null to parameter #1 ($string) of type string is deprecated in /var/www/html/laptop-loans/app/Views/people/index.php:23 {"msg":"htmlspecialchars(): Passing null to parameter #1 ($string) of type string is deprecated","file":"/var/www/html/laptop-loans/app/Views/people/index.php","line":23,"severity":8192}
[23-Feb-2026 08:28:33 UTC] PHP Deprecated:  htmlspecialchars(): Passing null to parameter #1 ($string) of type string is deprecated in /var/www/html/laptop-loans/app/Views/people/index.php on line 23
[2026-02-23 08:28:33] ERROR   PHP error: htmlspecialchars(): Passing null to parameter #1 ($string) of type string is deprecated in /var/www/html/laptop-loans/app/Views/people/index.php:24 {"msg":"htmlspecialchars(): Passing null to parameter #1 ($string) of type string is deprecated","file":"/var/www/html/laptop-loans/app/Views/people/index.php","line":24,"severity":8192}
[23-Feb-2026 08:28:33 UTC] PHP Deprecated:  htmlspecialchars(): Passing null to parameter #1 ($string) of type string is deprecated in /var/www/html/laptop-loans/app/Views/people/index.php on line 24
[2026-02-23 08:28:33] ERROR   PHP error: htmlspecialchars(): Passing null to parameter #1 ($string) of type string is deprecated in /var/www/html/laptop-loans/app/Views/people/index.php:25 {"msg":"htmlspecialchars(): Passing null to parameter #1 ($string) of type string is deprecated","file":"/var/www/html/laptop-loans/app/Views/people/index.php","line":25,"severity":8192}
[23-Feb-2026 08:28:33 UTC] PHP Deprecated:  htmlspecialchars(): Passing null to parameter #1 ($string) of type string is deprecated in /var/www/html/laptop-loans/app/Views/people/index.php on line 25
[2026-02-23 08:28:33] ERROR   PHP error: htmlspecialchars(): Passing null to parameter #1 ($string) of type string is deprecated in /var/www/html/laptop-loans/app/Views/people/index.php:26 {"msg":"htmlspecialchars(): Passing null to parameter #1 ($string) of type string is deprecated","file":"/var/www/html/laptop-loans/app/Views/people/index.php","line":26,"severity":8192}
[23-Feb-2026 08:28:33 UTC] PHP Deprecated:  htmlspecialchars(): Passing null to parameter #1 ($string) of type string is deprecated in /var/www/html/laptop-loans/app/Views/people/index.php on line 26
[2026-02-23 08:28:33] ERROR   PHP error: htmlspecialchars(): Passing null to parameter #1 ($string) of type string is deprecated in /var/www/html/laptop-loans/app/Views/people/index.php:23 {"msg":"htmlspecialchars(): Passing null to parameter #1 ($string) of type string is deprecated","file":"/var/www/html/laptop-loans/app/Views/people/index.php","line":23,"severity":8192}
[23-Feb-2026 08:28:33 UTC] PHP Deprecated:  htmlspecialchars(): Passing null to parameter #1 ($string) of type string is deprecated in /var/www/html/laptop-loans/app/Views/people/index.php on line 23
[2026-02-23 08:28:33] ERROR   PHP error: htmlspecialchars(): Passing null to parameter #1 ($string) of type string is deprecated in /var/www/html/laptop-loans/app/Views/people/index.php:24 {"msg":"htmlspecialchars(): Passing null to parameter #1 ($string) of type string is deprecated","file":"/var/www/html/laptop-loans/app/Views/people/index.php","line":24,"severity":8192}
[23-Feb-2026 08:28:33 UTC] PHP Deprecated:  htmlspecialchars(): Passing null to parameter #1 ($string) of type string is deprecated in /var/www/html/laptop-loans/app/Views/people/index.php on line 24
[2026-02-23 08:28:33] ERROR   PHP error: htmlspecialchars(): Passing null to parameter #1 ($string) of type string is deprecated in /var/www/html/laptop-loans/app/Views/people/index.php:25 {"msg":"htmlspecialchars(): Passing null to parameter #1 ($string) of type string is deprecated","file":"/var/www/html/laptop-loans/app/Views/people/index.php","line":25,"severity":8192}
[23-Feb-2026 08:28:33 UTC] PHP Deprecated:  htmlspecialchars(): Passing null to parameter #1 ($string) of type string is deprecated in /var/www/html/laptop-loans/app/Views/people/index.php on line 25
[2026-02-23 08:28:33] ERROR   PHP error: htmlspecialchars(): Passing null to parameter #1 ($string) of type string is deprecated in /var/www/html/laptop-loans/app/Views/people/index.php:26 {"msg":"htmlspecialchars(): Passing null to parameter #1 ($string) of type string is deprecated","file":"/var/www/html/laptop-loans/app/Views/people/index.php","line":26,"severity":8192}
[23-Feb-2026 08:28:33 UTC] PHP Deprecated:  htmlspecialchars(): Passing null to parameter #1 ($string) of type string is deprecated in /var/www/html/laptop-loans/app/Views/people/index.php on line 26
[2026-02-23 08:28:39] INFO    AUDIT visit {"user_id":null,"username":"anon","route":"laptops/index","ip":"10.52.2.5"}
[2026-02-23 08:28:42] INFO    AUDIT visit {"user_id":null,"username":"anon","route":"laptops/index","ip":"10.52.2.5"}
[2026-02-23 08:28:47] INFO    AUDIT visit {"user_id":null,"username":"anon","route":"laptops/index","ip":"10.52.2.5"}
[2026-02-23 08:28:53] INFO    AUDIT visit {"user_id":null,"username":"anon","route":"laptops/index","ip":"10.52.2.5"}
[2026-02-23 08:28:56] INFO    AUDIT visit {"user_id":null,"username":"anon","route":"courses/index","ip":"10.52.2.5"}
[2026-02-23 08:29:01] INFO    AUDIT visit {"user_id":null,"username":"anon","route":"handovers/entrega","ip":"10.52.2.5"}
[2026-02-23 08:29:01] ERROR   PHP error: htmlspecialchars(): Passing null to parameter #1 ($string) of type string is deprecated in /var/www/html/laptop-loans/app/Views/handovers/entrega.php:15 {"msg":"htmlspecialchars(): Passing null to parameter #1 ($string) of type string is deprecated","file":"/var/www/html/laptop-loans/app/Views/handovers/entrega.php","line":15,"severity":8192}
[23-Feb-2026 08:29:01 UTC] PHP Deprecated:  htmlspecialchars(): Passing null to parameter #1 ($string) of type string is deprecated in /var/www/html/laptop-loans/app/Views/handovers/entrega.php on line 15
[2026-02-23 08:29:01] ERROR   PHP error: htmlspecialchars(): Passing null to parameter #1 ($string) of type string is deprecated in /var/www/html/laptop-loans/app/Views/handovers/entrega.php:15 {"msg":"htmlspecialchars(): Passing null to parameter #1 ($string) of type string is deprecated","file":"/var/www/html/laptop-loans/app/Views/handovers/entrega.php","line":15,"severity":8192}
[23-Feb-2026 08:29:01 UTC] PHP Deprecated:  htmlspecialchars(): Passing null to parameter #1 ($string) of type string is deprecated in /var/www/html/laptop-loans/app/Views/handovers/entrega.php on line 15
[2026-02-23 08:29:01] ERROR   PHP error: htmlspecialchars(): Passing null to parameter #1 ($string) of type string is deprecated in /var/www/html/laptop-loans/app/Views/handovers/entrega.php:15 {"msg":"htmlspecialchars(): Passing null to parameter #1 ($string) of type string is deprecated","file":"/var/www/html/laptop-loans/app/Views/handovers/entrega.php","line":15,"severity":8192}
[23-Feb-2026 08:29:01 UTC] PHP Deprecated:  htmlspecialchars(): Passing null to parameter #1 ($string) of type string is deprecated in /var/www/html/laptop-loans/app/Views/handovers/entrega.php on line 15
[2026-02-23 08:29:01] ERROR   PHP error: htmlspecialchars(): Passing null to parameter #1 ($string) of type string is deprecated in /var/www/html/laptop-loans/app/Views/handovers/entrega.php:15 {"msg":"htmlspecialchars(): Passing null to parameter #1 ($string) of type string is deprecated","file":"/var/www/html/laptop-loans/app/Views/handovers/entrega.php","line":15,"severity":8192}
[23-Feb-2026 08:29:01 UTC] PHP Deprecated:  htmlspecialchars(): Passing null to parameter #1 ($string) of type string is deprecated in /var/www/html/laptop-loans/app/Views/handovers/entrega.php on line 15
[2026-02-23 08:29:01] ERROR   PHP error: htmlspecialchars(): Passing null to parameter #1 ($string) of type string is deprecated in /var/www/html/laptop-loans/app/Views/handovers/entrega.php:15 {"msg":"htmlspecialchars(): Passing null to parameter #1 ($string) of type string is deprecated","file":"/var/www/html/laptop-loans/app/Views/handovers/entrega.php","line":15,"severity":8192}
[23-Feb-2026 08:29:01 UTC] PHP Deprecated:  htmlspecialchars(): Passing null to parameter #1 ($string) of type string is deprecated in /var/www/html/laptop-loans/app/Views/handovers/entrega.php on line 15
[2026-02-23 08:29:01] ERROR   PHP error: htmlspecialchars(): Passing null to parameter #1 ($string) of type string is deprecated in /var/www/html/laptop-loans/app/Views/handovers/entrega.php:15 {"msg":"htmlspecialchars(): Passing null to parameter #1 ($string) of type string is deprecated","file":"/var/www/html/laptop-loans/app/Views/handovers/entrega.php","line":15,"severity":8192}
[23-Feb-2026 08:29:01 UTC] PHP Deprecated:  htmlspecialchars(): Passing null to parameter #1 ($string) of type string is deprecated in /var/www/html/laptop-loans/app/Views/handovers/entrega.php on line 15
[2026-02-23 08:29:01] ERROR   PHP error: htmlspecialchars(): Passing null to parameter #1 ($string) of type string is deprecated in /var/www/html/laptop-loans/app/Views/handovers/entrega.php:15 {"msg":"htmlspecialchars(): Passing null to parameter #1 ($string) of type string is deprecated","file":"/var/www/html/laptop-loans/app/Views/handovers/entrega.php","line":15,"severity":8192}
[23-Feb-2026 08:29:01 UTC] PHP Deprecated:  htmlspecialchars(): Passing null to parameter #1 ($string) of type string is deprecated in /var/www/html/laptop-loans/app/Views/handovers/entrega.php on line 15
[2026-02-23 08:29:01] ERROR   PHP error: htmlspecialchars(): Passing null to parameter #1 ($string) of type string is deprecated in /var/www/html/laptop-loans/app/Views/handovers/entrega.php:15 {"msg":"htmlspecialchars(): Passing null to parameter #1 ($string) of type string is deprecated","file":"/var/www/html/laptop-loans/app/Views/handovers/entrega.php","line":15,"severity":8192}
[23-Feb-2026 08:29:01 UTC] PHP Deprecated:  htmlspecialchars(): Passing null to parameter #1 ($string) of type string is deprecated in /var/www/html/laptop-loans/app/Views/handovers/entrega.php on line 15
[2026-02-23 08:29:01] ERROR   PHP error: htmlspecialchars(): Passing null to parameter #1 ($string) of type string is deprecated in /var/www/html/laptop-loans/app/Views/handovers/entrega.php:15 {"msg":"htmlspecialchars(): Passing null to parameter #1 ($string) of type string is deprecated","file":"/var/www/html/laptop-loans/app/Views/handovers/entrega.php","line":15,"severity":8192}
[23-Feb-2026 08:29:01 UTC] PHP Deprecated:  htmlspecialchars(): Passing null to parameter #1 ($string) of type string is deprecated in /var/www/html/laptop-loans/app/Views/handovers/entrega.php on line 15
[2026-02-23 08:29:01] ERROR   PHP error: htmlspecialchars(): Passing null to parameter #1 ($string) of type string is deprecated in /var/www/html/laptop-loans/app/Views/handovers/entrega.php:15 {"msg":"htmlspecialchars(): Passing null to parameter #1 ($string) of type string is deprecated","file":"/var/www/html/laptop-loans/app/Views/handovers/entrega.php","line":15,"severity":8192}
[23-Feb-2026 08:29:01 UTC] PHP Deprecated:  htmlspecialchars(): Passing null to parameter #1 ($string) of type string is deprecated in /var/www/html/laptop-loans/app/Views/handovers/entrega.php on line 15
[2026-02-23 08:29:01] ERROR   PHP error: htmlspecialchars(): Passing null to parameter #1 ($string) of type string is deprecated in /var/www/html/laptop-loans/app/Views/handovers/entrega.php:15 {"msg":"htmlspecialchars(): Passing null to parameter #1 ($string) of type string is deprecated","file":"/var/www/html/laptop-loans/app/Views/handovers/entrega.php","line":15,"severity":8192}
[23-Feb-2026 08:29:01 UTC] PHP Deprecated:  htmlspecialchars(): Passing null to parameter #1 ($string) of type string is deprecated in /var/www/html/laptop-loans/app/Views/handovers/entrega.php on line 15
[2026-02-23 08:29:01] ERROR   PHP error: htmlspecialchars(): Passing null to parameter #1 ($string) of type string is deprecated in /var/www/html/laptop-loans/app/Views/handovers/entrega.php:15 {"msg":"htmlspecialchars(): Passing null to parameter #1 ($string) of type string is deprecated","file":"/var/www/html/laptop-loans/app/Views/handovers/entrega.php","line":15,"severity":8192}
[23-Feb-2026 08:29:01 UTC] PHP Deprecated:  htmlspecialchars(): Passing null to parameter #1 ($string) of type string is deprecated in /var/www/html/laptop-loans/app/Views/handovers/entrega.php on line 15
[2026-02-23 08:29:01] ERROR   PHP error: htmlspecialchars(): Passing null to parameter #1 ($string) of type string is deprecated in /var/www/html/laptop-loans/app/Views/handovers/entrega.php:15 {"msg":"htmlspecialchars(): Passing null to parameter #1 ($string) of type string is deprecated","file":"/var/www/html/laptop-loans/app/Views/handovers/entrega.php","line":15,"severity":8192}
[23-Feb-2026 08:29:01 UTC] PHP Deprecated:  htmlspecialchars(): Passing null to parameter #1 ($string) of type string is deprecated in /var/www/html/laptop-loans/app/Views/handovers/entrega.php on line 15
[2026-02-23 08:29:01] ERROR   PHP error: htmlspecialchars(): Passing null to parameter #1 ($string) of type string is deprecated in /var/www/html/laptop-loans/app/Views/handovers/entrega.php:15 {"msg":"htmlspecialchars(): Passing null to parameter #1 ($string) of type string is deprecated","file":"/var/www/html/laptop-loans/app/Views/handovers/entrega.php","line":15,"severity":8192}
[23-Feb-2026 08:29:01 UTC] PHP Deprecated:  htmlspecialchars(): Passing null to parameter #1 ($string) of type string is deprecated in /var/www/html/laptop-loans/app/Views/handovers/entrega.php on line 15
[2026-02-23 08:29:01] ERROR   PHP error: htmlspecialchars(): Passing null to parameter #1 ($string) of type string is deprecated in /var/www/html/laptop-loans/app/Views/handovers/entrega.php:15 {"msg":"htmlspecialchars(): Passing null to parameter #1 ($string) of type string is deprecated","file":"/var/www/html/laptop-loans/app/Views/handovers/entrega.php","line":15,"severity":8192}
[23-Feb-2026 08:29:01 UTC] PHP Deprecated:  htmlspecialchars(): Passing null to parameter #1 ($string) of type string is deprecated in /var/www/html/laptop-loans/app/Views/handovers/entrega.php on line 15
[2026-02-23 08:29:01] ERROR   PHP error: htmlspecialchars(): Passing null to parameter #1 ($string) of type string is deprecated in /var/www/html/laptop-loans/app/Views/handovers/entrega.php:15 {"msg":"htmlspecialchars(): Passing null to parameter #1 ($string) of type string is deprecated","file":"/var/www/html/laptop-loans/app/Views/handovers/entrega.php","line":15,"severity":8192}
[23-Feb-2026 08:29:01 UTC] PHP Deprecated:  htmlspecialchars(): Passing null to parameter #1 ($string) of type string is deprecated in /var/www/html/laptop-loans/app/Views/handovers/entrega.php on line 15
[2026-02-23 08:29:01] ERROR   PHP error: htmlspecialchars(): Passing null to parameter #1 ($string) of type string is deprecated in /var/www/html/laptop-loans/app/Views/handovers/entrega.php:15 {"msg":"htmlspecialchars(): Passing null to parameter #1 ($string) of type string is deprecated","file":"/var/www/html/laptop-loans/app/Views/handovers/entrega.php","line":15,"severity":8192}
[23-Feb-2026 08:29:01 UTC] PHP Deprecated:  htmlspecialchars(): Passing null to parameter #1 ($string) of type string is deprecated in /var/www/html/laptop-loans/app/Views/handovers/entrega.php on line 15
[2026-02-23 08:29:01] ERROR   PHP error: htmlspecialchars(): Passing null to parameter #1 ($string) of type string is deprecated in /var/www/html/laptop-loans/app/Views/handovers/entrega.php:15 {"msg":"htmlspecialchars(): Passing null to parameter #1 ($string) of type string is deprecated","file":"/var/www/html/laptop-loans/app/Views/handovers/entrega.php","line":15,"severity":8192}
[23-Feb-2026 08:29:01 UTC] PHP Deprecated:  htmlspecialchars(): Passing null to parameter #1 ($string) of type string is deprecated in /var/www/html/laptop-loans/app/Views/handovers/entrega.php on line 15
[2026-02-23 08:29:01] ERROR   PHP error: htmlspecialchars(): Passing null to parameter #1 ($string) of type string is deprecated in /var/www/html/laptop-loans/app/Views/handovers/entrega.php:15 {"msg":"htmlspecialchars(): Passing null to parameter #1 ($string) of type string is deprecated","file":"/var/www/html/laptop-loans/app/Views/handovers/entrega.php","line":15,"severity":8192}
[23-Feb-2026 08:29:01 UTC] PHP Deprecated:  htmlspecialchars(): Passing null to parameter #1 ($string) of type string is deprecated in /var/www/html/laptop-loans/app/Views/handovers/entrega.php on line 15
[2026-02-23 08:29:01] ERROR   PHP error: htmlspecialchars(): Passing null to parameter #1 ($string) of type string is deprecated in /var/www/html/laptop-loans/app/Views/handovers/entrega.php:15 {"msg":"htmlspecialchars(): Passing null to parameter #1 ($string) of type string is deprecated","file":"/var/www/html/laptop-loans/app/Views/handovers/entrega.php","line":15,"severity":8192}
[23-Feb-2026 08:29:01 UTC] PHP Deprecated:  htmlspecialchars(): Passing null to parameter #1 ($string) of type string is deprecated in /var/www/html/laptop-loans/app/Views/handovers/entrega.php on line 15
[2026-02-23 08:29:01] ERROR   PHP error: htmlspecialchars(): Passing null to parameter #1 ($string) of type string is deprecated in /var/www/html/laptop-loans/app/Views/handovers/entrega.php:15 {"msg":"htmlspecialchars(): Passing null to parameter #1 ($string) of type string is deprecated","file":"/var/www/html/laptop-loans/app/Views/handovers/entrega.php","line":15,"severity":8192}
[23-Feb-2026 08:29:01 UTC] PHP Deprecated:  htmlspecialchars(): Passing null to parameter #1 ($string) of type string is deprecated in /var/www/html/laptop-loans/app/Views/handovers/entrega.php on line 15
[2026-02-23 08:29:01] ERROR   PHP error: htmlspecialchars(): Passing null to parameter #1 ($string) of type string is deprecated in /var/www/html/laptop-loans/app/Views/handovers/entrega.php:15 {"msg":"htmlspecialchars(): Passing null to parameter #1 ($string) of type string is deprecated","file":"/var/www/html/laptop-loans/app/Views/handovers/entrega.php","line":15,"severity":8192}
[23-Feb-2026 08:29:01 UTC] PHP Deprecated:  htmlspecialchars(): Passing null to parameter #1 ($string) of type string is deprecated in /var/www/html/laptop-loans/app/Views/handovers/entrega.php on line 15
[2026-02-23 08:29:01] ERROR   PHP error: htmlspecialchars(): Passing null to parameter #1 ($string) of type string is deprecated in /var/www/html/laptop-loans/app/Views/handovers/entrega.php:15 {"msg":"htmlspecialchars(): Passing null to parameter #1 ($string) of type string is deprecated","file":"/var/www/html/laptop-loans/app/Views/handovers/entrega.php","line":15,"severity":8192}
[23-Feb-2026 08:29:01 UTC] PHP Deprecated:  htmlspecialchars(): Passing null to parameter #1 ($string) of type string is deprecated in /var/www/html/laptop-loans/app/Views/handovers/entrega.php on line 15
[2026-02-23 08:29:01] ERROR   PHP error: htmlspecialchars(): Passing null to parameter #1 ($string) of type string is deprecated in /var/www/html/laptop-loans/app/Views/handovers/entrega.php:15 {"msg":"htmlspecialchars(): Passing null to parameter #1 ($string) of type string is deprecated","file":"/var/www/html/laptop-loans/app/Views/handovers/entrega.php","line":15,"severity":8192}
[23-Feb-2026 08:29:01 UTC] PHP Deprecated:  htmlspecialchars(): Passing null to parameter #1 ($string) of type string is deprecated in /var/www/html/laptop-loans/app/Views/handovers/entrega.php on line 15
[2026-02-23 08:29:01] ERROR   PHP error: htmlspecialchars(): Passing null to parameter #1 ($string) of type string is deprecated in /var/www/html/laptop-loans/app/Views/handovers/entrega.php:15 {"msg":"htmlspecialchars(): Passing null to parameter #1 ($string) of type string is deprecated","file":"/var/www/html/laptop-loans/app/Views/handovers/entrega.php","line":15,"severity":8192}
[23-Feb-2026 08:29:01 UTC] PHP Deprecated:  htmlspecialchars(): Passing null to parameter #1 ($string) of type string is deprecated in /var/www/html/laptop-loans/app/Views/handovers/entrega.php on line 15
[2026-02-23 08:29:01] ERROR   PHP error: htmlspecialchars(): Passing null to parameter #1 ($string) of type string is deprecated in /var/www/html/laptop-loans/app/Views/handovers/entrega.php:15 {"msg":"htmlspecialchars(): Passing null to parameter #1 ($string) of type string is deprecated","file":"/var/www/html/laptop-loans/app/Views/handovers/entrega.php","line":15,"severity":8192}
[23-Feb-2026 08:29:01 UTC] PHP Deprecated:  htmlspecialchars(): Passing null to parameter #1 ($string) of type string is deprecated in /var/www/html/laptop-loans/app/Views/handovers/entrega.php on line 15
[2026-02-23 08:29:01] ERROR   PHP error: htmlspecialchars(): Passing null to parameter #1 ($string) of type string is deprecated in /var/www/html/laptop-loans/app/Views/handovers/entrega.php:15 {"msg":"htmlspecialchars(): Passing null to parameter #1 ($string) of type string is deprecated","file":"/var/www/html/laptop-loans/app/Views/handovers/entrega.php","line":15,"severity":8192}
[23-Feb-2026 08:29:01 UTC] PHP Deprecated:  htmlspecialchars(): Passing null to parameter #1 ($string) of type string is deprecated in /var/www/html/laptop-loans/app/Views/handovers/entrega.php on line 15
[2026-02-23 08:29:01] ERROR   PHP error: htmlspecialchars(): Passing null to parameter #1 ($string) of type string is deprecated in /var/www/html/laptop-loans/app/Views/handovers/entrega.php:15 {"msg":"htmlspecialchars(): Passing null to parameter #1 ($string) of type string is deprecated","file":"/var/www/html/laptop-loans/app/Views/handovers/entrega.php","line":15,"severity":8192}
[23-Feb-2026 08:29:01 UTC] PHP Deprecated:  htmlspecialchars(): Passing null to parameter #1 ($string) of type string is deprecated in /var/www/html/laptop-loans/app/Views/handovers/entrega.php on line 15
[2026-02-23 08:29:01] ERROR   PHP error: htmlspecialchars(): Passing null to parameter #1 ($string) of type string is deprecated in /var/www/html/laptop-loans/app/Views/handovers/entrega.php:15 {"msg":"htmlspecialchars(): Passing null to parameter #1 ($string) of type string is deprecated","file":"/var/www/html/laptop-loans/app/Views/handovers/entrega.php","line":15,"severity":8192}
[23-Feb-2026 08:29:01 UTC] PHP Deprecated:  htmlspecialchars(): Passing null to parameter #1 ($string) of type string is deprecated in /var/www/html/laptop-loans/app/Views/handovers/entrega.php on line 15
[2026-02-23 08:29:01] ERROR   PHP error: htmlspecialchars(): Passing null to parameter #1 ($string) of type string is deprecated in /var/www/html/laptop-loans/app/Views/handovers/entrega.php:15 {"msg":"htmlspecialchars(): Passing null to parameter #1 ($string) of type string is deprecated","file":"/var/www/html/laptop-loans/app/Views/handovers/entrega.php","line":15,"severity":8192}
[23-Feb-2026 08:29:01 UTC] PHP Deprecated:  htmlspecialchars(): Passing null to parameter #1 ($string) of type string is deprecated in /var/www/html/laptop-loans/app/Views/handovers/entrega.php on line 15
[2026-02-23 08:29:01] ERROR   PHP error: htmlspecialchars(): Passing null to parameter #1 ($string) of type string is deprecated in /var/www/html/laptop-loans/app/Views/handovers/entrega.php:15 {"msg":"htmlspecialchars(): Passing null to parameter #1 ($string) of type string is deprecated","file":"/var/www/html/laptop-loans/app/Views/handovers/entrega.php","line":15,"severity":8192}
[23-Feb-2026 08:29:01 UTC] PHP Deprecated:  htmlspecialchars(): Passing null to parameter #1 ($string) of type string is deprecated in /var/www/html/laptop-loans/app/Views/handovers/entrega.php on line 15
[2026-02-23 08:29:01] ERROR   PHP error: htmlspecialchars(): Passing null to parameter #1 ($string) of type string is deprecated in /var/www/html/laptop-loans/app/Views/handovers/entrega.php:15 {"msg":"htmlspecialchars(): Passing null to parameter #1 ($string) of type string is deprecated","file":"/var/www/html/laptop-loans/app/Views/handovers/entrega.php","line":15,"severity":8192}
[23-Feb-2026 08:29:01 UTC] PHP Deprecated:  htmlspecialchars(): Passing null to parameter #1 ($string) of type string is deprecated in /var/www/html/laptop-loans/app/Views/handovers/entrega.php on line 15
[2026-02-23 08:29:01] ERROR   PHP error: htmlspecialchars(): Passing null to parameter #1 ($string) of type string is deprecated in /var/www/html/laptop-loans/app/Views/handovers/entrega.php:15 {"msg":"htmlspecialchars(): Passing null to parameter #1 ($string) of type string is deprecated","file":"/var/www/html/laptop-loans/app/Views/handovers/entrega.php","line":15,"severity":8192}
[23-Feb-2026 08:29:01 UTC] PHP Deprecated:  htmlspecialchars(): Passing null to parameter #1 ($string) of type string is deprecated in /var/www/html/laptop-loans/app/Views/handovers/entrega.php on line 15
[2026-02-23 08:29:01] ERROR   PHP error: htmlspecialchars(): Passing null to parameter #1 ($string) of type string is deprecated in /var/www/html/laptop-loans/app/Views/handovers/entrega.php:15 {"msg":"htmlspecialchars(): Passing null to parameter #1 ($string) of type string is deprecated","file":"/var/www/html/laptop-loans/app/Views/handovers/entrega.php","line":15,"severity":8192}
[23-Feb-2026 08:29:01 UTC] PHP Deprecated:  htmlspecialchars(): Passing null to parameter #1 ($string) of type string is deprecated in /var/www/html/laptop-loans/app/Views/handovers/entrega.php on line 15
[2026-02-23 08:29:01] ERROR   PHP error: htmlspecialchars(): Passing null to parameter #1 ($string) of type string is deprecated in /var/www/html/laptop-loans/app/Views/handovers/entrega.php:15 {"msg":"htmlspecialchars(): Passing null to parameter #1 ($string) of type string is deprecated","file":"/var/www/html/laptop-loans/app/Views/handovers/entrega.php","line":15,"severity":8192}
[23-Feb-2026 08:29:01 UTC] PHP Deprecated:  htmlspecialchars(): Passing null to parameter #1 ($string) of type string is deprecated in /var/www/html/laptop-loans/app/Views/handovers/entrega.php on line 15
[2026-02-23 08:29:01] ERROR   PHP error: htmlspecialchars(): Passing null to parameter #1 ($string) of type string is deprecated in /var/www/html/laptop-loans/app/Views/handovers/entrega.php:15 {"msg":"htmlspecialchars(): Passing null to parameter #1 ($string) of type string is deprecated","file":"/var/www/html/laptop-loans/app/Views/handovers/entrega.php","line":15,"severity":8192}
[23-Feb-2026 08:29:01 UTC] PHP Deprecated:  htmlspecialchars(): Passing null to parameter #1 ($string) of type string is deprecated in /var/www/html/laptop-loans/app/Views/handovers/entrega.php on line 15
[2026-02-23 08:29:01] ERROR   PHP error: htmlspecialchars(): Passing null to parameter #1 ($string) of type string is deprecated in /var/www/html/laptop-loans/app/Views/handovers/entrega.php:15 {"msg":"htmlspecialchars(): Passing null to parameter #1 ($string) of type string is deprecated","file":"/var/www/html/laptop-loans/app/Views/handovers/entrega.php","line":15,"severity":8192}
[23-Feb-2026 08:29:01 UTC] PHP Deprecated:  htmlspecialchars(): Passing null to parameter #1 ($string) of type string is deprecated in /var/www/html/laptop-loans/app/Views/handovers/entrega.php on line 15
[2026-02-23 08:29:01] ERROR   PHP error: htmlspecialchars(): Passing null to parameter #1 ($string) of type string is deprecated in /var/www/html/laptop-loans/app/Views/handovers/entrega.php:15 {"msg":"htmlspecialchars(): Passing null to parameter #1 ($string) of type string is deprecated","file":"/var/www/html/laptop-loans/app/Views/handovers/entrega.php","line":15,"severity":8192}
[23-Feb-2026 08:29:01 UTC] PHP Deprecated:  htmlspecialchars(): Passing null to parameter #1 ($string) of type string is deprecated in /var/www/html/laptop-loans/app/Views/handovers/entrega.php on line 15
[2026-02-23 08:29:01] ERROR   PHP error: htmlspecialchars(): Passing null to parameter #1 ($string) of type string is deprecated in /var/www/html/laptop-loans/app/Views/handovers/entrega.php:15 {"msg":"htmlspecialchars(): Passing null to parameter #1 ($string) of type string is deprecated","file":"/var/www/html/laptop-loans/app/Views/handovers/entrega.php","line":15,"severity":8192}
[23-Feb-2026 08:29:01 UTC] PHP Deprecated:  htmlspecialchars(): Passing null to parameter #1 ($string) of type string is deprecated in /var/www/html/laptop-loans/app/Views/handovers/entrega.php on line 15
[2026-02-23 08:29:01] ERROR   PHP error: htmlspecialchars(): Passing null to parameter #1 ($string) of type string is deprecated in /var/www/html/laptop-loans/app/Views/handovers/entrega.php:15 {"msg":"htmlspecialchars(): Passing null to parameter #1 ($string) of type string is deprecated","file":"/var/www/html/laptop-loans/app/Views/handovers/entrega.php","line":15,"severity":8192}
[23-Feb-2026 08:29:01 UTC] PHP Deprecated:  htmlspecialchars(): Passing null to parameter #1 ($string) of type string is deprecated in /var/www/html/laptop-loans/app/Views/handovers/entrega.php on line 15
[2026-02-23 08:29:01] ERROR   PHP error: htmlspecialchars(): Passing null to parameter #1 ($string) of type string is deprecated in /var/www/html/laptop-loans/app/Views/handovers/entrega.php:15 {"msg":"htmlspecialchars(): Passing null to parameter #1 ($string) of type string is deprecated","file":"/var/www/html/laptop-loans/app/Views/handovers/entrega.php","line":15,"severity":8192}
[23-Feb-2026 08:29:01 UTC] PHP Deprecated:  htmlspecialchars(): Passing null to parameter #1 ($string) of type string is deprecated in /var/www/html/laptop-loans/app/Views/handovers/entrega.php on line 15
[2026-02-23 08:29:01] ERROR   PHP error: htmlspecialchars(): Passing null to parameter #1 ($string) of type string is deprecated in /var/www/html/laptop-loans/app/Views/handovers/entrega.php:15 {"msg":"htmlspecialchars(): Passing null to parameter #1 ($string) of type string is deprecated","file":"/var/www/html/laptop-loans/app/Views/handovers/entrega.php","line":15,"severity":8192}
[23-Feb-2026 08:29:01 UTC] PHP Deprecated:  htmlspecialchars(): Passing null to parameter #1 ($string) of type string is deprecated in /var/www/html/laptop-loans/app/Views/handovers/entrega.php on line 15
[2026-02-23 08:29:01] ERROR   PHP error: htmlspecialchars(): Passing null to parameter #1 ($string) of type string is deprecated in /var/www/html/laptop-loans/app/Views/handovers/entrega.php:15 {"msg":"htmlspecialchars(): Passing null to parameter #1 ($string) of type string is deprecated","file":"/var/www/html/laptop-loans/app/Views/handovers/entrega.php","line":15,"severity":8192}
[23-Feb-2026 08:29:01 UTC] PHP Deprecated:  htmlspecialchars(): Passing null to parameter #1 ($string) of type string is deprecated in /var/www/html/laptop-loans/app/Views/handovers/entrega.php on line 15
[2026-02-23 08:29:01] ERROR   PHP error: htmlspecialchars(): Passing null to parameter #1 ($string) of type string is deprecated in /var/www/html/laptop-loans/app/Views/handovers/entrega.php:15 {"msg":"htmlspecialchars(): Passing null to parameter #1 ($string) of type string is deprecated","file":"/var/www/html/laptop-loans/app/Views/handovers/entrega.php","line":15,"severity":8192}
[23-Feb-2026 08:29:01 UTC] PHP Deprecated:  htmlspecialchars(): Passing null to parameter #1 ($string) of type string is deprecated in /var/www/html/laptop-loans/app/Views/handovers/entrega.php on line 15
[2026-02-23 08:29:01] ERROR   PHP error: htmlspecialchars(): Passing null to parameter #1 ($string) of type string is deprecated in /var/www/html/laptop-loans/app/Views/handovers/entrega.php:15 {"msg":"htmlspecialchars(): Passing null to parameter #1 ($string) of type string is deprecated","file":"/var/www/html/laptop-loans/app/Views/handovers/entrega.php","line":15,"severity":8192}
[23-Feb-2026 08:29:01 UTC] PHP Deprecated:  htmlspecialchars(): Passing null to parameter #1 ($string) of type string is deprecated in /var/www/html/laptop-loans/app/Views/handovers/entrega.php on line 15
[2026-02-23 08:29:01] ERROR   PHP error: htmlspecialchars(): Passing null to parameter #1 ($string) of type string is deprecated in /var/www/html/laptop-loans/app/Views/handovers/entrega.php:15 {"msg":"htmlspecialchars(): Passing null to parameter #1 ($string) of type string is deprecated","file":"/var/www/html/laptop-loans/app/Views/handovers/entrega.php","line":15,"severity":8192}
[23-Feb-2026 08:29:01 UTC] PHP Deprecated:  htmlspecialchars(): Passing null to parameter #1 ($string) of type string is deprecated in /var/www/html/laptop-loans/app/Views/handovers/entrega.php on line 15
[2026-02-23 08:29:01] ERROR   PHP error: htmlspecialchars(): Passing null to parameter #1 ($string) of type string is deprecated in /var/www/html/laptop-loans/app/Views/handovers/entrega.php:15 {"msg":"htmlspecialchars(): Passing null to parameter #1 ($string) of type string is deprecated","file":"/var/www/html/laptop-loans/app/Views/handovers/entrega.php","line":15,"severity":8192}
[23-Feb-2026 08:29:01 UTC] PHP Deprecated:  htmlspecialchars(): Passing null to parameter #1 ($string) of type string is deprecated in /var/www/html/laptop-loans/app/Views/handovers/entrega.php on line 15
[2026-02-23 08:29:01] ERROR   PHP error: htmlspecialchars(): Passing null to parameter #1 ($string) of type string is deprecated in /var/www/html/laptop-loans/app/Views/handovers/entrega.php:15 {"msg":"htmlspecialchars(): Passing null to parameter #1 ($string) of type string is deprecated","file":"/var/www/html/laptop-loans/app/Views/handovers/entrega.php","line":15,"severity":8192}
[23-Feb-2026 08:29:01 UTC] PHP Deprecated:  htmlspecialchars(): Passing null to parameter #1 ($string) of type string is deprecated in /var/www/html/laptop-loans/app/Views/handovers/entrega.php on line 15
[2026-02-23 08:29:01] ERROR   PHP error: htmlspecialchars(): Passing null to parameter #1 ($string) of type string is deprecated in /var/www/html/laptop-loans/app/Views/handovers/entrega.php:15 {"msg":"htmlspecialchars(): Passing null to parameter #1 ($string) of type string is deprecated","file":"/var/www/html/laptop-loans/app/Views/handovers/entrega.php","line":15,"severity":8192}
[23-Feb-2026 08:29:01 UTC] PHP Deprecated:  htmlspecialchars(): Passing null to parameter #1 ($string) of type string is deprecated in /var/www/html/laptop-loans/app/Views/handovers/entrega.php on line 15
[2026-02-23 08:29:01] ERROR   PHP error: htmlspecialchars(): Passing null to parameter #1 ($string) of type string is deprecated in /var/www/html/laptop-loans/app/Views/handovers/entrega.php:15 {"msg":"htmlspecialchars(): Passing null to parameter #1 ($string) of type string is deprecated","file":"/var/www/html/laptop-loans/app/Views/handovers/entrega.php","line":15,"severity":8192}
[23-Feb-2026 08:29:01 UTC] PHP Deprecated:  htmlspecialchars(): Passing null to parameter #1 ($string) of type string is deprecated in /var/www/html/laptop-loans/app/Views/handovers/entrega.php on line 15
[2026-02-23 08:29:01] ERROR   PHP error: htmlspecialchars(): Passing null to parameter #1 ($string) of type string is deprecated in /var/www/html/laptop-loans/app/Views/handovers/entrega.php:15 {"msg":"htmlspecialchars(): Passing null to parameter #1 ($string) of type string is deprecated","file":"/var/www/html/laptop-loans/app/Views/handovers/entrega.php","line":15,"severity":8192}
[23-Feb-2026 08:29:01 UTC] PHP Deprecated:  htmlspecialchars(): Passing null to parameter #1 ($string) of type string is deprecated in /var/www/html/laptop-loans/app/Views/handovers/entrega.php on line 15
[2026-02-23 08:29:01] ERROR   PHP error: htmlspecialchars(): Passing null to parameter #1 ($string) of type string is deprecated in /var/www/html/laptop-loans/app/Views/handovers/entrega.php:15 {"msg":"htmlspecialchars(): Passing null to parameter #1 ($string) of type string is deprecated","file":"/var/www/html/laptop-loans/app/Views/handovers/entrega.php","line":15,"severity":8192}
[23-Feb-2026 08:29:01 UTC] PHP Deprecated:  htmlspecialchars(): Passing null to parameter #1 ($string) of type string is deprecated in /var/www/html/laptop-loans/app/Views/handovers/entrega.php on line 15
[2026-02-23 08:29:01] ERROR   PHP error: htmlspecialchars(): Passing null to parameter #1 ($string) of type string is deprecated in /var/www/html/laptop-loans/app/Views/handovers/entrega.php:15 {"msg":"htmlspecialchars(): Passing null to parameter #1 ($string) of type string is deprecated","file":"/var/www/html/laptop-loans/app/Views/handovers/entrega.php","line":15,"severity":8192}
[23-Feb-2026 08:29:01 UTC] PHP Deprecated:  htmlspecialchars(): Passing null to parameter #1 ($string) of type string is deprecated in /var/www/html/laptop-loans/app/Views/handovers/entrega.php on line 15
[2026-02-23 08:29:01] ERROR   PHP error: htmlspecialchars(): Passing null to parameter #1 ($string) of type string is deprecated in /var/www/html/laptop-loans/app/Views/handovers/entrega.php:15 {"msg":"htmlspecialchars(): Passing null to parameter #1 ($string) of type string is deprecated","file":"/var/www/html/laptop-loans/app/Views/handovers/entrega.php","line":15,"severity":8192}
[23-Feb-2026 08:29:01 UTC] PHP Deprecated:  htmlspecialchars(): Passing null to parameter #1 ($string) of type string is deprecated in /var/www/html/laptop-loans/app/Views/handovers/entrega.php on line 15
[2026-02-23 08:29:01] ERROR   PHP error: htmlspecialchars(): Passing null to parameter #1 ($string) of type string is deprecated in /var/www/html/laptop-loans/app/Views/handovers/entrega.php:15 {"msg":"htmlspecialchars(): Passing null to parameter #1 ($string) of type string is deprecated","file":"/var/www/html/laptop-loans/app/Views/handovers/entrega.php","line":15,"severity":8192}
[23-Feb-2026 08:29:01 UTC] PHP Deprecated:  htmlspecialchars(): Passing null to parameter #1 ($string) of type string is deprecated in /var/www/html/laptop-loans/app/Views/handovers/entrega.php on line 15
[2026-02-23 08:29:01] ERROR   PHP error: htmlspecialchars(): Passing null to parameter #1 ($string) of type string is deprecated in /var/www/html/laptop-loans/app/Views/handovers/entrega.php:15 {"msg":"htmlspecialchars(): Passing null to parameter #1 ($string) of type string is deprecated","file":"/var/www/html/laptop-loans/app/Views/handovers/entrega.php","line":15,"severity":8192}
[23-Feb-2026 08:29:01 UTC] PHP Deprecated:  htmlspecialchars(): Passing null to parameter #1 ($string) of type string is deprecated in /var/www/html/laptop-loans/app/Views/handovers/entrega.php on line 15
[2026-02-23 08:29:01] ERROR   PHP error: htmlspecialchars(): Passing null to parameter #1 ($string) of type string is deprecated in /var/www/html/laptop-loans/app/Views/handovers/entrega.php:15 {"msg":"htmlspecialchars(): Passing null to parameter #1 ($string) of type string is deprecated","file":"/var/www/html/laptop-loans/app/Views/handovers/entrega.php","line":15,"severity":8192}
[23-Feb-2026 08:29:01 UTC] PHP Deprecated:  htmlspecialchars(): Passing null to parameter #1 ($string) of type string is deprecated in /var/www/html/laptop-loans/app/Views/handovers/entrega.php on line 15
[2026-02-23 08:29:01] ERROR   PHP error: htmlspecialchars(): Passing null to parameter #1 ($string) of type string is deprecated in /var/www/html/laptop-loans/app/Views/handovers/entrega.php:15 {"msg":"htmlspecialchars(): Passing null to parameter #1 ($string) of type string is deprecated","file":"/var/www/html/laptop-loans/app/Views/handovers/entrega.php","line":15,"severity":8192}
[23-Feb-2026 08:29:01 UTC] PHP Deprecated:  htmlspecialchars(): Passing null to parameter #1 ($string) of type string is deprecated in /var/www/html/laptop-loans/app/Views/handovers/entrega.php on line 15
[2026-02-23 08:29:01] ERROR   PHP error: htmlspecialchars(): Passing null to parameter #1 ($string) of type string is deprecated in /var/www/html/laptop-loans/app/Views/handovers/entrega.php:15 {"msg":"htmlspecialchars(): Passing null to parameter #1 ($string) of type string is deprecated","file":"/var/www/html/laptop-loans/app/Views/handovers/entrega.php","line":15,"severity":8192}
[23-Feb-2026 08:29:01 UTC] PHP Deprecated:  htmlspecialchars(): Passing null to parameter #1 ($string) of type string is deprecated in /var/www/html/laptop-loans/app/Views/handovers/entrega.php on line 15
[2026-02-23 08:29:01] ERROR   PHP error: htmlspecialchars(): Passing null to parameter #1 ($string) of type string is deprecated in /var/www/html/laptop-loans/app/Views/handovers/entrega.php:15 {"msg":"htmlspecialchars(): Passing null to parameter #1 ($string) of type string is deprecated","file":"/var/www/html/laptop-loans/app/Views/handovers/entrega.php","line":15,"severity":8192}
[23-Feb-2026 08:29:01 UTC] PHP Deprecated:  htmlspecialchars(): Passing null to parameter #1 ($string) of type string is deprecated in /var/www/html/laptop-loans/app/Views/handovers/entrega.php on line 15
[2026-02-23 08:29:01] ERROR   PHP error: htmlspecialchars(): Passing null to parameter #1 ($string) of type string is deprecated in /var/www/html/laptop-loans/app/Views/handovers/entrega.php:15 {"msg":"htmlspecialchars(): Passing null to parameter #1 ($string) of type string is deprecated","file":"/var/www/html/laptop-loans/app/Views/handovers/entrega.php","line":15,"severity":8192}
[23-Feb-2026 08:29:01 UTC] PHP Deprecated:  htmlspecialchars(): Passing null to parameter #1 ($string) of type string is deprecated in /var/www/html/laptop-loans/app/Views/handovers/entrega.php on line 15
[2026-02-23 08:29:01] ERROR   PHP error: htmlspecialchars(): Passing null to parameter #1 ($string) of type string is deprecated in /var/www/html/laptop-loans/app/Views/handovers/entrega.php:15 {"msg":"htmlspecialchars(): Passing null to parameter #1 ($string) of type string is deprecated","file":"/var/www/html/laptop-loans/app/Views/handovers/entrega.php","line":15,"severity":8192}
[23-Feb-2026 08:29:01 UTC] PHP Deprecated:  htmlspecialchars(): Passing null to parameter #1 ($string) of type string is deprecated in /var/www/html/laptop-loans/app/Views/handovers/entrega.php on line 15
[2026-02-23 08:29:01] ERROR   PHP error: htmlspecialchars(): Passing null to parameter #1 ($string) of type string is deprecated in /var/www/html/laptop-loans/app/Views/handovers/entrega.php:15 {"msg":"htmlspecialchars(): Passing null to parameter #1 ($string) of type string is deprecated","file":"/var/www/html/laptop-loans/app/Views/handovers/entrega.php","line":15,"severity":8192}
[23-Feb-2026 08:29:01 UTC] PHP Deprecated:  htmlspecialchars(): Passing null to parameter #1 ($string) of type string is deprecated in /var/www/html/laptop-loans/app/Views/handovers/entrega.php on line 15
[2026-02-23 08:29:01] ERROR   PHP error: htmlspecialchars(): Passing null to parameter #1 ($string) of type string is deprecated in /var/www/html/laptop-loans/app/Views/handovers/entrega.php:15 {"msg":"htmlspecialchars(): Passing null to parameter #1 ($string) of type string is deprecated","file":"/var/www/html/laptop-loans/app/Views/handovers/entrega.php","line":15,"severity":8192}
[23-Feb-2026 08:29:01 UTC] PHP Deprecated:  htmlspecialchars(): Passing null to parameter #1 ($string) of type string is deprecated in /var/www/html/laptop-loans/app/Views/handovers/entrega.php on line 15
[2026-02-23 08:29:01] ERROR   PHP error: htmlspecialchars(): Passing null to parameter #1 ($string) of type string is deprecated in /var/www/html/laptop-loans/app/Views/handovers/entrega.php:15 {"msg":"htmlspecialchars(): Passing null to parameter #1 ($string) of type string is deprecated","file":"/var/www/html/laptop-loans/app/Views/handovers/entrega.php","line":15,"severity":8192}
[23-Feb-2026 08:29:01 UTC] PHP Deprecated:  htmlspecialchars(): Passing null to parameter #1 ($string) of type string is deprecated in /var/www/html/laptop-loans/app/Views/handovers/entrega.php on line 15
[2026-02-23 08:29:01] ERROR   PHP error: htmlspecialchars(): Passing null to parameter #1 ($string) of type string is deprecated in /var/www/html/laptop-loans/app/Views/handovers/entrega.php:15 {"msg":"htmlspecialchars(): Passing null to parameter #1 ($string) of type string is deprecated","file":"/var/www/html/laptop-loans/app/Views/handovers/entrega.php","line":15,"severity":8192}
[23-Feb-2026 08:29:01 UTC] PHP Deprecated:  htmlspecialchars(): Passing null to parameter #1 ($string) of type string is deprecated in /var/www/html/laptop-loans/app/Views/handovers/entrega.php on line 15
[2026-02-23 08:29:01] ERROR   PHP error: htmlspecialchars(): Passing null to parameter #1 ($string) of type string is deprecated in /var/www/html/laptop-loans/app/Views/handovers/entrega.php:15 {"msg":"htmlspecialchars(): Passing null to parameter #1 ($string) of type string is deprecated","file":"/var/www/html/laptop-loans/app/Views/handovers/entrega.php","line":15,"severity":8192}
[23-Feb-2026 08:29:01 UTC] PHP Deprecated:  htmlspecialchars(): Passing null to parameter #1 ($string) of type string is deprecated in /var/www/html/laptop-loans/app/Views/handovers/entrega.php on line 15
[2026-02-23 08:29:01] ERROR   PHP error: htmlspecialchars(): Passing null to parameter #1 ($string) of type string is deprecated in /var/www/html/laptop-loans/app/Views/handovers/entrega.php:15 {"msg":"htmlspecialchars(): Passing null to parameter #1 ($string) of type string is deprecated","file":"/var/www/html/laptop-loans/app/Views/handovers/entrega.php","line":15,"severity":8192}
[23-Feb-2026 08:29:01 UTC] PHP Deprecated:  htmlspecialchars(): Passing null to parameter #1 ($string) of type string is deprecated in /var/www/html/laptop-loans/app/Views/handovers/entrega.php on line 15
[2026-02-23 08:29:01] ERROR   PHP error: htmlspecialchars(): Passing null to parameter #1 ($string) of type string is deprecated in /var/www/html/laptop-loans/app/Views/handovers/entrega.php:15 {"msg":"htmlspecialchars(): Passing null to parameter #1 ($string) of type string is deprecated","file":"/var/www/html/laptop-loans/app/Views/handovers/entrega.php","line":15,"severity":8192}
[23-Feb-2026 08:29:01 UTC] PHP Deprecated:  htmlspecialchars(): Passing null to parameter #1 ($string) of type string is deprecated in /var/www/html/laptop-loans/app/Views/handovers/entrega.php on line 15
[2026-02-23 08:29:01] ERROR   PHP error: htmlspecialchars(): Passing null to parameter #1 ($string) of type string is deprecated in /var/www/html/laptop-loans/app/Views/handovers/entrega.php:15 {"msg":"htmlspecialchars(): Passing null to parameter #1 ($string) of type string is deprecated","file":"/var/www/html/laptop-loans/app/Views/handovers/entrega.php","line":15,"severity":8192}
[23-Feb-2026 08:29:01 UTC] PHP Deprecated:  htmlspecialchars(): Passing null to parameter #1 ($string) of type string is deprecated in /var/www/html/laptop-loans/app/Views/handovers/entrega.php on line 15
[2026-02-23 08:29:01] ERROR   PHP error: htmlspecialchars(): Passing null to parameter #1 ($string) of type string is deprecated in /var/www/html/laptop-loans/app/Views/handovers/entrega.php:15 {"msg":"htmlspecialchars(): Passing null to parameter #1 ($string) of type string is deprecated","file":"/var/www/html/laptop-loans/app/Views/handovers/entrega.php","line":15,"severity":8192}
[23-Feb-2026 08:29:01 UTC] PHP Deprecated:  htmlspecialchars(): Passing null to parameter #1 ($string) of type string is deprecated in /var/www/html/laptop-loans/app/Views/handovers/entrega.php on line 15
[2026-02-23 08:29:01] ERROR   PHP error: htmlspecialchars(): Passing null to parameter #1 ($string) of type string is deprecated in /var/www/html/laptop-loans/app/Views/handovers/entrega.php:15 {"msg":"htmlspecialchars(): Passing null to parameter #1 ($string) of type string is deprecated","file":"/var/www/html/laptop-loans/app/Views/handovers/entrega.php","line":15,"severity":8192}
[23-Feb-2026 08:29:01 UTC] PHP Deprecated:  htmlspecialchars(): Passing null to parameter #1 ($string) of type string is deprecated in /var/www/html/laptop-loans/app/Views/handovers/entrega.php on line 15
[2026-02-23 08:29:01] ERROR   PHP error: htmlspecialchars(): Passing null to parameter #1 ($string) of type string is deprecated in /var/www/html/laptop-loans/app/Views/handovers/entrega.php:15 {"msg":"htmlspecialchars(): Passing null to parameter #1 ($string) of type string is deprecated","file":"/var/www/html/laptop-loans/app/Views/handovers/entrega.php","line":15,"severity":8192}
[23-Feb-2026 08:29:01 UTC] PHP Deprecated:  htmlspecialchars(): Passing null to parameter #1 ($string) of type string is deprecated in /var/www/html/laptop-loans/app/Views/handovers/entrega.php on line 15
[2026-02-23 08:29:01] ERROR   PHP error: htmlspecialchars(): Passing null to parameter #1 ($string) of type string is deprecated in /var/www/html/laptop-loans/app/Views/handovers/entrega.php:15 {"msg":"htmlspecialchars(): Passing null to parameter #1 ($string) of type string is deprecated","file":"/var/www/html/laptop-loans/app/Views/handovers/entrega.php","line":15,"severity":8192}
[23-Feb-2026 08:29:01 UTC] PHP Deprecated:  htmlspecialchars(): Passing null to parameter #1 ($string) of type string is deprecated in /var/www/html/laptop-loans/app/Views/handovers/entrega.php on line 15
[2026-02-23 08:29:01] ERROR   PHP error: htmlspecialchars(): Passing null to parameter #1 ($string) of type string is deprecated in /var/www/html/laptop-loans/app/Views/handovers/entrega.php:15 {"msg":"htmlspecialchars(): Passing null to parameter #1 ($string) of type string is deprecated","file":"/var/www/html/laptop-loans/app/Views/handovers/entrega.php","line":15,"severity":8192}
[23-Feb-2026 08:29:01 UTC] PHP Deprecated:  htmlspecialchars(): Passing null to parameter #1 ($string) of type string is deprecated in /var/www/html/laptop-loans/app/Views/handovers/entrega.php on line 15
[2026-02-23 08:29:01] ERROR   PHP error: htmlspecialchars(): Passing null to parameter #1 ($string) of type string is deprecated in /var/www/html/laptop-loans/app/Views/handovers/entrega.php:15 {"msg":"htmlspecialchars(): Passing null to parameter #1 ($string) of type string is deprecated","file":"/var/www/html/laptop-loans/app/Views/handovers/entrega.php","line":15,"severity":8192}
[23-Feb-2026 08:29:01 UTC] PHP Deprecated:  htmlspecialchars(): Passing null to parameter #1 ($string) of type string is deprecated in /var/www/html/laptop-loans/app/Views/handovers/entrega.php on line 15
[2026-02-23 08:29:01] ERROR   PHP error: htmlspecialchars(): Passing null to parameter #1 ($string) of type string is deprecated in /var/www/html/laptop-loans/app/Views/handovers/entrega.php:15 {"msg":"htmlspecialchars(): Passing null to parameter #1 ($string) of type string is deprecated","file":"/var/www/html/laptop-loans/app/Views/handovers/entrega.php","line":15,"severity":8192}
[23-Feb-2026 08:29:01 UTC] PHP Deprecated:  htmlspecialchars(): Passing null to parameter #1 ($string) of type string is deprecated in /var/www/html/laptop-loans/app/Views/handovers/entrega.php on line 15
[2026-02-23 08:29:01] ERROR   PHP error: htmlspecialchars(): Passing null to parameter #1 ($string) of type string is deprecated in /var/www/html/laptop-loans/app/Views/handovers/entrega.php:15 {"msg":"htmlspecialchars(): Passing null to parameter #1 ($string) of type string is deprecated","file":"/var/www/html/laptop-loans/app/Views/handovers/entrega.php","line":15,"severity":8192}
[23-Feb-2026 08:29:01 UTC] PHP Deprecated:  htmlspecialchars(): Passing null to parameter #1 ($string) of type string is deprecated in /var/www/html/laptop-loans/app/Views/handovers/entrega.php on line 15
[2026-02-23 08:29:01] ERROR   PHP error: htmlspecialchars(): Passing null to parameter #1 ($string) of type string is deprecated in /var/www/html/laptop-loans/app/Views/handovers/entrega.php:15 {"msg":"htmlspecialchars(): Passing null to parameter #1 ($string) of type string is deprecated","file":"/var/www/html/laptop-loans/app/Views/handovers/entrega.php","line":15,"severity":8192}
[23-Feb-2026 08:29:01 UTC] PHP Deprecated:  htmlspecialchars(): Passing null to parameter #1 ($string) of type string is deprecated in /var/www/html/laptop-loans/app/Views/handovers/entrega.php on line 15
[2026-02-23 08:29:01] ERROR   PHP error: htmlspecialchars(): Passing null to parameter #1 ($string) of type string is deprecated in /var/www/html/laptop-loans/app/Views/handovers/entrega.php:15 {"msg":"htmlspecialchars(): Passing null to parameter #1 ($string) of type string is deprecated","file":"/var/www/html/laptop-loans/app/Views/handovers/entrega.php","line":15,"severity":8192}
[23-Feb-2026 08:29:01 UTC] PHP Deprecated:  htmlspecialchars(): Passing null to parameter #1 ($string) of type string is deprecated in /var/www/html/laptop-loans/app/Views/handovers/entrega.php on line 15
[2026-02-23 08:29:01] ERROR   PHP error: htmlspecialchars(): Passing null to parameter #1 ($string) of type string is deprecated in /var/www/html/laptop-loans/app/Views/handovers/entrega.php:15 {"msg":"htmlspecialchars(): Passing null to parameter #1 ($string) of type string is deprecated","file":"/var/www/html/laptop-loans/app/Views/handovers/entrega.php","line":15,"severity":8192}
[23-Feb-2026 08:29:01 UTC] PHP Deprecated:  htmlspecialchars(): Passing null to parameter #1 ($string) of type string is deprecated in /var/www/html/laptop-loans/app/Views/handovers/entrega.php on line 15
[2026-02-23 08:29:01] ERROR   PHP error: htmlspecialchars(): Passing null to parameter #1 ($string) of type string is deprecated in /var/www/html/laptop-loans/app/Views/handovers/entrega.php:15 {"msg":"htmlspecialchars(): Passing null to parameter #1 ($string) of type string is deprecated","file":"/var/www/html/laptop-loans/app/Views/handovers/entrega.php","line":15,"severity":8192}
[23-Feb-2026 08:29:01 UTC] PHP Deprecated:  htmlspecialchars(): Passing null to parameter #1 ($string) of type string is deprecated in /var/www/html/laptop-loans/app/Views/handovers/entrega.php on line 15
[2026-02-23 08:29:01] ERROR   PHP error: htmlspecialchars(): Passing null to parameter #1 ($string) of type string is deprecated in /var/www/html/laptop-loans/app/Views/handovers/entrega.php:15 {"msg":"htmlspecialchars(): Passing null to parameter #1 ($string) of type string is deprecated","file":"/var/www/html/laptop-loans/app/Views/handovers/entrega.php","line":15,"severity":8192}
[23-Feb-2026 08:29:01 UTC] PHP Deprecated:  htmlspecialchars(): Passing null to parameter #1 ($string) of type string is deprecated in /var/www/html/laptop-loans/app/Views/handovers/entrega.php on line 15
[2026-02-23 08:29:01] ERROR   PHP error: htmlspecialchars(): Passing null to parameter #1 ($string) of type string is deprecated in /var/www/html/laptop-loans/app/Views/handovers/entrega.php:15 {"msg":"htmlspecialchars(): Passing null to parameter #1 ($string) of type string is deprecated","file":"/var/www/html/laptop-loans/app/Views/handovers/entrega.php","line":15,"severity":8192}
[23-Feb-2026 08:29:01 UTC] PHP Deprecated:  htmlspecialchars(): Passing null to parameter #1 ($string) of type string is deprecated in /var/www/html/laptop-loans/app/Views/handovers/entrega.php on line 15
[2026-02-23 08:29:01] ERROR   PHP error: htmlspecialchars(): Passing null to parameter #1 ($string) of type string is deprecated in /var/www/html/laptop-loans/app/Views/handovers/entrega.php:15 {"msg":"htmlspecialchars(): Passing null to parameter #1 ($string) of type string is deprecated","file":"/var/www/html/laptop-loans/app/Views/handovers/entrega.php","line":15,"severity":8192}
[23-Feb-2026 08:29:01 UTC] PHP Deprecated:  htmlspecialchars(): Passing null to parameter #1 ($string) of type string is deprecated in /var/www/html/laptop-loans/app/Views/handovers/entrega.php on line 15
[2026-02-23 08:29:01] ERROR   PHP error: htmlspecialchars(): Passing null to parameter #1 ($string) of type string is deprecated in /var/www/html/laptop-loans/app/Views/handovers/entrega.php:15 {"msg":"htmlspecialchars(): Passing null to parameter #1 ($string) of type string is deprecated","file":"/var/www/html/laptop-loans/app/Views/handovers/entrega.php","line":15,"severity":8192}
[23-Feb-2026 08:29:01 UTC] PHP Deprecated:  htmlspecialchars(): Passing null to parameter #1 ($string) of type string is deprecated in /var/www/html/laptop-loans/app/Views/handovers/entrega.php on line 15
[2026-02-23 08:29:01] ERROR   PHP error: htmlspecialchars(): Passing null to parameter #1 ($string) of type string is deprecated in /var/www/html/laptop-loans/app/Views/handovers/entrega.php:15 {"msg":"htmlspecialchars(): Passing null to parameter #1 ($string) of type string is deprecated","file":"/var/www/html/laptop-loans/app/Views/handovers/entrega.php","line":15,"severity":8192}
[23-Feb-2026 08:29:01 UTC] PHP Deprecated:  htmlspecialchars(): Passing null to parameter #1 ($string) of type string is deprecated in /var/www/html/laptop-loans/app/Views/handovers/entrega.php on line 15
[2026-02-23 08:29:01] ERROR   PHP error: htmlspecialchars(): Passing null to parameter #1 ($string) of type string is deprecated in /var/www/html/laptop-loans/app/Views/handovers/entrega.php:15 {"msg":"htmlspecialchars(): Passing null to parameter #1 ($string) of type string is deprecated","file":"/var/www/html/laptop-loans/app/Views/handovers/entrega.php","line":15,"severity":8192}
[23-Feb-2026 08:29:01 UTC] PHP Deprecated:  htmlspecialchars(): Passing null to parameter #1 ($string) of type string is deprecated in /var/www/html/laptop-loans/app/Views/handovers/entrega.php on line 15
[2026-02-23 08:29:01] ERROR   PHP error: htmlspecialchars(): Passing null to parameter #1 ($string) of type string is deprecated in /var/www/html/laptop-loans/app/Views/handovers/entrega.php:15 {"msg":"htmlspecialchars(): Passing null to parameter #1 ($string) of type string is deprecated","file":"/var/www/html/laptop-loans/app/Views/handovers/entrega.php","line":15,"severity":8192}
[23-Feb-2026 08:29:01 UTC] PHP Deprecated:  htmlspecialchars(): Passing null to parameter #1 ($string) of type string is deprecated in /var/www/html/laptop-loans/app/Views/handovers/entrega.php on line 15
[2026-02-23 08:29:01] ERROR   PHP error: htmlspecialchars(): Passing null to parameter #1 ($string) of type string is deprecated in /var/www/html/laptop-loans/app/Views/handovers/entrega.php:15 {"msg":"htmlspecialchars(): Passing null to parameter #1 ($string) of type string is deprecated","file":"/var/www/html/laptop-loans/app/Views/handovers/entrega.php","line":15,"severity":8192}
[23-Feb-2026 08:29:01 UTC] PHP Deprecated:  htmlspecialchars(): Passing null to parameter #1 ($string) of type string is deprecated in /var/www/html/laptop-loans/app/Views/handovers/entrega.php on line 15
[2026-02-23 08:29:01] ERROR   PHP error: htmlspecialchars(): Passing null to parameter #1 ($string) of type string is deprecated in /var/www/html/laptop-loans/app/Views/handovers/entrega.php:15 {"msg":"htmlspecialchars(): Passing null to parameter #1 ($string) of type string is deprecated","file":"/var/www/html/laptop-loans/app/Views/handovers/entrega.php","line":15,"severity":8192}
[23-Feb-2026 08:29:01 UTC] PHP Deprecated:  htmlspecialchars(): Passing null to parameter #1 ($string) of type string is deprecated in /var/www/html/laptop-loans/app/Views/handovers/entrega.php on line 15
[2026-02-23 08:29:01] ERROR   PHP error: htmlspecialchars(): Passing null to parameter #1 ($string) of type string is deprecated in /var/www/html/laptop-loans/app/Views/handovers/entrega.php:15 {"msg":"htmlspecialchars(): Passing null to parameter #1 ($string) of type string is deprecated","file":"/var/www/html/laptop-loans/app/Views/handovers/entrega.php","line":15,"severity":8192}
[23-Feb-2026 08:29:01 UTC] PHP Deprecated:  htmlspecialchars(): Passing null to parameter #1 ($string) of type string is deprecated in /var/www/html/laptop-loans/app/Views/handovers/entrega.php on line 15
[2026-02-23 08:29:01] ERROR   PHP error: htmlspecialchars(): Passing null to parameter #1 ($string) of type string is deprecated in /var/www/html/laptop-loans/app/Views/handovers/entrega.php:15 {"msg":"htmlspecialchars(): Passing null to parameter #1 ($string) of type string is deprecated","file":"/var/www/html/laptop-loans/app/Views/handovers/entrega.php","line":15,"severity":8192}
[23-Feb-2026 08:29:01 UTC] PHP Deprecated:  htmlspecialchars(): Passing null to parameter #1 ($string) of type string is deprecated in /var/www/html/laptop-loans/app/Views/handovers/entrega.php on line 15
[2026-02-23 08:29:01] ERROR   PHP error: htmlspecialchars(): Passing null to parameter #1 ($string) of type string is deprecated in /var/www/html/laptop-loans/app/Views/handovers/entrega.php:15 {"msg":"htmlspecialchars(): Passing null to parameter #1 ($string) of type string is deprecated","file":"/var/www/html/laptop-loans/app/Views/handovers/entrega.php","line":15,"severity":8192}
[23-Feb-2026 08:29:01 UTC] PHP Deprecated:  htmlspecialchars(): Passing null to parameter #1 ($string) of type string is deprecated in /var/www/html/laptop-loans/app/Views/handovers/entrega.php on line 15
[2026-02-23 08:29:01] ERROR   PHP error: htmlspecialchars(): Passing null to parameter #1 ($string) of type string is deprecated in /var/www/html/laptop-loans/app/Views/handovers/entrega.php:15 {"msg":"htmlspecialchars(): Passing null to parameter #1 ($string) of type string is deprecated","file":"/var/www/html/laptop-loans/app/Views/handovers/entrega.php","line":15,"severity":8192}
[23-Feb-2026 08:29:01 UTC] PHP Deprecated:  htmlspecialchars(): Passing null to parameter #1 ($string) of type string is deprecated in /var/www/html/laptop-loans/app/Views/handovers/entrega.php on line 15
[2026-02-23 08:29:01] ERROR   PHP error: htmlspecialchars(): Passing null to parameter #1 ($string) of type string is deprecated in /var/www/html/laptop-loans/app/Views/handovers/entrega.php:15 {"msg":"htmlspecialchars(): Passing null to parameter #1 ($string) of type string is deprecated","file":"/var/www/html/laptop-loans/app/Views/handovers/entrega.php","line":15,"severity":8192}
[23-Feb-2026 08:29:01 UTC] PHP Deprecated:  htmlspecialchars(): Passing null to parameter #1 ($string) of type string is deprecated in /var/www/html/laptop-loans/app/Views/handovers/entrega.php on line 15
[2026-02-23 08:29:01] ERROR   PHP error: htmlspecialchars(): Passing null to parameter #1 ($string) of type string is deprecated in /var/www/html/laptop-loans/app/Views/handovers/entrega.php:15 {"msg":"htmlspecialchars(): Passing null to parameter #1 ($string) of type string is deprecated","file":"/var/www/html/laptop-loans/app/Views/handovers/entrega.php","line":15,"severity":8192}
[23-Feb-2026 08:29:01 UTC] PHP Deprecated:  htmlspecialchars(): Passing null to parameter #1 ($string) of type string is deprecated in /var/www/html/laptop-loans/app/Views/handovers/entrega.php on line 15
[2026-02-23 08:29:01] ERROR   PHP error: htmlspecialchars(): Passing null to parameter #1 ($string) of type string is deprecated in /var/www/html/laptop-loans/app/Views/handovers/entrega.php:15 {"msg":"htmlspecialchars(): Passing null to parameter #1 ($string) of type string is deprecated","file":"/var/www/html/laptop-loans/app/Views/handovers/entrega.php","line":15,"severity":8192}
[23-Feb-2026 08:29:01 UTC] PHP Deprecated:  htmlspecialchars(): Passing null to parameter #1 ($string) of type string is deprecated in /var/www/html/laptop-loans/app/Views/handovers/entrega.php on line 15
[2026-02-23 08:29:01] ERROR   PHP error: htmlspecialchars(): Passing null to parameter #1 ($string) of type string is deprecated in /var/www/html/laptop-loans/app/Views/handovers/entrega.php:15 {"msg":"htmlspecialchars(): Passing null to parameter #1 ($string) of type string is deprecated","file":"/var/www/html/laptop-loans/app/Views/handovers/entrega.php","line":15,"severity":8192}
[23-Feb-2026 08:29:01 UTC] PHP Deprecated:  htmlspecialchars(): Passing null to parameter #1 ($string) of type string is deprecated in /var/www/html/laptop-loans/app/Views/handovers/entrega.php on line 15
[2026-02-23 08:29:01] ERROR   PHP error: htmlspecialchars(): Passing null to parameter #1 ($string) of type string is deprecated in /var/www/html/laptop-loans/app/Views/handovers/entrega.php:15 {"msg":"htmlspecialchars(): Passing null to parameter #1 ($string) of type string is deprecated","file":"/var/www/html/laptop-loans/app/Views/handovers/entrega.php","line":15,"severity":8192}
[23-Feb-2026 08:29:01 UTC] PHP Deprecated:  htmlspecialchars(): Passing null to parameter #1 ($string) of type string is deprecated in /var/www/html/laptop-loans/app/Views/handovers/entrega.php on line 15
[2026-02-23 08:29:01] ERROR   PHP error: htmlspecialchars(): Passing null to parameter #1 ($string) of type string is deprecated in /var/www/html/laptop-loans/app/Views/handovers/entrega.php:15 {"msg":"htmlspecialchars(): Passing null to parameter #1 ($string) of type string is deprecated","file":"/var/www/html/laptop-loans/app/Views/handovers/entrega.php","line":15,"severity":8192}
[23-Feb-2026 08:29:01 UTC] PHP Deprecated:  htmlspecialchars(): Passing null to parameter #1 ($string) of type string is deprecated in /var/www/html/laptop-loans/app/Views/handovers/entrega.php on line 15
[2026-02-23 08:29:01] ERROR   PHP error: htmlspecialchars(): Passing null to parameter #1 ($string) of type string is deprecated in /var/www/html/laptop-loans/app/Views/handovers/entrega.php:15 {"msg":"htmlspecialchars(): Passing null to parameter #1 ($string) of type string is deprecated","file":"/var/www/html/laptop-loans/app/Views/handovers/entrega.php","line":15,"severity":8192}
[23-Feb-2026 08:29:01 UTC] PHP Deprecated:  htmlspecialchars(): Passing null to parameter #1 ($string) of type string is deprecated in /var/www/html/laptop-loans/app/Views/handovers/entrega.php on line 15
[2026-02-23 08:29:01] ERROR   PHP error: htmlspecialchars(): Passing null to parameter #1 ($string) of type string is deprecated in /var/www/html/laptop-loans/app/Views/handovers/entrega.php:15 {"msg":"htmlspecialchars(): Passing null to parameter #1 ($string) of type string is deprecated","file":"/var/www/html/laptop-loans/app/Views/handovers/entrega.php","line":15,"severity":8192}
[23-Feb-2026 08:29:01 UTC] PHP Deprecated:  htmlspecialchars(): Passing null to parameter #1 ($string) of type string is deprecated in /var/www/html/laptop-loans/app/Views/handovers/entrega.php on line 15
[2026-02-23 08:29:01] ERROR   PHP error: htmlspecialchars(): Passing null to parameter #1 ($string) of type string is deprecated in /var/www/html/laptop-loans/app/Views/handovers/entrega.php:15 {"msg":"htmlspecialchars(): Passing null to parameter #1 ($string) of type string is deprecated","file":"/var/www/html/laptop-loans/app/Views/handovers/entrega.php","line":15,"severity":8192}
[23-Feb-2026 08:29:01 UTC] PHP Deprecated:  htmlspecialchars(): Passing null to parameter #1 ($string) of type string is deprecated in /var/www/html/laptop-loans/app/Views/handovers/entrega.php on line 15
[2026-02-23 08:29:01] ERROR   PHP error: htmlspecialchars(): Passing null to parameter #1 ($string) of type string is deprecated in /var/www/html/laptop-loans/app/Views/handovers/entrega.php:15 {"msg":"htmlspecialchars(): Passing null to parameter #1 ($string) of type string is deprecated","file":"/var/www/html/laptop-loans/app/Views/handovers/entrega.php","line":15,"severity":8192}
[23-Feb-2026 08:29:01 UTC] PHP Deprecated:  htmlspecialchars(): Passing null to parameter #1 ($string) of type string is deprecated in /var/www/html/laptop-loans/app/Views/handovers/entrega.php on line 15
[2026-02-23 08:29:01] ERROR   PHP error: htmlspecialchars(): Passing null to parameter #1 ($string) of type string is deprecated in /var/www/html/laptop-loans/app/Views/handovers/entrega.php:15 {"msg":"htmlspecialchars(): Passing null to parameter #1 ($string) of type string is deprecated","file":"/var/www/html/laptop-loans/app/Views/handovers/entrega.php","line":15,"severity":8192}
[23-Feb-2026 08:29:01 UTC] PHP Deprecated:  htmlspecialchars(): Passing null to parameter #1 ($string) of type string is deprecated in /var/www/html/laptop-loans/app/Views/handovers/entrega.php on line 15
[2026-02-23 08:29:01] ERROR   PHP error: htmlspecialchars(): Passing null to parameter #1 ($string) of type string is deprecated in /var/www/html/laptop-loans/app/Views/handovers/entrega.php:15 {"msg":"htmlspecialchars(): Passing null to parameter #1 ($string) of type string is deprecated","file":"/var/www/html/laptop-loans/app/Views/handovers/entrega.php","line":15,"severity":8192}
[23-Feb-2026 08:29:01 UTC] PHP Deprecated:  htmlspecialchars(): Passing null to parameter #1 ($string) of type string is deprecated in /var/www/html/laptop-loans/app/Views/handovers/entrega.php on line 15
[2026-02-23 08:29:01] ERROR   PHP error: htmlspecialchars(): Passing null to parameter #1 ($string) of type string is deprecated in /var/www/html/laptop-loans/app/Views/handovers/entrega.php:15 {"msg":"htmlspecialchars(): Passing null to parameter #1 ($string) of type string is deprecated","file":"/var/www/html/laptop-loans/app/Views/handovers/entrega.php","line":15,"severity":8192}
[23-Feb-2026 08:29:01 UTC] PHP Deprecated:  htmlspecialchars(): Passing null to parameter #1 ($string) of type string is deprecated in /var/www/html/laptop-loans/app/Views/handovers/entrega.php on line 15
[2026-02-23 08:29:01] ERROR   PHP error: htmlspecialchars(): Passing null to parameter #1 ($string) of type string is deprecated in /var/www/html/laptop-loans/app/Views/handovers/entrega.php:15 {"msg":"htmlspecialchars(): Passing null to parameter #1 ($string) of type string is deprecated","file":"/var/www/html/laptop-loans/app/Views/handovers/entrega.php","line":15,"severity":8192}
[23-Feb-2026 08:29:01 UTC] PHP Deprecated:  htmlspecialchars(): Passing null to parameter #1 ($string) of type string is deprecated in /var/www/html/laptop-loans/app/Views/handovers/entrega.php on line 15
[2026-02-23 08:29:01] ERROR   PHP error: htmlspecialchars(): Passing null to parameter #1 ($string) of type string is deprecated in /var/www/html/laptop-loans/app/Views/handovers/entrega.php:15 {"msg":"htmlspecialchars(): Passing null to parameter #1 ($string) of type string is deprecated","file":"/var/www/html/laptop-loans/app/Views/handovers/entrega.php","line":15,"severity":8192}
[23-Feb-2026 08:29:01 UTC] PHP Deprecated:  htmlspecialchars(): Passing null to parameter #1 ($string) of type string is deprecated in /var/www/html/laptop-loans/app/Views/handovers/entrega.php on line 15
[2026-02-23 08:29:01] ERROR   PHP error: htmlspecialchars(): Passing null to parameter #1 ($string) of type string is deprecated in /var/www/html/laptop-loans/app/Views/handovers/entrega.php:15 {"msg":"htmlspecialchars(): Passing null to parameter #1 ($string) of type string is deprecated","file":"/var/www/html/laptop-loans/app/Views/handovers/entrega.php","line":15,"severity":8192}
[23-Feb-2026 08:29:01 UTC] PHP Deprecated:  htmlspecialchars(): Passing null to parameter #1 ($string) of type string is deprecated in /var/www/html/laptop-loans/app/Views/handovers/entrega.php on line 15
[2026-02-23 08:29:01] ERROR   PHP error: htmlspecialchars(): Passing null to parameter #1 ($string) of type string is deprecated in /var/www/html/laptop-loans/app/Views/handovers/entrega.php:15 {"msg":"htmlspecialchars(): Passing null to parameter #1 ($string) of type string is deprecated","file":"/var/www/html/laptop-loans/app/Views/handovers/entrega.php","line":15,"severity":8192}
[23-Feb-2026 08:29:01 UTC] PHP Deprecated:  htmlspecialchars(): Passing null to parameter #1 ($string) of type string is deprecated in /var/www/html/laptop-loans/app/Views/handovers/entrega.php on line 15
[2026-02-23 08:29:01] ERROR   PHP error: htmlspecialchars(): Passing null to parameter #1 ($string) of type string is deprecated in /var/www/html/laptop-loans/app/Views/handovers/entrega.php:15 {"msg":"htmlspecialchars(): Passing null to parameter #1 ($string) of type string is deprecated","file":"/var/www/html/laptop-loans/app/Views/handovers/entrega.php","line":15,"severity":8192}
[23-Feb-2026 08:29:01 UTC] PHP Deprecated:  htmlspecialchars(): Passing null to parameter #1 ($string) of type string is deprecated in /var/www/html/laptop-loans/app/Views/handovers/entrega.php on line 15
[2026-02-23 08:29:01] ERROR   PHP error: htmlspecialchars(): Passing null to parameter #1 ($string) of type string is deprecated in /var/www/html/laptop-loans/app/Views/handovers/entrega.php:15 {"msg":"htmlspecialchars(): Passing null to parameter #1 ($string) of type string is deprecated","file":"/var/www/html/laptop-loans/app/Views/handovers/entrega.php","line":15,"severity":8192}
[23-Feb-2026 08:29:01 UTC] PHP Deprecated:  htmlspecialchars(): Passing null to parameter #1 ($string) of type string is deprecated in /var/www/html/laptop-loans/app/Views/handovers/entrega.php on line 15
[2026-02-23 08:29:01] ERROR   PHP error: htmlspecialchars(): Passing null to parameter #1 ($string) of type string is deprecated in /var/www/html/laptop-loans/app/Views/handovers/entrega.php:15 {"msg":"htmlspecialchars(): Passing null to parameter #1 ($string) of type string is deprecated","file":"/var/www/html/laptop-loans/app/Views/handovers/entrega.php","line":15,"severity":8192}
[23-Feb-2026 08:29:01 UTC] PHP Deprecated:  htmlspecialchars(): Passing null to parameter #1 ($string) of type string is deprecated in /var/www/html/laptop-loans/app/Views/handovers/entrega.php on line 15
[2026-02-23 08:29:01] ERROR   PHP error: htmlspecialchars(): Passing null to parameter #1 ($string) of type string is deprecated in /var/www/html/laptop-loans/app/Views/handovers/entrega.php:15 {"msg":"htmlspecialchars(): Passing null to parameter #1 ($string) of type string is deprecated","file":"/var/www/html/laptop-loans/app/Views/handovers/entrega.php","line":15,"severity":8192}
[23-Feb-2026 08:29:01 UTC] PHP Deprecated:  htmlspecialchars(): Passing null to parameter #1 ($string) of type string is deprecated in /var/www/html/laptop-loans/app/Views/handovers/entrega.php on line 15
[2026-02-23 08:29:01] ERROR   PHP error: htmlspecialchars(): Passing null to parameter #1 ($string) of type string is deprecated in /var/www/html/laptop-loans/app/Views/handovers/entrega.php:15 {"msg":"htmlspecialchars(): Passing null to parameter #1 ($string) of type string is deprecated","file":"/var/www/html/laptop-loans/app/Views/handovers/entrega.php","line":15,"severity":8192}
[23-Feb-2026 08:29:01 UTC] PHP Deprecated:  htmlspecialchars(): Passing null to parameter #1 ($string) of type string is deprecated in /var/www/html/laptop-loans/app/Views/handovers/entrega.php on line 15
[2026-02-23 08:29:01] ERROR   PHP error: htmlspecialchars(): Passing null to parameter #1 ($string) of type string is deprecated in /var/www/html/laptop-loans/app/Views/handovers/entrega.php:15 {"msg":"htmlspecialchars(): Passing null to parameter #1 ($string) of type string is deprecated","file":"/var/www/html/laptop-loans/app/Views/handovers/entrega.php","line":15,"severity":8192}
[23-Feb-2026 08:29:01 UTC] PHP Deprecated:  htmlspecialchars(): Passing null to parameter #1 ($string) of type string is deprecated in /var/www/html/laptop-loans/app/Views/handovers/entrega.php on line 15
[2026-02-23 08:29:01] ERROR   PHP error: htmlspecialchars(): Passing null to parameter #1 ($string) of type string is deprecated in /var/www/html/laptop-loans/app/Views/handovers/entrega.php:15 {"msg":"htmlspecialchars(): Passing null to parameter #1 ($string) of type string is deprecated","file":"/var/www/html/laptop-loans/app/Views/handovers/entrega.php","line":15,"severity":8192}
[23-Feb-2026 08:29:01 UTC] PHP Deprecated:  htmlspecialchars(): Passing null to parameter #1 ($string) of type string is deprecated in /var/www/html/laptop-loans/app/Views/handovers/entrega.php on line 15
[2026-02-23 08:29:01] ERROR   PHP error: htmlspecialchars(): Passing null to parameter #1 ($string) of type string is deprecated in /var/www/html/laptop-loans/app/Views/handovers/entrega.php:15 {"msg":"htmlspecialchars(): Passing null to parameter #1 ($string) of type string is deprecated","file":"/var/www/html/laptop-loans/app/Views/handovers/entrega.php","line":15,"severity":8192}
[23-Feb-2026 08:29:01 UTC] PHP Deprecated:  htmlspecialchars(): Passing null to parameter #1 ($string) of type string is deprecated in /var/www/html/laptop-loans/app/Views/handovers/entrega.php on line 15
[2026-02-23 08:29:01] ERROR   PHP error: htmlspecialchars(): Passing null to parameter #1 ($string) of type string is deprecated in /var/www/html/laptop-loans/app/Views/handovers/entrega.php:15 {"msg":"htmlspecialchars(): Passing null to parameter #1 ($string) of type string is deprecated","file":"/var/www/html/laptop-loans/app/Views/handovers/entrega.php","line":15,"severity":8192}
[23-Feb-2026 08:29:01 UTC] PHP Deprecated:  htmlspecialchars(): Passing null to parameter #1 ($string) of type string is deprecated in /var/www/html/laptop-loans/app/Views/handovers/entrega.php on line 15
[2026-02-23 08:29:01] ERROR   PHP error: htmlspecialchars(): Passing null to parameter #1 ($string) of type string is deprecated in /var/www/html/laptop-loans/app/Views/handovers/entrega.php:15 {"msg":"htmlspecialchars(): Passing null to parameter #1 ($string) of type string is deprecated","file":"/var/www/html/laptop-loans/app/Views/handovers/entrega.php","line":15,"severity":8192}
[23-Feb-2026 08:29:01 UTC] PHP Deprecated:  htmlspecialchars(): Passing null to parameter #1 ($string) of type string is deprecated in /var/www/html/laptop-loans/app/Views/handovers/entrega.php on line 15
[2026-02-23 08:29:01] ERROR   PHP error: htmlspecialchars(): Passing null to parameter #1 ($string) of type string is deprecated in /var/www/html/laptop-loans/app/Views/handovers/entrega.php:15 {"msg":"htmlspecialchars(): Passing null to parameter #1 ($string) of type string is deprecated","file":"/var/www/html/laptop-loans/app/Views/handovers/entrega.php","line":15,"severity":8192}
[23-Feb-2026 08:29:01 UTC] PHP Deprecated:  htmlspecialchars(): Passing null to parameter #1 ($string) of type string is deprecated in /var/www/html/laptop-loans/app/Views/handovers/entrega.php on line 15
[2026-02-23 08:29:01] ERROR   PHP error: htmlspecialchars(): Passing null to parameter #1 ($string) of type string is deprecated in /var/www/html/laptop-loans/app/Views/handovers/entrega.php:15 {"msg":"htmlspecialchars(): Passing null to parameter #1 ($string) of type string is deprecated","file":"/var/www/html/laptop-loans/app/Views/handovers/entrega.php","line":15,"severity":8192}
[23-Feb-2026 08:29:01 UTC] PHP Deprecated:  htmlspecialchars(): Passing null to parameter #1 ($string) of type string is deprecated in /var/www/html/laptop-loans/app/Views/handovers/entrega.php on line 15
[2026-02-23 08:29:01] ERROR   PHP error: htmlspecialchars(): Passing null to parameter #1 ($string) of type string is deprecated in /var/www/html/laptop-loans/app/Views/handovers/entrega.php:15 {"msg":"htmlspecialchars(): Passing null to parameter #1 ($string) of type string is deprecated","file":"/var/www/html/laptop-loans/app/Views/handovers/entrega.php","line":15,"severity":8192}
[23-Feb-2026 08:29:01 UTC] PHP Deprecated:  htmlspecialchars(): Passing null to parameter #1 ($string) of type string is deprecated in /var/www/html/laptop-loans/app/Views/handovers/entrega.php on line 15
[2026-02-23 08:29:01] ERROR   PHP error: htmlspecialchars(): Passing null to parameter #1 ($string) of type string is deprecated in /var/www/html/laptop-loans/app/Views/handovers/entrega.php:15 {"msg":"htmlspecialchars(): Passing null to parameter #1 ($string) of type string is deprecated","file":"/var/www/html/laptop-loans/app/Views/handovers/entrega.php","line":15,"severity":8192}
[23-Feb-2026 08:29:01 UTC] PHP Deprecated:  htmlspecialchars(): Passing null to parameter #1 ($string) of type string is deprecated in /var/www/html/laptop-loans/app/Views/handovers/entrega.php on line 15
[2026-02-23 08:29:01] ERROR   PHP error: htmlspecialchars(): Passing null to parameter #1 ($string) of type string is deprecated in /var/www/html/laptop-loans/app/Views/handovers/entrega.php:15 {"msg":"htmlspecialchars(): Passing null to parameter #1 ($string) of type string is deprecated","file":"/var/www/html/laptop-loans/app/Views/handovers/entrega.php","line":15,"severity":8192}
[23-Feb-2026 08:29:01 UTC] PHP Deprecated:  htmlspecialchars(): Passing null to parameter #1 ($string) of type string is deprecated in /var/www/html/laptop-loans/app/Views/handovers/entrega.php on line 15
[2026-02-23 08:29:01] ERROR   PHP error: htmlspecialchars(): Passing null to parameter #1 ($string) of type string is deprecated in /var/www/html/laptop-loans/app/Views/handovers/entrega.php:15 {"msg":"htmlspecialchars(): Passing null to parameter #1 ($string) of type string is deprecated","file":"/var/www/html/laptop-loans/app/Views/handovers/entrega.php","line":15,"severity":8192}
[23-Feb-2026 08:29:01 UTC] PHP Deprecated:  htmlspecialchars(): Passing null to parameter #1 ($string) of type string is deprecated in /var/www/html/laptop-loans/app/Views/handovers/entrega.php on line 15
[2026-02-23 08:29:01] ERROR   PHP error: htmlspecialchars(): Passing null to parameter #1 ($string) of type string is deprecated in /var/www/html/laptop-loans/app/Views/handovers/entrega.php:15 {"msg":"htmlspecialchars(): Passing null to parameter #1 ($string) of type string is deprecated","file":"/var/www/html/laptop-loans/app/Views/handovers/entrega.php","line":15,"severity":8192}
[23-Feb-2026 08:29:01 UTC] PHP Deprecated:  htmlspecialchars(): Passing null to parameter #1 ($string) of type string is deprecated in /var/www/html/laptop-loans/app/Views/handovers/entrega.php on line 15
[2026-02-23 08:29:01] ERROR   PHP error: htmlspecialchars(): Passing null to parameter #1 ($string) of type string is deprecated in /var/www/html/laptop-loans/app/Views/handovers/entrega.php:15 {"msg":"htmlspecialchars(): Passing null to parameter #1 ($string) of type string is deprecated","file":"/var/www/html/laptop-loans/app/Views/handovers/entrega.php","line":15,"severity":8192}
[23-Feb-2026 08:29:01 UTC] PHP Deprecated:  htmlspecialchars(): Passing null to parameter #1 ($string) of type string is deprecated in /var/www/html/laptop-loans/app/Views/handovers/entrega.php on line 15
[2026-02-23 08:29:01] ERROR   PHP error: htmlspecialchars(): Passing null to parameter #1 ($string) of type string is deprecated in /var/www/html/laptop-loans/app/Views/handovers/entrega.php:15 {"msg":"htmlspecialchars(): Passing null to parameter #1 ($string) of type string is deprecated","file":"/var/www/html/laptop-loans/app/Views/handovers/entrega.php","line":15,"severity":8192}
[23-Feb-2026 08:29:01 UTC] PHP Deprecated:  htmlspecialchars(): Passing null to parameter #1 ($string) of type string is deprecated in /var/www/html/laptop-loans/app/Views/handovers/entrega.php on line 15
[2026-02-23 08:29:01] ERROR   PHP error: htmlspecialchars(): Passing null to parameter #1 ($string) of type string is deprecated in /var/www/html/laptop-loans/app/Views/handovers/entrega.php:15 {"msg":"htmlspecialchars(): Passing null to parameter #1 ($string) of type string is deprecated","file":"/var/www/html/laptop-loans/app/Views/handovers/entrega.php","line":15,"severity":8192}
[23-Feb-2026 08:29:01 UTC] PHP Deprecated:  htmlspecialchars(): Passing null to parameter #1 ($string) of type string is deprecated in /var/www/html/laptop-loans/app/Views/handovers/entrega.php on line 15
[2026-02-23 08:29:01] ERROR   PHP error: htmlspecialchars(): Passing null to parameter #1 ($string) of type string is deprecated in /var/www/html/laptop-loans/app/Views/handovers/entrega.php:15 {"msg":"htmlspecialchars(): Passing null to parameter #1 ($string) of type string is deprecated","file":"/var/www/html/laptop-loans/app/Views/handovers/entrega.php","line":15,"severity":8192}
[23-Feb-2026 08:29:01 UTC] PHP Deprecated:  htmlspecialchars(): Passing null to parameter #1 ($string) of type string is deprecated in /var/www/html/laptop-loans/app/Views/handovers/entrega.php on line 15
[2026-02-23 08:29:01] ERROR   PHP error: htmlspecialchars(): Passing null to parameter #1 ($string) of type string is deprecated in /var/www/html/laptop-loans/app/Views/handovers/entrega.php:15 {"msg":"htmlspecialchars(): Passing null to parameter #1 ($string) of type string is deprecated","file":"/var/www/html/laptop-loans/app/Views/handovers/entrega.php","line":15,"severity":8192}
[23-Feb-2026 08:29:01 UTC] PHP Deprecated:  htmlspecialchars(): Passing null to parameter #1 ($string) of type string is deprecated in /var/www/html/laptop-loans/app/Views/handovers/entrega.php on line 15
[2026-02-23 08:29:01] ERROR   PHP error: htmlspecialchars(): Passing null to parameter #1 ($string) of type string is deprecated in /var/www/html/laptop-loans/app/Views/handovers/entrega.php:15 {"msg":"htmlspecialchars(): Passing null to parameter #1 ($string) of type string is deprecated","file":"/var/www/html/laptop-loans/app/Views/handovers/entrega.php","line":15,"severity":8192}
[23-Feb-2026 08:29:01 UTC] PHP Deprecated:  htmlspecialchars(): Passing null to parameter #1 ($string) of type string is deprecated in /var/www/html/laptop-loans/app/Views/handovers/entrega.php on line 15
[2026-02-23 08:29:01] ERROR   PHP error: htmlspecialchars(): Passing null to parameter #1 ($string) of type string is deprecated in /var/www/html/laptop-loans/app/Views/handovers/entrega.php:15 {"msg":"htmlspecialchars(): Passing null to parameter #1 ($string) of type string is deprecated","file":"/var/www/html/laptop-loans/app/Views/handovers/entrega.php","line":15,"severity":8192}
[23-Feb-2026 08:29:01 UTC] PHP Deprecated:  htmlspecialchars(): Passing null to parameter #1 ($string) of type string is deprecated in /var/www/html/laptop-loans/app/Views/handovers/entrega.php on line 15
[2026-02-23 08:29:01] ERROR   PHP error: htmlspecialchars(): Passing null to parameter #1 ($string) of type string is deprecated in /var/www/html/laptop-loans/app/Views/handovers/entrega.php:15 {"msg":"htmlspecialchars(): Passing null to parameter #1 ($string) of type string is deprecated","file":"/var/www/html/laptop-loans/app/Views/handovers/entrega.php","line":15,"severity":8192}
[23-Feb-2026 08:29:01 UTC] PHP Deprecated:  htmlspecialchars(): Passing null to parameter #1 ($string) of type string is deprecated in /var/www/html/laptop-loans/app/Views/handovers/entrega.php on line 15
[2026-02-23 08:29:01] ERROR   PHP error: htmlspecialchars(): Passing null to parameter #1 ($string) of type string is deprecated in /var/www/html/laptop-loans/app/Views/handovers/entrega.php:15 {"msg":"htmlspecialchars(): Passing null to parameter #1 ($string) of type string is deprecated","file":"/var/www/html/laptop-loans/app/Views/handovers/entrega.php","line":15,"severity":8192}
[23-Feb-2026 08:29:01 UTC] PHP Deprecated:  htmlspecialchars(): Passing null to parameter #1 ($string) of type string is deprecated in /var/www/html/laptop-loans/app/Views/handovers/entrega.php on line 15
[2026-02-23 08:29:01] ERROR   PHP error: htmlspecialchars(): Passing null to parameter #1 ($string) of type string is deprecated in /var/www/html/laptop-loans/app/Views/handovers/entrega.php:15 {"msg":"htmlspecialchars(): Passing null to parameter #1 ($string) of type string is deprecated","file":"/var/www/html/laptop-loans/app/Views/handovers/entrega.php","line":15,"severity":8192}
[23-Feb-2026 08:29:01 UTC] PHP Deprecated:  htmlspecialchars(): Passing null to parameter #1 ($string) of type string is deprecated in /var/www/html/laptop-loans/app/Views/handovers/entrega.php on line 15
[2026-02-23 08:29:01] ERROR   PHP error: htmlspecialchars(): Passing null to parameter #1 ($string) of type string is deprecated in /var/www/html/laptop-loans/app/Views/handovers/entrega.php:15 {"msg":"htmlspecialchars(): Passing null to parameter #1 ($string) of type string is deprecated","file":"/var/www/html/laptop-loans/app/Views/handovers/entrega.php","line":15,"severity":8192}
[23-Feb-2026 08:29:01 UTC] PHP Deprecated:  htmlspecialchars(): Passing null to parameter #1 ($string) of type string is deprecated in /var/www/html/laptop-loans/app/Views/handovers/entrega.php on line 15
[2026-02-23 08:29:01] ERROR   PHP error: htmlspecialchars(): Passing null to parameter #1 ($string) of type string is deprecated in /var/www/html/laptop-loans/app/Views/handovers/entrega.php:15 {"msg":"htmlspecialchars(): Passing null to parameter #1 ($string) of type string is deprecated","file":"/var/www/html/laptop-loans/app/Views/handovers/entrega.php","line":15,"severity":8192}
[23-Feb-2026 08:29:01 UTC] PHP Deprecated:  htmlspecialchars(): Passing null to parameter #1 ($string) of type string is deprecated in /var/www/html/laptop-loans/app/Views/handovers/entrega.php on line 15
[2026-02-23 08:29:01] ERROR   PHP error: htmlspecialchars(): Passing null to parameter #1 ($string) of type string is deprecated in /var/www/html/laptop-loans/app/Views/handovers/entrega.php:15 {"msg":"htmlspecialchars(): Passing null to parameter #1 ($string) of type string is deprecated","file":"/var/www/html/laptop-loans/app/Views/handovers/entrega.php","line":15,"severity":8192}
[23-Feb-2026 08:29:01 UTC] PHP Deprecated:  htmlspecialchars(): Passing null to parameter #1 ($string) of type string is deprecated in /var/www/html/laptop-loans/app/Views/handovers/entrega.php on line 15
[2026-02-23 08:29:01] ERROR   PHP error: htmlspecialchars(): Passing null to parameter #1 ($string) of type string is deprecated in /var/www/html/laptop-loans/app/Views/handovers/entrega.php:15 {"msg":"htmlspecialchars(): Passing null to parameter #1 ($string) of type string is deprecated","file":"/var/www/html/laptop-loans/app/Views/handovers/entrega.php","line":15,"severity":8192}
[23-Feb-2026 08:29:01 UTC] PHP Deprecated:  htmlspecialchars(): Passing null to parameter #1 ($string) of type string is deprecated in /var/www/html/laptop-loans/app/Views/handovers/entrega.php on line 15
[2026-02-23 08:29:01] ERROR   PHP error: htmlspecialchars(): Passing null to parameter #1 ($string) of type string is deprecated in /var/www/html/laptop-loans/app/Views/handovers/entrega.php:15 {"msg":"htmlspecialchars(): Passing null to parameter #1 ($string) of type string is deprecated","file":"/var/www/html/laptop-loans/app/Views/handovers/entrega.php","line":15,"severity":8192}
[23-Feb-2026 08:29:01 UTC] PHP Deprecated:  htmlspecialchars(): Passing null to parameter #1 ($string) of type string is deprecated in /var/www/html/laptop-loans/app/Views/handovers/entrega.php on line 15
[2026-02-23 08:29:01] ERROR   PHP error: htmlspecialchars(): Passing null to parameter #1 ($string) of type string is deprecated in /var/www/html/laptop-loans/app/Views/handovers/entrega.php:15 {"msg":"htmlspecialchars(): Passing null to parameter #1 ($string) of type string is deprecated","file":"/var/www/html/laptop-loans/app/Views/handovers/entrega.php","line":15,"severity":8192}
[23-Feb-2026 08:29:01 UTC] PHP Deprecated:  htmlspecialchars(): Passing null to parameter #1 ($string) of type string is deprecated in /var/www/html/laptop-loans/app/Views/handovers/entrega.php on line 15
[2026-02-23 08:29:01] ERROR   PHP error: htmlspecialchars(): Passing null to parameter #1 ($string) of type string is deprecated in /var/www/html/laptop-loans/app/Views/handovers/entrega.php:15 {"msg":"htmlspecialchars(): Passing null to parameter #1 ($string) of type string is deprecated","file":"/var/www/html/laptop-loans/app/Views/handovers/entrega.php","line":15,"severity":8192}
[23-Feb-2026 08:29:01 UTC] PHP Deprecated:  htmlspecialchars(): Passing null to parameter #1 ($string) of type string is deprecated in /var/www/html/laptop-loans/app/Views/handovers/entrega.php on line 15
[2026-02-23 08:29:01] ERROR   PHP error: htmlspecialchars(): Passing null to parameter #1 ($string) of type string is deprecated in /var/www/html/laptop-loans/app/Views/handovers/entrega.php:15 {"msg":"htmlspecialchars(): Passing null to parameter #1 ($string) of type string is deprecated","file":"/var/www/html/laptop-loans/app/Views/handovers/entrega.php","line":15,"severity":8192}
[23-Feb-2026 08:29:01 UTC] PHP Deprecated:  htmlspecialchars(): Passing null to parameter #1 ($string) of type string is deprecated in /var/www/html/laptop-loans/app/Views/handovers/entrega.php on line 15
[2026-02-23 08:29:01] ERROR   PHP error: htmlspecialchars(): Passing null to parameter #1 ($string) of type string is deprecated in /var/www/html/laptop-loans/app/Views/handovers/entrega.php:15 {"msg":"htmlspecialchars(): Passing null to parameter #1 ($string) of type string is deprecated","file":"/var/www/html/laptop-loans/app/Views/handovers/entrega.php","line":15,"severity":8192}
[23-Feb-2026 08:29:01 UTC] PHP Deprecated:  htmlspecialchars(): Passing null to parameter #1 ($string) of type string is deprecated in /var/www/html/laptop-loans/app/Views/handovers/entrega.php on line 15
[2026-02-23 08:29:01] ERROR   PHP error: htmlspecialchars(): Passing null to parameter #1 ($string) of type string is deprecated in /var/www/html/laptop-loans/app/Views/handovers/entrega.php:15 {"msg":"htmlspecialchars(): Passing null to parameter #1 ($string) of type string is deprecated","file":"/var/www/html/laptop-loans/app/Views/handovers/entrega.php","line":15,"severity":8192}
[23-Feb-2026 08:29:01 UTC] PHP Deprecated:  htmlspecialchars(): Passing null to parameter #1 ($string) of type string is deprecated in /var/www/html/laptop-loans/app/Views/handovers/entrega.php on line 15
[2026-02-23 08:29:01] ERROR   PHP error: htmlspecialchars(): Passing null to parameter #1 ($string) of type string is deprecated in /var/www/html/laptop-loans/app/Views/handovers/entrega.php:15 {"msg":"htmlspecialchars(): Passing null to parameter #1 ($string) of type string is deprecated","file":"/var/www/html/laptop-loans/app/Views/handovers/entrega.php","line":15,"severity":8192}
[23-Feb-2026 08:29:01 UTC] PHP Deprecated:  htmlspecialchars(): Passing null to parameter #1 ($string) of type string is deprecated in /var/www/html/laptop-loans/app/Views/handovers/entrega.php on line 15
[2026-02-23 08:29:01] ERROR   PHP error: htmlspecialchars(): Passing null to parameter #1 ($string) of type string is deprecated in /var/www/html/laptop-loans/app/Views/handovers/entrega.php:15 {"msg":"htmlspecialchars(): Passing null to parameter #1 ($string) of type string is deprecated","file":"/var/www/html/laptop-loans/app/Views/handovers/entrega.php","line":15,"severity":8192}
[23-Feb-2026 08:29:01 UTC] PHP Deprecated:  htmlspecialchars(): Passing null to parameter #1 ($string) of type string is deprecated in /var/www/html/laptop-loans/app/Views/handovers/entrega.php on line 15
[2026-02-23 08:29:01] ERROR   PHP error: htmlspecialchars(): Passing null to parameter #1 ($string) of type string is deprecated in /var/www/html/laptop-loans/app/Views/handovers/entrega.php:15 {"msg":"htmlspecialchars(): Passing null to parameter #1 ($string) of type string is deprecated","file":"/var/www/html/laptop-loans/app/Views/handovers/entrega.php","line":15,"severity":8192}
[23-Feb-2026 08:29:01 UTC] PHP Deprecated:  htmlspecialchars(): Passing null to parameter #1 ($string) of type string is deprecated in /var/www/html/laptop-loans/app/Views/handovers/entrega.php on line 15
[2026-02-23 08:29:01] ERROR   PHP error: htmlspecialchars(): Passing null to parameter #1 ($string) of type string is deprecated in /var/www/html/laptop-loans/app/Views/handovers/entrega.php:15 {"msg":"htmlspecialchars(): Passing null to parameter #1 ($string) of type string is deprecated","file":"/var/www/html/laptop-loans/app/Views/handovers/entrega.php","line":15,"severity":8192}
[23-Feb-2026 08:29:01 UTC] PHP Deprecated:  htmlspecialchars(): Passing null to parameter #1 ($string) of type string is deprecated in /var/www/html/laptop-loans/app/Views/handovers/entrega.php on line 15
[2026-02-23 08:29:01] ERROR   PHP error: htmlspecialchars(): Passing null to parameter #1 ($string) of type string is deprecated in /var/www/html/laptop-loans/app/Views/handovers/entrega.php:15 {"msg":"htmlspecialchars(): Passing null to parameter #1 ($string) of type string is deprecated","file":"/var/www/html/laptop-loans/app/Views/handovers/entrega.php","line":15,"severity":8192}
[23-Feb-2026 08:29:01 UTC] PHP Deprecated:  htmlspecialchars(): Passing null to parameter #1 ($string) of type string is deprecated in /var/www/html/laptop-loans/app/Views/handovers/entrega.php on line 15
[2026-02-23 08:29:01] ERROR   PHP error: htmlspecialchars(): Passing null to parameter #1 ($string) of type string is deprecated in /var/www/html/laptop-loans/app/Views/handovers/entrega.php:15 {"msg":"htmlspecialchars(): Passing null to parameter #1 ($string) of type string is deprecated","file":"/var/www/html/laptop-loans/app/Views/handovers/entrega.php","line":15,"severity":8192}
[23-Feb-2026 08:29:01 UTC] PHP Deprecated:  htmlspecialchars(): Passing null to parameter #1 ($string) of type string is deprecated in /var/www/html/laptop-loans/app/Views/handovers/entrega.php on line 15
[2026-02-23 08:29:01] ERROR   PHP error: htmlspecialchars(): Passing null to parameter #1 ($string) of type string is deprecated in /var/www/html/laptop-loans/app/Views/handovers/entrega.php:15 {"msg":"htmlspecialchars(): Passing null to parameter #1 ($string) of type string is deprecated","file":"/var/www/html/laptop-loans/app/Views/handovers/entrega.php","line":15,"severity":8192}
[23-Feb-2026 08:29:01 UTC] PHP Deprecated:  htmlspecialchars(): Passing null to parameter #1 ($string) of type string is deprecated in /var/www/html/laptop-loans/app/Views/handovers/entrega.php on line 15
[2026-02-23 08:29:01] ERROR   PHP error: htmlspecialchars(): Passing null to parameter #1 ($string) of type string is deprecated in /var/www/html/laptop-loans/app/Views/handovers/entrega.php:15 {"msg":"htmlspecialchars(): Passing null to parameter #1 ($string) of type string is deprecated","file":"/var/www/html/laptop-loans/app/Views/handovers/entrega.php","line":15,"severity":8192}
[23-Feb-2026 08:29:01 UTC] PHP Deprecated:  htmlspecialchars(): Passing null to parameter #1 ($string) of type string is deprecated in /var/www/html/laptop-loans/app/Views/handovers/entrega.php on line 15
[2026-02-23 08:29:01] ERROR   PHP error: htmlspecialchars(): Passing null to parameter #1 ($string) of type string is deprecated in /var/www/html/laptop-loans/app/Views/handovers/entrega.php:15 {"msg":"htmlspecialchars(): Passing null to parameter #1 ($string) of type string is deprecated","file":"/var/www/html/laptop-loans/app/Views/handovers/entrega.php","line":15,"severity":8192}
[23-Feb-2026 08:29:01 UTC] PHP Deprecated:  htmlspecialchars(): Passing null to parameter #1 ($string) of type string is deprecated in /var/www/html/laptop-loans/app/Views/handovers/entrega.php on line 15
[2026-02-23 08:29:01] ERROR   PHP error: htmlspecialchars(): Passing null to parameter #1 ($string) of type string is deprecated in /var/www/html/laptop-loans/app/Views/handovers/entrega.php:15 {"msg":"htmlspecialchars(): Passing null to parameter #1 ($string) of type string is deprecated","file":"/var/www/html/laptop-loans/app/Views/handovers/entrega.php","line":15,"severity":8192}
[23-Feb-2026 08:29:01 UTC] PHP Deprecated:  htmlspecialchars(): Passing null to parameter #1 ($string) of type string is deprecated in /var/www/html/laptop-loans/app/Views/handovers/entrega.php on line 15
[2026-02-23 08:29:01] ERROR   PHP error: htmlspecialchars(): Passing null to parameter #1 ($string) of type string is deprecated in /var/www/html/laptop-loans/app/Views/handovers/entrega.php:15 {"msg":"htmlspecialchars(): Passing null to parameter #1 ($string) of type string is deprecated","file":"/var/www/html/laptop-loans/app/Views/handovers/entrega.php","line":15,"severity":8192}
[23-Feb-2026 08:29:01 UTC] PHP Deprecated:  htmlspecialchars(): Passing null to parameter #1 ($string) of type string is deprecated in /var/www/html/laptop-loans/app/Views/handovers/entrega.php on line 15
[2026-02-23 08:29:01] ERROR   PHP error: htmlspecialchars(): Passing null to parameter #1 ($string) of type string is deprecated in /var/www/html/laptop-loans/app/Views/handovers/entrega.php:15 {"msg":"htmlspecialchars(): Passing null to parameter #1 ($string) of type string is deprecated","file":"/var/www/html/laptop-loans/app/Views/handovers/entrega.php","line":15,"severity":8192}
[23-Feb-2026 08:29:01 UTC] PHP Deprecated:  htmlspecialchars(): Passing null to parameter #1 ($string) of type string is deprecated in /var/www/html/laptop-loans/app/Views/handovers/entrega.php on line 15
[2026-02-23 08:29:01] ERROR   PHP error: htmlspecialchars(): Passing null to parameter #1 ($string) of type string is deprecated in /var/www/html/laptop-loans/app/Views/handovers/entrega.php:15 {"msg":"htmlspecialchars(): Passing null to parameter #1 ($string) of type string is deprecated","file":"/var/www/html/laptop-loans/app/Views/handovers/entrega.php","line":15,"severity":8192}
[23-Feb-2026 08:29:01 UTC] PHP Deprecated:  htmlspecialchars(): Passing null to parameter #1 ($string) of type string is deprecated in /var/www/html/laptop-loans/app/Views/handovers/entrega.php on line 15
[2026-02-23 08:29:01] ERROR   PHP error: htmlspecialchars(): Passing null to parameter #1 ($string) of type string is deprecated in /var/www/html/laptop-loans/app/Views/handovers/entrega.php:15 {"msg":"htmlspecialchars(): Passing null to parameter #1 ($string) of type string is deprecated","file":"/var/www/html/laptop-loans/app/Views/handovers/entrega.php","line":15,"severity":8192}
[23-Feb-2026 08:29:01 UTC] PHP Deprecated:  htmlspecialchars(): Passing null to parameter #1 ($string) of type string is deprecated in /var/www/html/laptop-loans/app/Views/handovers/entrega.php on line 15
[2026-02-23 08:29:01] ERROR   PHP error: htmlspecialchars(): Passing null to parameter #1 ($string) of type string is deprecated in /var/www/html/laptop-loans/app/Views/handovers/entrega.php:15 {"msg":"htmlspecialchars(): Passing null to parameter #1 ($string) of type string is deprecated","file":"/var/www/html/laptop-loans/app/Views/handovers/entrega.php","line":15,"severity":8192}
[23-Feb-2026 08:29:01 UTC] PHP Deprecated:  htmlspecialchars(): Passing null to parameter #1 ($string) of type string is deprecated in /var/www/html/laptop-loans/app/Views/handovers/entrega.php on line 15
[2026-02-23 08:29:01] ERROR   PHP error: htmlspecialchars(): Passing null to parameter #1 ($string) of type string is deprecated in /var/www/html/laptop-loans/app/Views/handovers/entrega.php:15 {"msg":"htmlspecialchars(): Passing null to parameter #1 ($string) of type string is deprecated","file":"/var/www/html/laptop-loans/app/Views/handovers/entrega.php","line":15,"severity":8192}
[23-Feb-2026 08:29:01 UTC] PHP Deprecated:  htmlspecialchars(): Passing null to parameter #1 ($string) of type string is deprecated in /var/www/html/laptop-loans/app/Views/handovers/entrega.php on line 15
[2026-02-23 08:29:01] ERROR   PHP error: htmlspecialchars(): Passing null to parameter #1 ($string) of type string is deprecated in /var/www/html/laptop-loans/app/Views/handovers/entrega.php:15 {"msg":"htmlspecialchars(): Passing null to parameter #1 ($string) of type string is deprecated","file":"/var/www/html/laptop-loans/app/Views/handovers/entrega.php","line":15,"severity":8192}
[23-Feb-2026 08:29:01 UTC] PHP Deprecated:  htmlspecialchars(): Passing null to parameter #1 ($string) of type string is deprecated in /var/www/html/laptop-loans/app/Views/handovers/entrega.php on line 15
[2026-02-23 08:29:01] ERROR   PHP error: htmlspecialchars(): Passing null to parameter #1 ($string) of type string is deprecated in /var/www/html/laptop-loans/app/Views/handovers/entrega.php:15 {"msg":"htmlspecialchars(): Passing null to parameter #1 ($string) of type string is deprecated","file":"/var/www/html/laptop-loans/app/Views/handovers/entrega.php","line":15,"severity":8192}
[23-Feb-2026 08:29:01 UTC] PHP Deprecated:  htmlspecialchars(): Passing null to parameter #1 ($string) of type string is deprecated in /var/www/html/laptop-loans/app/Views/handovers/entrega.php on line 15
[2026-02-23 08:29:01] ERROR   PHP error: htmlspecialchars(): Passing null to parameter #1 ($string) of type string is deprecated in /var/www/html/laptop-loans/app/Views/handovers/entrega.php:15 {"msg":"htmlspecialchars(): Passing null to parameter #1 ($string) of type string is deprecated","file":"/var/www/html/laptop-loans/app/Views/handovers/entrega.php","line":15,"severity":8192}
[23-Feb-2026 08:29:01 UTC] PHP Deprecated:  htmlspecialchars(): Passing null to parameter #1 ($string) of type string is deprecated in /var/www/html/laptop-loans/app/Views/handovers/entrega.php on line 15
[2026-02-23 08:29:01] ERROR   PHP error: htmlspecialchars(): Passing null to parameter #1 ($string) of type string is deprecated in /var/www/html/laptop-loans/app/Views/handovers/entrega.php:15 {"msg":"htmlspecialchars(): Passing null to parameter #1 ($string) of type string is deprecated","file":"/var/www/html/laptop-loans/app/Views/handovers/entrega.php","line":15,"severity":8192}
[23-Feb-2026 08:29:01 UTC] PHP Deprecated:  htmlspecialchars(): Passing null to parameter #1 ($string) of type string is deprecated in /var/www/html/laptop-loans/app/Views/handovers/entrega.php on line 15
[2026-02-23 08:29:01] ERROR   PHP error: htmlspecialchars(): Passing null to parameter #1 ($string) of type string is deprecated in /var/www/html/laptop-loans/app/Views/handovers/entrega.php:15 {"msg":"htmlspecialchars(): Passing null to parameter #1 ($string) of type string is deprecated","file":"/var/www/html/laptop-loans/app/Views/handovers/entrega.php","line":15,"severity":8192}
[23-Feb-2026 08:29:01 UTC] PHP Deprecated:  htmlspecialchars(): Passing null to parameter #1 ($string) of type string is deprecated in /var/www/html/laptop-loans/app/Views/handovers/entrega.php on line 15
[2026-02-23 08:29:01] ERROR   PHP error: htmlspecialchars(): Passing null to parameter #1 ($string) of type string is deprecated in /var/www/html/laptop-loans/app/Views/handovers/entrega.php:15 {"msg":"htmlspecialchars(): Passing null to parameter #1 ($string) of type string is deprecated","file":"/var/www/html/laptop-loans/app/Views/handovers/entrega.php","line":15,"severity":8192}
[23-Feb-2026 08:29:01 UTC] PHP Deprecated:  htmlspecialchars(): Passing null to parameter #1 ($string) of type string is deprecated in /var/www/html/laptop-loans/app/Views/handovers/entrega.php on line 15
[2026-02-23 08:29:01] ERROR   PHP error: htmlspecialchars(): Passing null to parameter #1 ($string) of type string is deprecated in /var/www/html/laptop-loans/app/Views/handovers/entrega.php:15 {"msg":"htmlspecialchars(): Passing null to parameter #1 ($string) of type string is deprecated","file":"/var/www/html/laptop-loans/app/Views/handovers/entrega.php","line":15,"severity":8192}
[23-Feb-2026 08:29:01 UTC] PHP Deprecated:  htmlspecialchars(): Passing null to parameter #1 ($string) of type string is deprecated in /var/www/html/laptop-loans/app/Views/handovers/entrega.php on line 15
[2026-02-23 08:29:01] ERROR   PHP error: htmlspecialchars(): Passing null to parameter #1 ($string) of type string is deprecated in /var/www/html/laptop-loans/app/Views/handovers/entrega.php:15 {"msg":"htmlspecialchars(): Passing null to parameter #1 ($string) of type string is deprecated","file":"/var/www/html/laptop-loans/app/Views/handovers/entrega.php","line":15,"severity":8192}
[23-Feb-2026 08:29:01 UTC] PHP Deprecated:  htmlspecialchars(): Passing null to parameter #1 ($string) of type string is deprecated in /var/www/html/laptop-loans/app/Views/handovers/entrega.php on line 15
[2026-02-23 08:29:01] ERROR   PHP error: htmlspecialchars(): Passing null to parameter #1 ($string) of type string is deprecated in /var/www/html/laptop-loans/app/Views/handovers/entrega.php:15 {"msg":"htmlspecialchars(): Passing null to parameter #1 ($string) of type string is deprecated","file":"/var/www/html/laptop-loans/app/Views/handovers/entrega.php","line":15,"severity":8192}
[23-Feb-2026 08:29:01 UTC] PHP Deprecated:  htmlspecialchars(): Passing null to parameter #1 ($string) of type string is deprecated in /var/www/html/laptop-loans/app/Views/handovers/entrega.php on line 15
[2026-02-23 08:29:01] ERROR   PHP error: htmlspecialchars(): Passing null to parameter #1 ($string) of type string is deprecated in /var/www/html/laptop-loans/app/Views/handovers/entrega.php:15 {"msg":"htmlspecialchars(): Passing null to parameter #1 ($string) of type string is deprecated","file":"/var/www/html/laptop-loans/app/Views/handovers/entrega.php","line":15,"severity":8192}
[23-Feb-2026 08:29:01 UTC] PHP Deprecated:  htmlspecialchars(): Passing null to parameter #1 ($string) of type string is deprecated in /var/www/html/laptop-loans/app/Views/handovers/entrega.php on line 15
[2026-02-23 08:29:01] ERROR   PHP error: htmlspecialchars(): Passing null to parameter #1 ($string) of type string is deprecated in /var/www/html/laptop-loans/app/Views/handovers/entrega.php:15 {"msg":"htmlspecialchars(): Passing null to parameter #1 ($string) of type string is deprecated","file":"/var/www/html/laptop-loans/app/Views/handovers/entrega.php","line":15,"severity":8192}
[23-Feb-2026 08:29:01 UTC] PHP Deprecated:  htmlspecialchars(): Passing null to parameter #1 ($string) of type string is deprecated in /var/www/html/laptop-loans/app/Views/handovers/entrega.php on line 15
[2026-02-23 08:29:01] ERROR   PHP error: htmlspecialchars(): Passing null to parameter #1 ($string) of type string is deprecated in /var/www/html/laptop-loans/app/Views/handovers/entrega.php:15 {"msg":"htmlspecialchars(): Passing null to parameter #1 ($string) of type string is deprecated","file":"/var/www/html/laptop-loans/app/Views/handovers/entrega.php","line":15,"severity":8192}
[23-Feb-2026 08:29:01 UTC] PHP Deprecated:  htmlspecialchars(): Passing null to parameter #1 ($string) of type string is deprecated in /var/www/html/laptop-loans/app/Views/handovers/entrega.php on line 15
[2026-02-23 08:29:01] ERROR   PHP error: htmlspecialchars(): Passing null to parameter #1 ($string) of type string is deprecated in /var/www/html/laptop-loans/app/Views/handovers/entrega.php:15 {"msg":"htmlspecialchars(): Passing null to parameter #1 ($string) of type string is deprecated","file":"/var/www/html/laptop-loans/app/Views/handovers/entrega.php","line":15,"severity":8192}
[23-Feb-2026 08:29:01 UTC] PHP Deprecated:  htmlspecialchars(): Passing null to parameter #1 ($string) of type string is deprecated in /var/www/html/laptop-loans/app/Views/handovers/entrega.php on line 15
[2026-02-23 08:29:01] ERROR   PHP error: htmlspecialchars(): Passing null to parameter #1 ($string) of type string is deprecated in /var/www/html/laptop-loans/app/Views/handovers/entrega.php:15 {"msg":"htmlspecialchars(): Passing null to parameter #1 ($string) of type string is deprecated","file":"/var/www/html/laptop-loans/app/Views/handovers/entrega.php","line":15,"severity":8192}
[23-Feb-2026 08:29:01 UTC] PHP Deprecated:  htmlspecialchars(): Passing null to parameter #1 ($string) of type string is deprecated in /var/www/html/laptop-loans/app/Views/handovers/entrega.php on line 15
[2026-02-23 08:29:01] ERROR   PHP error: htmlspecialchars(): Passing null to parameter #1 ($string) of type string is deprecated in /var/www/html/laptop-loans/app/Views/handovers/entrega.php:15 {"msg":"htmlspecialchars(): Passing null to parameter #1 ($string) of type string is deprecated","file":"/var/www/html/laptop-loans/app/Views/handovers/entrega.php","line":15,"severity":8192}
[23-Feb-2026 08:29:01 UTC] PHP Deprecated:  htmlspecialchars(): Passing null to parameter #1 ($string) of type string is deprecated in /var/www/html/laptop-loans/app/Views/handovers/entrega.php on line 15
[2026-02-23 08:29:01] ERROR   PHP error: htmlspecialchars(): Passing null to parameter #1 ($string) of type string is deprecated in /var/www/html/laptop-loans/app/Views/handovers/entrega.php:15 {"msg":"htmlspecialchars(): Passing null to parameter #1 ($string) of type string is deprecated","file":"/var/www/html/laptop-loans/app/Views/handovers/entrega.php","line":15,"severity":8192}
[23-Feb-2026 08:29:01 UTC] PHP Deprecated:  htmlspecialchars(): Passing null to parameter #1 ($string) of type string is deprecated in /var/www/html/laptop-loans/app/Views/handovers/entrega.php on line 15
[2026-02-23 08:29:01] ERROR   PHP error: htmlspecialchars(): Passing null to parameter #1 ($string) of type string is deprecated in /var/www/html/laptop-loans/app/Views/handovers/entrega.php:15 {"msg":"htmlspecialchars(): Passing null to parameter #1 ($string) of type string is deprecated","file":"/var/www/html/laptop-loans/app/Views/handovers/entrega.php","line":15,"severity":8192}
[23-Feb-2026 08:29:01 UTC] PHP Deprecated:  htmlspecialchars(): Passing null to parameter #1 ($string) of type string is deprecated in /var/www/html/laptop-loans/app/Views/handovers/entrega.php on line 15
[2026-02-23 08:29:01] ERROR   PHP error: htmlspecialchars(): Passing null to parameter #1 ($string) of type string is deprecated in /var/www/html/laptop-loans/app/Views/handovers/entrega.php:15 {"msg":"htmlspecialchars(): Passing null to parameter #1 ($string) of type string is deprecated","file":"/var/www/html/laptop-loans/app/Views/handovers/entrega.php","line":15,"severity":8192}
[23-Feb-2026 08:29:01 UTC] PHP Deprecated:  htmlspecialchars(): Passing null to parameter #1 ($string) of type string is deprecated in /var/www/html/laptop-loans/app/Views/handovers/entrega.php on line 15
[2026-02-23 08:29:01] ERROR   PHP error: htmlspecialchars(): Passing null to parameter #1 ($string) of type string is deprecated in /var/www/html/laptop-loans/app/Views/handovers/entrega.php:15 {"msg":"htmlspecialchars(): Passing null to parameter #1 ($string) of type string is deprecated","file":"/var/www/html/laptop-loans/app/Views/handovers/entrega.php","line":15,"severity":8192}
[23-Feb-2026 08:29:01 UTC] PHP Deprecated:  htmlspecialchars(): Passing null to parameter #1 ($string) of type string is deprecated in /var/www/html/laptop-loans/app/Views/handovers/entrega.php on line 15
[2026-02-23 08:29:01] ERROR   PHP error: htmlspecialchars(): Passing null to parameter #1 ($string) of type string is deprecated in /var/www/html/laptop-loans/app/Views/handovers/entrega.php:15 {"msg":"htmlspecialchars(): Passing null to parameter #1 ($string) of type string is deprecated","file":"/var/www/html/laptop-loans/app/Views/handovers/entrega.php","line":15,"severity":8192}
[23-Feb-2026 08:29:01 UTC] PHP Deprecated:  htmlspecialchars(): Passing null to parameter #1 ($string) of type string is deprecated in /var/www/html/laptop-loans/app/Views/handovers/entrega.php on line 15
[2026-02-23 08:29:01] ERROR   PHP error: htmlspecialchars(): Passing null to parameter #1 ($string) of type string is deprecated in /var/www/html/laptop-loans/app/Views/handovers/entrega.php:15 {"msg":"htmlspecialchars(): Passing null to parameter #1 ($string) of type string is deprecated","file":"/var/www/html/laptop-loans/app/Views/handovers/entrega.php","line":15,"severity":8192}
[23-Feb-2026 08:29:01 UTC] PHP Deprecated:  htmlspecialchars(): Passing null to parameter #1 ($string) of type string is deprecated in /var/www/html/laptop-loans/app/Views/handovers/entrega.php on line 15
[2026-02-23 08:29:01] ERROR   PHP error: htmlspecialchars(): Passing null to parameter #1 ($string) of type string is deprecated in /var/www/html/laptop-loans/app/Views/handovers/entrega.php:15 {"msg":"htmlspecialchars(): Passing null to parameter #1 ($string) of type string is deprecated","file":"/var/www/html/laptop-loans/app/Views/handovers/entrega.php","line":15,"severity":8192}
[23-Feb-2026 08:29:01 UTC] PHP Deprecated:  htmlspecialchars(): Passing null to parameter #1 ($string) of type string is deprecated in /var/www/html/laptop-loans/app/Views/handovers/entrega.php on line 15
[2026-02-23 08:29:01] ERROR   PHP error: htmlspecialchars(): Passing null to parameter #1 ($string) of type string is deprecated in /var/www/html/laptop-loans/app/Views/handovers/entrega.php:15 {"msg":"htmlspecialchars(): Passing null to parameter #1 ($string) of type string is deprecated","file":"/var/www/html/laptop-loans/app/Views/handovers/entrega.php","line":15,"severity":8192}
[23-Feb-2026 08:29:01 UTC] PHP Deprecated:  htmlspecialchars(): Passing null to parameter #1 ($string) of type string is deprecated in /var/www/html/laptop-loans/app/Views/handovers/entrega.php on line 15
[2026-02-23 08:29:01] ERROR   PHP error: htmlspecialchars(): Passing null to parameter #1 ($string) of type string is deprecated in /var/www/html/laptop-loans/app/Views/handovers/entrega.php:15 {"msg":"htmlspecialchars(): Passing null to parameter #1 ($string) of type string is deprecated","file":"/var/www/html/laptop-loans/app/Views/handovers/entrega.php","line":15,"severity":8192}
[23-Feb-2026 08:29:01 UTC] PHP Deprecated:  htmlspecialchars(): Passing null to parameter #1 ($string) of type string is deprecated in /var/www/html/laptop-loans/app/Views/handovers/entrega.php on line 15
[2026-02-23 08:29:01] ERROR   PHP error: htmlspecialchars(): Passing null to parameter #1 ($string) of type string is deprecated in /var/www/html/laptop-loans/app/Views/handovers/entrega.php:15 {"msg":"htmlspecialchars(): Passing null to parameter #1 ($string) of type string is deprecated","file":"/var/www/html/laptop-loans/app/Views/handovers/entrega.php","line":15,"severity":8192}
[23-Feb-2026 08:29:01 UTC] PHP Deprecated:  htmlspecialchars(): Passing null to parameter #1 ($string) of type string is deprecated in /var/www/html/laptop-loans/app/Views/handovers/entrega.php on line 15
[2026-02-23 08:29:01] ERROR   PHP error: htmlspecialchars(): Passing null to parameter #1 ($string) of type string is deprecated in /var/www/html/laptop-loans/app/Views/handovers/entrega.php:15 {"msg":"htmlspecialchars(): Passing null to parameter #1 ($string) of type string is deprecated","file":"/var/www/html/laptop-loans/app/Views/handovers/entrega.php","line":15,"severity":8192}
[23-Feb-2026 08:29:01 UTC] PHP Deprecated:  htmlspecialchars(): Passing null to parameter #1 ($string) of type string is deprecated in /var/www/html/laptop-loans/app/Views/handovers/entrega.php on line 15
[2026-02-23 08:29:01] ERROR   PHP error: htmlspecialchars(): Passing null to parameter #1 ($string) of type string is deprecated in /var/www/html/laptop-loans/app/Views/handovers/entrega.php:15 {"msg":"htmlspecialchars(): Passing null to parameter #1 ($string) of type string is deprecated","file":"/var/www/html/laptop-loans/app/Views/handovers/entrega.php","line":15,"severity":8192}
[23-Feb-2026 08:29:01 UTC] PHP Deprecated:  htmlspecialchars(): Passing null to parameter #1 ($string) of type string is deprecated in /var/www/html/laptop-loans/app/Views/handovers/entrega.php on line 15
[2026-02-23 08:29:01] ERROR   PHP error: htmlspecialchars(): Passing null to parameter #1 ($string) of type string is deprecated in /var/www/html/laptop-loans/app/Views/handovers/entrega.php:15 {"msg":"htmlspecialchars(): Passing null to parameter #1 ($string) of type string is deprecated","file":"/var/www/html/laptop-loans/app/Views/handovers/entrega.php","line":15,"severity":8192}
[23-Feb-2026 08:29:01 UTC] PHP Deprecated:  htmlspecialchars(): Passing null to parameter #1 ($string) of type string is deprecated in /var/www/html/laptop-loans/app/Views/handovers/entrega.php on line 15
[2026-02-23 08:29:01] ERROR   PHP error: htmlspecialchars(): Passing null to parameter #1 ($string) of type string is deprecated in /var/www/html/laptop-loans/app/Views/handovers/entrega.php:15 {"msg":"htmlspecialchars(): Passing null to parameter #1 ($string) of type string is deprecated","file":"/var/www/html/laptop-loans/app/Views/handovers/entrega.php","line":15,"severity":8192}
[23-Feb-2026 08:29:01 UTC] PHP Deprecated:  htmlspecialchars(): Passing null to parameter #1 ($string) of type string is deprecated in /var/www/html/laptop-loans/app/Views/handovers/entrega.php on line 15
[2026-02-23 08:29:01] ERROR   PHP error: htmlspecialchars(): Passing null to parameter #1 ($string) of type string is deprecated in /var/www/html/laptop-loans/app/Views/handovers/entrega.php:15 {"msg":"htmlspecialchars(): Passing null to parameter #1 ($string) of type string is deprecated","file":"/var/www/html/laptop-loans/app/Views/handovers/entrega.php","line":15,"severity":8192}
[23-Feb-2026 08:29:01 UTC] PHP Deprecated:  htmlspecialchars(): Passing null to parameter #1 ($string) of type string is deprecated in /var/www/html/laptop-loans/app/Views/handovers/entrega.php on line 15
[2026-02-23 08:29:01] ERROR   PHP error: htmlspecialchars(): Passing null to parameter #1 ($string) of type string is deprecated in /var/www/html/laptop-loans/app/Views/handovers/entrega.php:15 {"msg":"htmlspecialchars(): Passing null to parameter #1 ($string) of type string is deprecated","file":"/var/www/html/laptop-loans/app/Views/handovers/entrega.php","line":15,"severity":8192}
[23-Feb-2026 08:29:01 UTC] PHP Deprecated:  htmlspecialchars(): Passing null to parameter #1 ($string) of type string is deprecated in /var/www/html/laptop-loans/app/Views/handovers/entrega.php on line 15
[2026-02-23 08:29:01] ERROR   PHP error: htmlspecialchars(): Passing null to parameter #1 ($string) of type string is deprecated in /var/www/html/laptop-loans/app/Views/handovers/entrega.php:15 {"msg":"htmlspecialchars(): Passing null to parameter #1 ($string) of type string is deprecated","file":"/var/www/html/laptop-loans/app/Views/handovers/entrega.php","line":15,"severity":8192}
[23-Feb-2026 08:29:01 UTC] PHP Deprecated:  htmlspecialchars(): Passing null to parameter #1 ($string) of type string is deprecated in /var/www/html/laptop-loans/app/Views/handovers/entrega.php on line 15
[2026-02-23 08:29:01] ERROR   PHP error: htmlspecialchars(): Passing null to parameter #1 ($string) of type string is deprecated in /var/www/html/laptop-loans/app/Views/handovers/entrega.php:15 {"msg":"htmlspecialchars(): Passing null to parameter #1 ($string) of type string is deprecated","file":"/var/www/html/laptop-loans/app/Views/handovers/entrega.php","line":15,"severity":8192}
[23-Feb-2026 08:29:01 UTC] PHP Deprecated:  htmlspecialchars(): Passing null to parameter #1 ($string) of type string is deprecated in /var/www/html/laptop-loans/app/Views/handovers/entrega.php on line 15
[2026-02-23 08:29:01] ERROR   PHP error: htmlspecialchars(): Passing null to parameter #1 ($string) of type string is deprecated in /var/www/html/laptop-loans/app/Views/handovers/entrega.php:15 {"msg":"htmlspecialchars(): Passing null to parameter #1 ($string) of type string is deprecated","file":"/var/www/html/laptop-loans/app/Views/handovers/entrega.php","line":15,"severity":8192}
[23-Feb-2026 08:29:01 UTC] PHP Deprecated:  htmlspecialchars(): Passing null to parameter #1 ($string) of type string is deprecated in /var/www/html/laptop-loans/app/Views/handovers/entrega.php on line 15
[2026-02-23 08:29:01] ERROR   PHP error: htmlspecialchars(): Passing null to parameter #1 ($string) of type string is deprecated in /var/www/html/laptop-loans/app/Views/handovers/entrega.php:15 {"msg":"htmlspecialchars(): Passing null to parameter #1 ($string) of type string is deprecated","file":"/var/www/html/laptop-loans/app/Views/handovers/entrega.php","line":15,"severity":8192}
[23-Feb-2026 08:29:01 UTC] PHP Deprecated:  htmlspecialchars(): Passing null to parameter #1 ($string) of type string is deprecated in /var/www/html/laptop-loans/app/Views/handovers/entrega.php on line 15
[2026-02-23 08:29:01] ERROR   PHP error: htmlspecialchars(): Passing null to parameter #1 ($string) of type string is deprecated in /var/www/html/laptop-loans/app/Views/handovers/entrega.php:15 {"msg":"htmlspecialchars(): Passing null to parameter #1 ($string) of type string is deprecated","file":"/var/www/html/laptop-loans/app/Views/handovers/entrega.php","line":15,"severity":8192}
[23-Feb-2026 08:29:01 UTC] PHP Deprecated:  htmlspecialchars(): Passing null to parameter #1 ($string) of type string is deprecated in /var/www/html/laptop-loans/app/Views/handovers/entrega.php on line 15
[2026-02-23 08:29:01] ERROR   PHP error: htmlspecialchars(): Passing null to parameter #1 ($string) of type string is deprecated in /var/www/html/laptop-loans/app/Views/handovers/entrega.php:15 {"msg":"htmlspecialchars(): Passing null to parameter #1 ($string) of type string is deprecated","file":"/var/www/html/laptop-loans/app/Views/handovers/entrega.php","line":15,"severity":8192}
[23-Feb-2026 08:29:01 UTC] PHP Deprecated:  htmlspecialchars(): Passing null to parameter #1 ($string) of type string is deprecated in /var/www/html/laptop-loans/app/Views/handovers/entrega.php on line 15
[2026-02-23 08:29:01] ERROR   PHP error: htmlspecialchars(): Passing null to parameter #1 ($string) of type string is deprecated in /var/www/html/laptop-loans/app/Views/handovers/entrega.php:15 {"msg":"htmlspecialchars(): Passing null to parameter #1 ($string) of type string is deprecated","file":"/var/www/html/laptop-loans/app/Views/handovers/entrega.php","line":15,"severity":8192}
[23-Feb-2026 08:29:01 UTC] PHP Deprecated:  htmlspecialchars(): Passing null to parameter #1 ($string) of type string is deprecated in /var/www/html/laptop-loans/app/Views/handovers/entrega.php on line 15
[2026-02-23 08:29:01] ERROR   PHP error: htmlspecialchars(): Passing null to parameter #1 ($string) of type string is deprecated in /var/www/html/laptop-loans/app/Views/handovers/entrega.php:15 {"msg":"htmlspecialchars(): Passing null to parameter #1 ($string) of type string is deprecated","file":"/var/www/html/laptop-loans/app/Views/handovers/entrega.php","line":15,"severity":8192}
[23-Feb-2026 08:29:01 UTC] PHP Deprecated:  htmlspecialchars(): Passing null to parameter #1 ($string) of type string is deprecated in /var/www/html/laptop-loans/app/Views/handovers/entrega.php on line 15
[2026-02-23 08:29:01] ERROR   PHP error: htmlspecialchars(): Passing null to parameter #1 ($string) of type string is deprecated in /var/www/html/laptop-loans/app/Views/handovers/entrega.php:15 {"msg":"htmlspecialchars(): Passing null to parameter #1 ($string) of type string is deprecated","file":"/var/www/html/laptop-loans/app/Views/handovers/entrega.php","line":15,"severity":8192}
[23-Feb-2026 08:29:01 UTC] PHP Deprecated:  htmlspecialchars(): Passing null to parameter #1 ($string) of type string is deprecated in /var/www/html/laptop-loans/app/Views/handovers/entrega.php on line 15
[2026-02-23 08:29:01] ERROR   PHP error: htmlspecialchars(): Passing null to parameter #1 ($string) of type string is deprecated in /var/www/html/laptop-loans/app/Views/handovers/entrega.php:15 {"msg":"htmlspecialchars(): Passing null to parameter #1 ($string) of type string is deprecated","file":"/var/www/html/laptop-loans/app/Views/handovers/entrega.php","line":15,"severity":8192}
[23-Feb-2026 08:29:01 UTC] PHP Deprecated:  htmlspecialchars(): Passing null to parameter #1 ($string) of type string is deprecated in /var/www/html/laptop-loans/app/Views/handovers/entrega.php on line 15
[2026-02-23 08:29:03] INFO    AUDIT visit {"user_id":null,"username":"anon","route":"receipts/index","ip":"10.52.2.5"}
[2026-02-23 08:29:49] INFO    AUDIT visit {"user_id":null,"username":"anon","route":"receipts/index","ip":"10.52.2.5"}
[2026-02-23 08:31:05] INFO    AUDIT visit {"user_id":null,"username":"anon","route":"receipts/index","ip":"10.52.2.5"}
[2026-02-23 08:31:11] INFO    AUDIT visit {"user_id":null,"username":"anon","route":"people/index","ip":"10.52.2.5"}
[2026-02-23 08:31:11] ERROR   PHP error: htmlspecialchars(): Passing null to parameter #1 ($string) of type string is deprecated in /var/www/html/laptop-loans/app/Views/people/index.php:23 {"msg":"htmlspecialchars(): Passing null to parameter #1 ($string) of type string is deprecated","file":"/var/www/html/laptop-loans/app/Views/people/index.php","line":23,"severity":8192}
[23-Feb-2026 08:31:11 UTC] PHP Deprecated:  htmlspecialchars(): Passing null to parameter #1 ($string) of type string is deprecated in /var/www/html/laptop-loans/app/Views/people/index.php on line 23
[2026-02-23 08:31:11] ERROR   PHP error: htmlspecialchars(): Passing null to parameter #1 ($string) of type string is deprecated in /var/www/html/laptop-loans/app/Views/people/index.php:24 {"msg":"htmlspecialchars(): Passing null to parameter #1 ($string) of type string is deprecated","file":"/var/www/html/laptop-loans/app/Views/people/index.php","line":24,"severity":8192}
[23-Feb-2026 08:31:11 UTC] PHP Deprecated:  htmlspecialchars(): Passing null to parameter #1 ($string) of type string is deprecated in /var/www/html/laptop-loans/app/Views/people/index.php on line 24
[2026-02-23 08:31:11] ERROR   PHP error: htmlspecialchars(): Passing null to parameter #1 ($string) of type string is deprecated in /var/www/html/laptop-loans/app/Views/people/index.php:25 {"msg":"htmlspecialchars(): Passing null to parameter #1 ($string) of type string is deprecated","file":"/var/www/html/laptop-loans/app/Views/people/index.php","line":25,"severity":8192}
[23-Feb-2026 08:31:11 UTC] PHP Deprecated:  htmlspecialchars(): Passing null to parameter #1 ($string) of type string is deprecated in /var/www/html/laptop-loans/app/Views/people/index.php on line 25
[2026-02-23 08:31:11] ERROR   PHP error: htmlspecialchars(): Passing null to parameter #1 ($string) of type string is deprecated in /var/www/html/laptop-loans/app/Views/people/index.php:26 {"msg":"htmlspecialchars(): Passing null to parameter #1 ($string) of type string is deprecated","file":"/var/www/html/laptop-loans/app/Views/people/index.php","line":26,"severity":8192}
[23-Feb-2026 08:31:11 UTC] PHP Deprecated:  htmlspecialchars(): Passing null to parameter #1 ($string) of type string is deprecated in /var/www/html/laptop-loans/app/Views/people/index.php on line 26
[2026-02-23 08:31:11] ERROR   PHP error: htmlspecialchars(): Passing null to parameter #1 ($string) of type string is deprecated in /var/www/html/laptop-loans/app/Views/people/index.php:23 {"msg":"htmlspecialchars(): Passing null to parameter #1 ($string) of type string is deprecated","file":"/var/www/html/laptop-loans/app/Views/people/index.php","line":23,"severity":8192}
[23-Feb-2026 08:31:11 UTC] PHP Deprecated:  htmlspecialchars(): Passing null to parameter #1 ($string) of type string is deprecated in /var/www/html/laptop-loans/app/Views/people/index.php on line 23
[2026-02-23 08:31:11] ERROR   PHP error: htmlspecialchars(): Passing null to parameter #1 ($string) of type string is deprecated in /var/www/html/laptop-loans/app/Views/people/index.php:24 {"msg":"htmlspecialchars(): Passing null to parameter #1 ($string) of type string is deprecated","file":"/var/www/html/laptop-loans/app/Views/people/index.php","line":24,"severity":8192}
[23-Feb-2026 08:31:11 UTC] PHP Deprecated:  htmlspecialchars(): Passing null to parameter #1 ($string) of type string is deprecated in /var/www/html/laptop-loans/app/Views/people/index.php on line 24
[2026-02-23 08:31:11] ERROR   PHP error: htmlspecialchars(): Passing null to parameter #1 ($string) of type string is deprecated in /var/www/html/laptop-loans/app/Views/people/index.php:25 {"msg":"htmlspecialchars(): Passing null to parameter #1 ($string) of type string is deprecated","file":"/var/www/html/laptop-loans/app/Views/people/index.php","line":25,"severity":8192}
[23-Feb-2026 08:31:11 UTC] PHP Deprecated:  htmlspecialchars(): Passing null to parameter #1 ($string) of type string is deprecated in /var/www/html/laptop-loans/app/Views/people/index.php on line 25
[2026-02-23 08:31:11] ERROR   PHP error: htmlspecialchars(): Passing null to parameter #1 ($string) of type string is deprecated in /var/www/html/laptop-loans/app/Views/people/index.php:26 {"msg":"htmlspecialchars(): Passing null to parameter #1 ($string) of type string is deprecated","file":"/var/www/html/laptop-loans/app/Views/people/index.php","line":26,"severity":8192}
[23-Feb-2026 08:31:11 UTC] PHP Deprecated:  htmlspecialchars(): Passing null to parameter #1 ($string) of type string is deprecated in /var/www/html/laptop-loans/app/Views/people/index.php on line 26
[2026-02-23 08:31:11] ERROR   PHP error: htmlspecialchars(): Passing null to parameter #1 ($string) of type string is deprecated in /var/www/html/laptop-loans/app/Views/people/index.php:23 {"msg":"htmlspecialchars(): Passing null to parameter #1 ($string) of type string is deprecated","file":"/var/www/html/laptop-loans/app/Views/people/index.php","line":23,"severity":8192}
[23-Feb-2026 08:31:11 UTC] PHP Deprecated:  htmlspecialchars(): Passing null to parameter #1 ($string) of type string is deprecated in /var/www/html/laptop-loans/app/Views/people/index.php on line 23
[2026-02-23 08:31:11] ERROR   PHP error: htmlspecialchars(): Passing null to parameter #1 ($string) of type string is deprecated in /var/www/html/laptop-loans/app/Views/people/index.php:24 {"msg":"htmlspecialchars(): Passing null to parameter #1 ($string) of type string is deprecated","file":"/var/www/html/laptop-loans/app/Views/people/index.php","line":24,"severity":8192}
[23-Feb-2026 08:31:11 UTC] PHP Deprecated:  htmlspecialchars(): Passing null to parameter #1 ($string) of type string is deprecated in /var/www/html/laptop-loans/app/Views/people/index.php on line 24
[2026-02-23 08:31:11] ERROR   PHP error: htmlspecialchars(): Passing null to parameter #1 ($string) of type string is deprecated in /var/www/html/laptop-loans/app/Views/people/index.php:25 {"msg":"htmlspecialchars(): Passing null to parameter #1 ($string) of type string is deprecated","file":"/var/www/html/laptop-loans/app/Views/people/index.php","line":25,"severity":8192}
[23-Feb-2026 08:31:11 UTC] PHP Deprecated:  htmlspecialchars(): Passing null to parameter #1 ($string) of type string is deprecated in /var/www/html/laptop-loans/app/Views/people/index.php on line 25
[2026-02-23 08:31:11] ERROR   PHP error: htmlspecialchars(): Passing null to parameter #1 ($string) of type string is deprecated in /var/www/html/laptop-loans/app/Views/people/index.php:26 {"msg":"htmlspecialchars(): Passing null to parameter #1 ($string) of type string is deprecated","file":"/var/www/html/laptop-loans/app/Views/people/index.php","line":26,"severity":8192}
[23-Feb-2026 08:31:11 UTC] PHP Deprecated:  htmlspecialchars(): Passing null to parameter #1 ($string) of type string is deprecated in /var/www/html/laptop-loans/app/Views/people/index.php on line 26
[2026-02-23 08:31:11] ERROR   PHP error: htmlspecialchars(): Passing null to parameter #1 ($string) of type string is deprecated in /var/www/html/laptop-loans/app/Views/people/index.php:23 {"msg":"htmlspecialchars(): Passing null to parameter #1 ($string) of type string is deprecated","file":"/var/www/html/laptop-loans/app/Views/people/index.php","line":23,"severity":8192}
[23-Feb-2026 08:31:11 UTC] PHP Deprecated:  htmlspecialchars(): Passing null to parameter #1 ($string) of type string is deprecated in /var/www/html/laptop-loans/app/Views/people/index.php on line 23
[2026-02-23 08:31:11] ERROR   PHP error: htmlspecialchars(): Passing null to parameter #1 ($string) of type string is deprecated in /var/www/html/laptop-loans/app/Views/people/index.php:24 {"msg":"htmlspecialchars(): Passing null to parameter #1 ($string) of type string is deprecated","file":"/var/www/html/laptop-loans/app/Views/people/index.php","line":24,"severity":8192}
[23-Feb-2026 08:31:11 UTC] PHP Deprecated:  htmlspecialchars(): Passing null to parameter #1 ($string) of type string is deprecated in /var/www/html/laptop-loans/app/Views/people/index.php on line 24
[2026-02-23 08:31:11] ERROR   PHP error: htmlspecialchars(): Passing null to parameter #1 ($string) of type string is deprecated in /var/www/html/laptop-loans/app/Views/people/index.php:25 {"msg":"htmlspecialchars(): Passing null to parameter #1 ($string) of type string is deprecated","file":"/var/www/html/laptop-loans/app/Views/people/index.php","line":25,"severity":8192}
[23-Feb-2026 08:31:11 UTC] PHP Deprecated:  htmlspecialchars(): Passing null to parameter #1 ($string) of type string is deprecated in /var/www/html/laptop-loans/app/Views/people/index.php on line 25
[2026-02-23 08:31:11] ERROR   PHP error: htmlspecialchars(): Passing null to parameter #1 ($string) of type string is deprecated in /var/www/html/laptop-loans/app/Views/people/index.php:26 {"msg":"htmlspecialchars(): Passing null to parameter #1 ($string) of type string is deprecated","file":"/var/www/html/laptop-loans/app/Views/people/index.php","line":26,"severity":8192}
[23-Feb-2026 08:31:11 UTC] PHP Deprecated:  htmlspecialchars(): Passing null to parameter #1 ($string) of type string is deprecated in /var/www/html/laptop-loans/app/Views/people/index.php on line 26
[2026-02-23 08:31:11] ERROR   PHP error: htmlspecialchars(): Passing null to parameter #1 ($string) of type string is deprecated in /var/www/html/laptop-loans/app/Views/people/index.php:23 {"msg":"htmlspecialchars(): Passing null to parameter #1 ($string) of type string is deprecated","file":"/var/www/html/laptop-loans/app/Views/people/index.php","line":23,"severity":8192}
[23-Feb-2026 08:31:11 UTC] PHP Deprecated:  htmlspecialchars(): Passing null to parameter #1 ($string) of type string is deprecated in /var/www/html/laptop-loans/app/Views/people/index.php on line 23
[2026-02-23 08:31:11] ERROR   PHP error: htmlspecialchars(): Passing null to parameter #1 ($string) of type string is deprecated in /var/www/html/laptop-loans/app/Views/people/index.php:24 {"msg":"htmlspecialchars(): Passing null to parameter #1 ($string) of type string is deprecated","file":"/var/www/html/laptop-loans/app/Views/people/index.php","line":24,"severity":8192}
[23-Feb-2026 08:31:11 UTC] PHP Deprecated:  htmlspecialchars(): Passing null to parameter #1 ($string) of type string is deprecated in /var/www/html/laptop-loans/app/Views/people/index.php on line 24
[2026-02-23 08:31:11] ERROR   PHP error: htmlspecialchars(): Passing null to parameter #1 ($string) of type string is deprecated in /var/www/html/laptop-loans/app/Views/people/index.php:25 {"msg":"htmlspecialchars(): Passing null to parameter #1 ($string) of type string is deprecated","file":"/var/www/html/laptop-loans/app/Views/people/index.php","line":25,"severity":8192}
[23-Feb-2026 08:31:11 UTC] PHP Deprecated:  htmlspecialchars(): Passing null to parameter #1 ($string) of type string is deprecated in /var/www/html/laptop-loans/app/Views/people/index.php on line 25
[2026-02-23 08:31:11] ERROR   PHP error: htmlspecialchars(): Passing null to parameter #1 ($string) of type string is deprecated in /var/www/html/laptop-loans/app/Views/people/index.php:26 {"msg":"htmlspecialchars(): Passing null to parameter #1 ($string) of type string is deprecated","file":"/var/www/html/laptop-loans/app/Views/people/index.php","line":26,"severity":8192}
[23-Feb-2026 08:31:11 UTC] PHP Deprecated:  htmlspecialchars(): Passing null to parameter #1 ($string) of type string is deprecated in /var/www/html/laptop-loans/app/Views/people/index.php on line 26
[2026-02-23 08:31:11] ERROR   PHP error: htmlspecialchars(): Passing null to parameter #1 ($string) of type string is deprecated in /var/www/html/laptop-loans/app/Views/people/index.php:23 {"msg":"htmlspecialchars(): Passing null to parameter #1 ($string) of type string is deprecated","file":"/var/www/html/laptop-loans/app/Views/people/index.php","line":23,"severity":8192}
[23-Feb-2026 08:31:11 UTC] PHP Deprecated:  htmlspecialchars(): Passing null to parameter #1 ($string) of type string is deprecated in /var/www/html/laptop-loans/app/Views/people/index.php on line 23
[2026-02-23 08:31:11] ERROR   PHP error: htmlspecialchars(): Passing null to parameter #1 ($string) of type string is deprecated in /var/www/html/laptop-loans/app/Views/people/index.php:24 {"msg":"htmlspecialchars(): Passing null to parameter #1 ($string) of type string is deprecated","file":"/var/www/html/laptop-loans/app/Views/people/index.php","line":24,"severity":8192}
[23-Feb-2026 08:31:11 UTC] PHP Deprecated:  htmlspecialchars(): Passing null to parameter #1 ($string) of type string is deprecated in /var/www/html/laptop-loans/app/Views/people/index.php on line 24
[2026-02-23 08:31:11] ERROR   PHP error: htmlspecialchars(): Passing null to parameter #1 ($string) of type string is deprecated in /var/www/html/laptop-loans/app/Views/people/index.php:25 {"msg":"htmlspecialchars(): Passing null to parameter #1 ($string) of type string is deprecated","file":"/var/www/html/laptop-loans/app/Views/people/index.php","line":25,"severity":8192}
[23-Feb-2026 08:31:11 UTC] PHP Deprecated:  htmlspecialchars(): Passing null to parameter #1 ($string) of type string is deprecated in /var/www/html/laptop-loans/app/Views/people/index.php on line 25
[2026-02-23 08:31:11] ERROR   PHP error: htmlspecialchars(): Passing null to parameter #1 ($string) of type string is deprecated in /var/www/html/laptop-loans/app/Views/people/index.php:26 {"msg":"htmlspecialchars(): Passing null to parameter #1 ($string) of type string is deprecated","file":"/var/www/html/laptop-loans/app/Views/people/index.php","line":26,"severity":8192}
[23-Feb-2026 08:31:11 UTC] PHP Deprecated:  htmlspecialchars(): Passing null to parameter #1 ($string) of type string is deprecated in /var/www/html/laptop-loans/app/Views/people/index.php on line 26
[2026-02-23 08:31:11] ERROR   PHP error: htmlspecialchars(): Passing null to parameter #1 ($string) of type string is deprecated in /var/www/html/laptop-loans/app/Views/people/index.php:23 {"msg":"htmlspecialchars(): Passing null to parameter #1 ($string) of type string is deprecated","file":"/var/www/html/laptop-loans/app/Views/people/index.php","line":23,"severity":8192}
[23-Feb-2026 08:31:11 UTC] PHP Deprecated:  htmlspecialchars(): Passing null to parameter #1 ($string) of type string is deprecated in /var/www/html/laptop-loans/app/Views/people/index.php on line 23
[2026-02-23 08:31:11] ERROR   PHP error: htmlspecialchars(): Passing null to parameter #1 ($string) of type string is deprecated in /var/www/html/laptop-loans/app/Views/people/index.php:24 {"msg":"htmlspecialchars(): Passing null to parameter #1 ($string) of type string is deprecated","file":"/var/www/html/laptop-loans/app/Views/people/index.php","line":24,"severity":8192}
[23-Feb-2026 08:31:11 UTC] PHP Deprecated:  htmlspecialchars(): Passing null to parameter #1 ($string) of type string is deprecated in /var/www/html/laptop-loans/app/Views/people/index.php on line 24
[2026-02-23 08:31:11] ERROR   PHP error: htmlspecialchars(): Passing null to parameter #1 ($string) of type string is deprecated in /var/www/html/laptop-loans/app/Views/people/index.php:25 {"msg":"htmlspecialchars(): Passing null to parameter #1 ($string) of type string is deprecated","file":"/var/www/html/laptop-loans/app/Views/people/index.php","line":25,"severity":8192}
[23-Feb-2026 08:31:11 UTC] PHP Deprecated:  htmlspecialchars(): Passing null to parameter #1 ($string) of type string is deprecated in /var/www/html/laptop-loans/app/Views/people/index.php on line 25
[2026-02-23 08:31:11] ERROR   PHP error: htmlspecialchars(): Passing null to parameter #1 ($string) of type string is deprecated in /var/www/html/laptop-loans/app/Views/people/index.php:26 {"msg":"htmlspecialchars(): Passing null to parameter #1 ($string) of type string is deprecated","file":"/var/www/html/laptop-loans/app/Views/people/index.php","line":26,"severity":8192}
[23-Feb-2026 08:31:11 UTC] PHP Deprecated:  htmlspecialchars(): Passing null to parameter #1 ($string) of type string is deprecated in /var/www/html/laptop-loans/app/Views/people/index.php on line 26
[2026-02-23 08:31:11] ERROR   PHP error: htmlspecialchars(): Passing null to parameter #1 ($string) of type string is deprecated in /var/www/html/laptop-loans/app/Views/people/index.php:23 {"msg":"htmlspecialchars(): Passing null to parameter #1 ($string) of type string is deprecated","file":"/var/www/html/laptop-loans/app/Views/people/index.php","line":23,"severity":8192}
[23-Feb-2026 08:31:11 UTC] PHP Deprecated:  htmlspecialchars(): Passing null to parameter #1 ($string) of type string is deprecated in /var/www/html/laptop-loans/app/Views/people/index.php on line 23
[2026-02-23 08:31:11] ERROR   PHP error: htmlspecialchars(): Passing null to parameter #1 ($string) of type string is deprecated in /var/www/html/laptop-loans/app/Views/people/index.php:24 {"msg":"htmlspecialchars(): Passing null to parameter #1 ($string) of type string is deprecated","file":"/var/www/html/laptop-loans/app/Views/people/index.php","line":24,"severity":8192}
[23-Feb-2026 08:31:11 UTC] PHP Deprecated:  htmlspecialchars(): Passing null to parameter #1 ($string) of type string is deprecated in /var/www/html/laptop-loans/app/Views/people/index.php on line 24
[2026-02-23 08:31:11] ERROR   PHP error: htmlspecialchars(): Passing null to parameter #1 ($string) of type string is deprecated in /var/www/html/laptop-loans/app/Views/people/index.php:25 {"msg":"htmlspecialchars(): Passing null to parameter #1 ($string) of type string is deprecated","file":"/var/www/html/laptop-loans/app/Views/people/index.php","line":25,"severity":8192}
[23-Feb-2026 08:31:11 UTC] PHP Deprecated:  htmlspecialchars(): Passing null to parameter #1 ($string) of type string is deprecated in /var/www/html/laptop-loans/app/Views/people/index.php on line 25
[2026-02-23 08:31:11] ERROR   PHP error: htmlspecialchars(): Passing null to parameter #1 ($string) of type string is deprecated in /var/www/html/laptop-loans/app/Views/people/index.php:26 {"msg":"htmlspecialchars(): Passing null to parameter #1 ($string) of type string is deprecated","file":"/var/www/html/laptop-loans/app/Views/people/index.php","line":26,"severity":8192}
[23-Feb-2026 08:31:11 UTC] PHP Deprecated:  htmlspecialchars(): Passing null to parameter #1 ($string) of type string is deprecated in /var/www/html/laptop-loans/app/Views/people/index.php on line 26
[2026-02-23 08:31:11] ERROR   PHP error: htmlspecialchars(): Passing null to parameter #1 ($string) of type string is deprecated in /var/www/html/laptop-loans/app/Views/people/index.php:23 {"msg":"htmlspecialchars(): Passing null to parameter #1 ($string) of type string is deprecated","file":"/var/www/html/laptop-loans/app/Views/people/index.php","line":23,"severity":8192}
[23-Feb-2026 08:31:11 UTC] PHP Deprecated:  htmlspecialchars(): Passing null to parameter #1 ($string) of type string is deprecated in /var/www/html/laptop-loans/app/Views/people/index.php on line 23
[2026-02-23 08:31:11] ERROR   PHP error: htmlspecialchars(): Passing null to parameter #1 ($string) of type string is deprecated in /var/www/html/laptop-loans/app/Views/people/index.php:24 {"msg":"htmlspecialchars(): Passing null to parameter #1 ($string) of type string is deprecated","file":"/var/www/html/laptop-loans/app/Views/people/index.php","line":24,"severity":8192}
[23-Feb-2026 08:31:11 UTC] PHP Deprecated:  htmlspecialchars(): Passing null to parameter #1 ($string) of type string is deprecated in /var/www/html/laptop-loans/app/Views/people/index.php on line 24
[2026-02-23 08:31:11] ERROR   PHP error: htmlspecialchars(): Passing null to parameter #1 ($string) of type string is deprecated in /var/www/html/laptop-loans/app/Views/people/index.php:25 {"msg":"htmlspecialchars(): Passing null to parameter #1 ($string) of type string is deprecated","file":"/var/www/html/laptop-loans/app/Views/people/index.php","line":25,"severity":8192}
[23-Feb-2026 08:31:11 UTC] PHP Deprecated:  htmlspecialchars(): Passing null to parameter #1 ($string) of type string is deprecated in /var/www/html/laptop-loans/app/Views/people/index.php on line 25
[2026-02-23 08:31:11] ERROR   PHP error: htmlspecialchars(): Passing null to parameter #1 ($string) of type string is deprecated in /var/www/html/laptop-loans/app/Views/people/index.php:26 {"msg":"htmlspecialchars(): Passing null to parameter #1 ($string) of type string is deprecated","file":"/var/www/html/laptop-loans/app/Views/people/index.php","line":26,"severity":8192}
[23-Feb-2026 08:31:11 UTC] PHP Deprecated:  htmlspecialchars(): Passing null to parameter #1 ($string) of type string is deprecated in /var/www/html/laptop-loans/app/Views/people/index.php on line 26
[2026-02-23 08:31:11] ERROR   PHP error: htmlspecialchars(): Passing null to parameter #1 ($string) of type string is deprecated in /var/www/html/laptop-loans/app/Views/people/index.php:23 {"msg":"htmlspecialchars(): Passing null to parameter #1 ($string) of type string is deprecated","file":"/var/www/html/laptop-loans/app/Views/people/index.php","line":23,"severity":8192}
[23-Feb-2026 08:31:11 UTC] PHP Deprecated:  htmlspecialchars(): Passing null to parameter #1 ($string) of type string is deprecated in /var/www/html/laptop-loans/app/Views/people/index.php on line 23
[2026-02-23 08:31:11] ERROR   PHP error: htmlspecialchars(): Passing null to parameter #1 ($string) of type string is deprecated in /var/www/html/laptop-loans/app/Views/people/index.php:24 {"msg":"htmlspecialchars(): Passing null to parameter #1 ($string) of type string is deprecated","file":"/var/www/html/laptop-loans/app/Views/people/index.php","line":24,"severity":8192}
[23-Feb-2026 08:31:11 UTC] PHP Deprecated:  htmlspecialchars(): Passing null to parameter #1 ($string) of type string is deprecated in /var/www/html/laptop-loans/app/Views/people/index.php on line 24
[2026-02-23 08:31:11] ERROR   PHP error: htmlspecialchars(): Passing null to parameter #1 ($string) of type string is deprecated in /var/www/html/laptop-loans/app/Views/people/index.php:25 {"msg":"htmlspecialchars(): Passing null to parameter #1 ($string) of type string is deprecated","file":"/var/www/html/laptop-loans/app/Views/people/index.php","line":25,"severity":8192}
[23-Feb-2026 08:31:11 UTC] PHP Deprecated:  htmlspecialchars(): Passing null to parameter #1 ($string) of type string is deprecated in /var/www/html/laptop-loans/app/Views/people/index.php on line 25
[2026-02-23 08:31:11] ERROR   PHP error: htmlspecialchars(): Passing null to parameter #1 ($string) of type string is deprecated in /var/www/html/laptop-loans/app/Views/people/index.php:26 {"msg":"htmlspecialchars(): Passing null to parameter #1 ($string) of type string is deprecated","file":"/var/www/html/laptop-loans/app/Views/people/index.php","line":26,"severity":8192}
[23-Feb-2026 08:31:11 UTC] PHP Deprecated:  htmlspecialchars(): Passing null to parameter #1 ($string) of type string is deprecated in /var/www/html/laptop-loans/app/Views/people/index.php on line 26
[2026-02-23 08:31:11] ERROR   PHP error: htmlspecialchars(): Passing null to parameter #1 ($string) of type string is deprecated in /var/www/html/laptop-loans/app/Views/people/index.php:23 {"msg":"htmlspecialchars(): Passing null to parameter #1 ($string) of type string is deprecated","file":"/var/www/html/laptop-loans/app/Views/people/index.php","line":23,"severity":8192}
[23-Feb-2026 08:31:11 UTC] PHP Deprecated:  htmlspecialchars(): Passing null to parameter #1 ($string) of type string is deprecated in /var/www/html/laptop-loans/app/Views/people/index.php on line 23
[2026-02-23 08:31:11] ERROR   PHP error: htmlspecialchars(): Passing null to parameter #1 ($string) of type string is deprecated in /var/www/html/laptop-loans/app/Views/people/index.php:24 {"msg":"htmlspecialchars(): Passing null to parameter #1 ($string) of type string is deprecated","file":"/var/www/html/laptop-loans/app/Views/people/index.php","line":24,"severity":8192}
[23-Feb-2026 08:31:11 UTC] PHP Deprecated:  htmlspecialchars(): Passing null to parameter #1 ($string) of type string is deprecated in /var/www/html/laptop-loans/app/Views/people/index.php on line 24
[2026-02-23 08:31:11] ERROR   PHP error: htmlspecialchars(): Passing null to parameter #1 ($string) of type string is deprecated in /var/www/html/laptop-loans/app/Views/people/index.php:25 {"msg":"htmlspecialchars(): Passing null to parameter #1 ($string) of type string is deprecated","file":"/var/www/html/laptop-loans/app/Views/people/index.php","line":25,"severity":8192}
[23-Feb-2026 08:31:11 UTC] PHP Deprecated:  htmlspecialchars(): Passing null to parameter #1 ($string) of type string is deprecated in /var/www/html/laptop-loans/app/Views/people/index.php on line 25
[2026-02-23 08:31:11] ERROR   PHP error: htmlspecialchars(): Passing null to parameter #1 ($string) of type string is deprecated in /var/www/html/laptop-loans/app/Views/people/index.php:26 {"msg":"htmlspecialchars(): Passing null to parameter #1 ($string) of type string is deprecated","file":"/var/www/html/laptop-loans/app/Views/people/index.php","line":26,"severity":8192}
[23-Feb-2026 08:31:11 UTC] PHP Deprecated:  htmlspecialchars(): Passing null to parameter #1 ($string) of type string is deprecated in /var/www/html/laptop-loans/app/Views/people/index.php on line 26
[2026-02-23 08:31:11] ERROR   PHP error: htmlspecialchars(): Passing null to parameter #1 ($string) of type string is deprecated in /var/www/html/laptop-loans/app/Views/people/index.php:23 {"msg":"htmlspecialchars(): Passing null to parameter #1 ($string) of type string is deprecated","file":"/var/www/html/laptop-loans/app/Views/people/index.php","line":23,"severity":8192}
[23-Feb-2026 08:31:11 UTC] PHP Deprecated:  htmlspecialchars(): Passing null to parameter #1 ($string) of type string is deprecated in /var/www/html/laptop-loans/app/Views/people/index.php on line 23
[2026-02-23 08:31:11] ERROR   PHP error: htmlspecialchars(): Passing null to parameter #1 ($string) of type string is deprecated in /var/www/html/laptop-loans/app/Views/people/index.php:24 {"msg":"htmlspecialchars(): Passing null to parameter #1 ($string) of type string is deprecated","file":"/var/www/html/laptop-loans/app/Views/people/index.php","line":24,"severity":8192}
[23-Feb-2026 08:31:11 UTC] PHP Deprecated:  htmlspecialchars(): Passing null to parameter #1 ($string) of type string is deprecated in /var/www/html/laptop-loans/app/Views/people/index.php on line 24
[2026-02-23 08:31:11] ERROR   PHP error: htmlspecialchars(): Passing null to parameter #1 ($string) of type string is deprecated in /var/www/html/laptop-loans/app/Views/people/index.php:25 {"msg":"htmlspecialchars(): Passing null to parameter #1 ($string) of type string is deprecated","file":"/var/www/html/laptop-loans/app/Views/people/index.php","line":25,"severity":8192}
[23-Feb-2026 08:31:11 UTC] PHP Deprecated:  htmlspecialchars(): Passing null to parameter #1 ($string) of type string is deprecated in /var/www/html/laptop-loans/app/Views/people/index.php on line 25
[2026-02-23 08:31:11] ERROR   PHP error: htmlspecialchars(): Passing null to parameter #1 ($string) of type string is deprecated in /var/www/html/laptop-loans/app/Views/people/index.php:26 {"msg":"htmlspecialchars(): Passing null to parameter #1 ($string) of type string is deprecated","file":"/var/www/html/laptop-loans/app/Views/people/index.php","line":26,"severity":8192}
[23-Feb-2026 08:31:11 UTC] PHP Deprecated:  htmlspecialchars(): Passing null to parameter #1 ($string) of type string is deprecated in /var/www/html/laptop-loans/app/Views/people/index.php on line 26
[2026-02-23 08:31:11] ERROR   PHP error: htmlspecialchars(): Passing null to parameter #1 ($string) of type string is deprecated in /var/www/html/laptop-loans/app/Views/people/index.php:24 {"msg":"htmlspecialchars(): Passing null to parameter #1 ($string) of type string is deprecated","file":"/var/www/html/laptop-loans/app/Views/people/index.php","line":24,"severity":8192}
[23-Feb-2026 08:31:11 UTC] PHP Deprecated:  htmlspecialchars(): Passing null to parameter #1 ($string) of type string is deprecated in /var/www/html/laptop-loans/app/Views/people/index.php on line 24
[2026-02-23 08:31:11] ERROR   PHP error: htmlspecialchars(): Passing null to parameter #1 ($string) of type string is deprecated in /var/www/html/laptop-loans/app/Views/people/index.php:25 {"msg":"htmlspecialchars(): Passing null to parameter #1 ($string) of type string is deprecated","file":"/var/www/html/laptop-loans/app/Views/people/index.php","line":25,"severity":8192}
[23-Feb-2026 08:31:11 UTC] PHP Deprecated:  htmlspecialchars(): Passing null to parameter #1 ($string) of type string is deprecated in /var/www/html/laptop-loans/app/Views/people/index.php on line 25
[2026-02-23 08:31:11] ERROR   PHP error: htmlspecialchars(): Passing null to parameter #1 ($string) of type string is deprecated in /var/www/html/laptop-loans/app/Views/people/index.php:26 {"msg":"htmlspecialchars(): Passing null to parameter #1 ($string) of type string is deprecated","file":"/var/www/html/laptop-loans/app/Views/people/index.php","line":26,"severity":8192}
[23-Feb-2026 08:31:11 UTC] PHP Deprecated:  htmlspecialchars(): Passing null to parameter #1 ($string) of type string is deprecated in /var/www/html/laptop-loans/app/Views/people/index.php on line 26
[2026-02-23 08:31:11] ERROR   PHP error: htmlspecialchars(): Passing null to parameter #1 ($string) of type string is deprecated in /var/www/html/laptop-loans/app/Views/people/index.php:23 {"msg":"htmlspecialchars(): Passing null to parameter #1 ($string) of type string is deprecated","file":"/var/www/html/laptop-loans/app/Views/people/index.php","line":23,"severity":8192}
[23-Feb-2026 08:31:11 UTC] PHP Deprecated:  htmlspecialchars(): Passing null to parameter #1 ($string) of type string is deprecated in /var/www/html/laptop-loans/app/Views/people/index.php on line 23
[2026-02-23 08:31:11] ERROR   PHP error: htmlspecialchars(): Passing null to parameter #1 ($string) of type string is deprecated in /var/www/html/laptop-loans/app/Views/people/index.php:24 {"msg":"htmlspecialchars(): Passing null to parameter #1 ($string) of type string is deprecated","file":"/var/www/html/laptop-loans/app/Views/people/index.php","line":24,"severity":8192}
[23-Feb-2026 08:31:11 UTC] PHP Deprecated:  htmlspecialchars(): Passing null to parameter #1 ($string) of type string is deprecated in /var/www/html/laptop-loans/app/Views/people/index.php on line 24
[2026-02-23 08:31:11] ERROR   PHP error: htmlspecialchars(): Passing null to parameter #1 ($string) of type string is deprecated in /var/www/html/laptop-loans/app/Views/people/index.php:25 {"msg":"htmlspecialchars(): Passing null to parameter #1 ($string) of type string is deprecated","file":"/var/www/html/laptop-loans/app/Views/people/index.php","line":25,"severity":8192}
[23-Feb-2026 08:31:11 UTC] PHP Deprecated:  htmlspecialchars(): Passing null to parameter #1 ($string) of type string is deprecated in /var/www/html/laptop-loans/app/Views/people/index.php on line 25
[2026-02-23 08:31:11] ERROR   PHP error: htmlspecialchars(): Passing null to parameter #1 ($string) of type string is deprecated in /var/www/html/laptop-loans/app/Views/people/index.php:26 {"msg":"htmlspecialchars(): Passing null to parameter #1 ($string) of type string is deprecated","file":"/var/www/html/laptop-loans/app/Views/people/index.php","line":26,"severity":8192}
[23-Feb-2026 08:31:11 UTC] PHP Deprecated:  htmlspecialchars(): Passing null to parameter #1 ($string) of type string is deprecated in /var/www/html/laptop-loans/app/Views/people/index.php on line 26
[2026-02-23 08:31:11] ERROR   PHP error: htmlspecialchars(): Passing null to parameter #1 ($string) of type string is deprecated in /var/www/html/laptop-loans/app/Views/people/index.php:23 {"msg":"htmlspecialchars(): Passing null to parameter #1 ($string) of type string is deprecated","file":"/var/www/html/laptop-loans/app/Views/people/index.php","line":23,"severity":8192}
[23-Feb-2026 08:31:11 UTC] PHP Deprecated:  htmlspecialchars(): Passing null to parameter #1 ($string) of type string is deprecated in /var/www/html/laptop-loans/app/Views/people/index.php on line 23
[2026-02-23 08:31:11] ERROR   PHP error: htmlspecialchars(): Passing null to parameter #1 ($string) of type string is deprecated in /var/www/html/laptop-loans/app/Views/people/index.php:24 {"msg":"htmlspecialchars(): Passing null to parameter #1 ($string) of type string is deprecated","file":"/var/www/html/laptop-loans/app/Views/people/index.php","line":24,"severity":8192}
[23-Feb-2026 08:31:11 UTC] PHP Deprecated:  htmlspecialchars(): Passing null to parameter #1 ($string) of type string is deprecated in /var/www/html/laptop-loans/app/Views/people/index.php on line 24
[2026-02-23 08:31:11] ERROR   PHP error: htmlspecialchars(): Passing null to parameter #1 ($string) of type string is deprecated in /var/www/html/laptop-loans/app/Views/people/index.php:25 {"msg":"htmlspecialchars(): Passing null to parameter #1 ($string) of type string is deprecated","file":"/var/www/html/laptop-loans/app/Views/people/index.php","line":25,"severity":8192}
[23-Feb-2026 08:31:11 UTC] PHP Deprecated:  htmlspecialchars(): Passing null to parameter #1 ($string) of type string is deprecated in /var/www/html/laptop-loans/app/Views/people/index.php on line 25
[2026-02-23 08:31:11] ERROR   PHP error: htmlspecialchars(): Passing null to parameter #1 ($string) of type string is deprecated in /var/www/html/laptop-loans/app/Views/people/index.php:26 {"msg":"htmlspecialchars(): Passing null to parameter #1 ($string) of type string is deprecated","file":"/var/www/html/laptop-loans/app/Views/people/index.php","line":26,"severity":8192}
[23-Feb-2026 08:31:11 UTC] PHP Deprecated:  htmlspecialchars(): Passing null to parameter #1 ($string) of type string is deprecated in /var/www/html/laptop-loans/app/Views/people/index.php on line 26
[2026-02-23 08:31:11] ERROR   PHP error: htmlspecialchars(): Passing null to parameter #1 ($string) of type string is deprecated in /var/www/html/laptop-loans/app/Views/people/index.php:23 {"msg":"htmlspecialchars(): Passing null to parameter #1 ($string) of type string is deprecated","file":"/var/www/html/laptop-loans/app/Views/people/index.php","line":23,"severity":8192}
[23-Feb-2026 08:31:11 UTC] PHP Deprecated:  htmlspecialchars(): Passing null to parameter #1 ($string) of type string is deprecated in /var/www/html/laptop-loans/app/Views/people/index.php on line 23
[2026-02-23 08:31:11] ERROR   PHP error: htmlspecialchars(): Passing null to parameter #1 ($string) of type string is deprecated in /var/www/html/laptop-loans/app/Views/people/index.php:24 {"msg":"htmlspecialchars(): Passing null to parameter #1 ($string) of type string is deprecated","file":"/var/www/html/laptop-loans/app/Views/people/index.php","line":24,"severity":8192}
[23-Feb-2026 08:31:11 UTC] PHP Deprecated:  htmlspecialchars(): Passing null to parameter #1 ($string) of type string is deprecated in /var/www/html/laptop-loans/app/Views/people/index.php on line 24
[2026-02-23 08:31:11] ERROR   PHP error: htmlspecialchars(): Passing null to parameter #1 ($string) of type string is deprecated in /var/www/html/laptop-loans/app/Views/people/index.php:25 {"msg":"htmlspecialchars(): Passing null to parameter #1 ($string) of type string is deprecated","file":"/var/www/html/laptop-loans/app/Views/people/index.php","line":25,"severity":8192}
[23-Feb-2026 08:31:11 UTC] PHP Deprecated:  htmlspecialchars(): Passing null to parameter #1 ($string) of type string is deprecated in /var/www/html/laptop-loans/app/Views/people/index.php on line 25
[2026-02-23 08:31:11] ERROR   PHP error: htmlspecialchars(): Passing null to parameter #1 ($string) of type string is deprecated in /var/www/html/laptop-loans/app/Views/people/index.php:26 {"msg":"htmlspecialchars(): Passing null to parameter #1 ($string) of type string is deprecated","file":"/var/www/html/laptop-loans/app/Views/people/index.php","line":26,"severity":8192}
[23-Feb-2026 08:31:11 UTC] PHP Deprecated:  htmlspecialchars(): Passing null to parameter #1 ($string) of type string is deprecated in /var/www/html/laptop-loans/app/Views/people/index.php on line 26
[2026-02-23 08:31:11] ERROR   PHP error: htmlspecialchars(): Passing null to parameter #1 ($string) of type string is deprecated in /var/www/html/laptop-loans/app/Views/people/index.php:23 {"msg":"htmlspecialchars(): Passing null to parameter #1 ($string) of type string is deprecated","file":"/var/www/html/laptop-loans/app/Views/people/index.php","line":23,"severity":8192}
[23-Feb-2026 08:31:11 UTC] PHP Deprecated:  htmlspecialchars(): Passing null to parameter #1 ($string) of type string is deprecated in /var/www/html/laptop-loans/app/Views/people/index.php on line 23
[2026-02-23 08:31:11] ERROR   PHP error: htmlspecialchars(): Passing null to parameter #1 ($string) of type string is deprecated in /var/www/html/laptop-loans/app/Views/people/index.php:24 {"msg":"htmlspecialchars(): Passing null to parameter #1 ($string) of type string is deprecated","file":"/var/www/html/laptop-loans/app/Views/people/index.php","line":24,"severity":8192}
[23-Feb-2026 08:31:11 UTC] PHP Deprecated:  htmlspecialchars(): Passing null to parameter #1 ($string) of type string is deprecated in /var/www/html/laptop-loans/app/Views/people/index.php on line 24
[2026-02-23 08:31:11] ERROR   PHP error: htmlspecialchars(): Passing null to parameter #1 ($string) of type string is deprecated in /var/www/html/laptop-loans/app/Views/people/index.php:25 {"msg":"htmlspecialchars(): Passing null to parameter #1 ($string) of type string is deprecated","file":"/var/www/html/laptop-loans/app/Views/people/index.php","line":25,"severity":8192}
[23-Feb-2026 08:31:11 UTC] PHP Deprecated:  htmlspecialchars(): Passing null to parameter #1 ($string) of type string is deprecated in /var/www/html/laptop-loans/app/Views/people/index.php on line 25
[2026-02-23 08:31:11] ERROR   PHP error: htmlspecialchars(): Passing null to parameter #1 ($string) of type string is deprecated in /var/www/html/laptop-loans/app/Views/people/index.php:26 {"msg":"htmlspecialchars(): Passing null to parameter #1 ($string) of type string is deprecated","file":"/var/www/html/laptop-loans/app/Views/people/index.php","line":26,"severity":8192}
[23-Feb-2026 08:31:11 UTC] PHP Deprecated:  htmlspecialchars(): Passing null to parameter #1 ($string) of type string is deprecated in /var/www/html/laptop-loans/app/Views/people/index.php on line 26
[2026-02-23 08:31:11] ERROR   PHP error: htmlspecialchars(): Passing null to parameter #1 ($string) of type string is deprecated in /var/www/html/laptop-loans/app/Views/people/index.php:23 {"msg":"htmlspecialchars(): Passing null to parameter #1 ($string) of type string is deprecated","file":"/var/www/html/laptop-loans/app/Views/people/index.php","line":23,"severity":8192}
[23-Feb-2026 08:31:11 UTC] PHP Deprecated:  htmlspecialchars(): Passing null to parameter #1 ($string) of type string is deprecated in /var/www/html/laptop-loans/app/Views/people/index.php on line 23
[2026-02-23 08:31:11] ERROR   PHP error: htmlspecialchars(): Passing null to parameter #1 ($string) of type string is deprecated in /var/www/html/laptop-loans/app/Views/people/index.php:24 {"msg":"htmlspecialchars(): Passing null to parameter #1 ($string) of type string is deprecated","file":"/var/www/html/laptop-loans/app/Views/people/index.php","line":24,"severity":8192}
[23-Feb-2026 08:31:11 UTC] PHP Deprecated:  htmlspecialchars(): Passing null to parameter #1 ($string) of type string is deprecated in /var/www/html/laptop-loans/app/Views/people/index.php on line 24
[2026-02-23 08:31:11] ERROR   PHP error: htmlspecialchars(): Passing null to parameter #1 ($string) of type string is deprecated in /var/www/html/laptop-loans/app/Views/people/index.php:25 {"msg":"htmlspecialchars(): Passing null to parameter #1 ($string) of type string is deprecated","file":"/var/www/html/laptop-loans/app/Views/people/index.php","line":25,"severity":8192}
[23-Feb-2026 08:31:11 UTC] PHP Deprecated:  htmlspecialchars(): Passing null to parameter #1 ($string) of type string is deprecated in /var/www/html/laptop-loans/app/Views/people/index.php on line 25
[2026-02-23 08:31:11] ERROR   PHP error: htmlspecialchars(): Passing null to parameter #1 ($string) of type string is deprecated in /var/www/html/laptop-loans/app/Views/people/index.php:26 {"msg":"htmlspecialchars(): Passing null to parameter #1 ($string) of type string is deprecated","file":"/var/www/html/laptop-loans/app/Views/people/index.php","line":26,"severity":8192}
[23-Feb-2026 08:31:11 UTC] PHP Deprecated:  htmlspecialchars(): Passing null to parameter #1 ($string) of type string is deprecated in /var/www/html/laptop-loans/app/Views/people/index.php on line 26
[2026-02-23 08:31:11] ERROR   PHP error: htmlspecialchars(): Passing null to parameter #1 ($string) of type string is deprecated in /var/www/html/laptop-loans/app/Views/people/index.php:23 {"msg":"htmlspecialchars(): Passing null to parameter #1 ($string) of type string is deprecated","file":"/var/www/html/laptop-loans/app/Views/people/index.php","line":23,"severity":8192}
[23-Feb-2026 08:31:11 UTC] PHP Deprecated:  htmlspecialchars(): Passing null to parameter #1 ($string) of type string is deprecated in /var/www/html/laptop-loans/app/Views/people/index.php on line 23
[2026-02-23 08:31:11] ERROR   PHP error: htmlspecialchars(): Passing null to parameter #1 ($string) of type string is deprecated in /var/www/html/laptop-loans/app/Views/people/index.php:24 {"msg":"htmlspecialchars(): Passing null to parameter #1 ($string) of type string is deprecated","file":"/var/www/html/laptop-loans/app/Views/people/index.php","line":24,"severity":8192}
[23-Feb-2026 08:31:11 UTC] PHP Deprecated:  htmlspecialchars(): Passing null to parameter #1 ($string) of type string is deprecated in /var/www/html/laptop-loans/app/Views/people/index.php on line 24
[2026-02-23 08:31:11] ERROR   PHP error: htmlspecialchars(): Passing null to parameter #1 ($string) of type string is deprecated in /var/www/html/laptop-loans/app/Views/people/index.php:25 {"msg":"htmlspecialchars(): Passing null to parameter #1 ($string) of type string is deprecated","file":"/var/www/html/laptop-loans/app/Views/people/index.php","line":25,"severity":8192}
[23-Feb-2026 08:31:11 UTC] PHP Deprecated:  htmlspecialchars(): Passing null to parameter #1 ($string) of type string is deprecated in /var/www/html/laptop-loans/app/Views/people/index.php on line 25
[2026-02-23 08:31:11] ERROR   PHP error: htmlspecialchars(): Passing null to parameter #1 ($string) of type string is deprecated in /var/www/html/laptop-loans/app/Views/people/index.php:26 {"msg":"htmlspecialchars(): Passing null to parameter #1 ($string) of type string is deprecated","file":"/var/www/html/laptop-loans/app/Views/people/index.php","line":26,"severity":8192}
[23-Feb-2026 08:31:11 UTC] PHP Deprecated:  htmlspecialchars(): Passing null to parameter #1 ($string) of type string is deprecated in /var/www/html/laptop-loans/app/Views/people/index.php on line 26
[2026-02-23 08:31:11] ERROR   PHP error: htmlspecialchars(): Passing null to parameter #1 ($string) of type string is deprecated in /var/www/html/laptop-loans/app/Views/people/index.php:23 {"msg":"htmlspecialchars(): Passing null to parameter #1 ($string) of type string is deprecated","file":"/var/www/html/laptop-loans/app/Views/people/index.php","line":23,"severity":8192}
[23-Feb-2026 08:31:11 UTC] PHP Deprecated:  htmlspecialchars(): Passing null to parameter #1 ($string) of type string is deprecated in /var/www/html/laptop-loans/app/Views/people/index.php on line 23
[2026-02-23 08:31:11] ERROR   PHP error: htmlspecialchars(): Passing null to parameter #1 ($string) of type string is deprecated in /var/www/html/laptop-loans/app/Views/people/index.php:24 {"msg":"htmlspecialchars(): Passing null to parameter #1 ($string) of type string is deprecated","file":"/var/www/html/laptop-loans/app/Views/people/index.php","line":24,"severity":8192}
[23-Feb-2026 08:31:11 UTC] PHP Deprecated:  htmlspecialchars(): Passing null to parameter #1 ($string) of type string is deprecated in /var/www/html/laptop-loans/app/Views/people/index.php on line 24
[2026-02-23 08:31:11] ERROR   PHP error: htmlspecialchars(): Passing null to parameter #1 ($string) of type string is deprecated in /var/www/html/laptop-loans/app/Views/people/index.php:25 {"msg":"htmlspecialchars(): Passing null to parameter #1 ($string) of type string is deprecated","file":"/var/www/html/laptop-loans/app/Views/people/index.php","line":25,"severity":8192}
[23-Feb-2026 08:31:11 UTC] PHP Deprecated:  htmlspecialchars(): Passing null to parameter #1 ($string) of type string is deprecated in /var/www/html/laptop-loans/app/Views/people/index.php on line 25
[2026-02-23 08:31:11] ERROR   PHP error: htmlspecialchars(): Passing null to parameter #1 ($string) of type string is deprecated in /var/www/html/laptop-loans/app/Views/people/index.php:26 {"msg":"htmlspecialchars(): Passing null to parameter #1 ($string) of type string is deprecated","file":"/var/www/html/laptop-loans/app/Views/people/index.php","line":26,"severity":8192}
[23-Feb-2026 08:31:11 UTC] PHP Deprecated:  htmlspecialchars(): Passing null to parameter #1 ($string) of type string is deprecated in /var/www/html/laptop-loans/app/Views/people/index.php on line 26
[2026-02-23 08:31:11] ERROR   PHP error: htmlspecialchars(): Passing null to parameter #1 ($string) of type string is deprecated in /var/www/html/laptop-loans/app/Views/people/index.php:23 {"msg":"htmlspecialchars(): Passing null to parameter #1 ($string) of type string is deprecated","file":"/var/www/html/laptop-loans/app/Views/people/index.php","line":23,"severity":8192}
[23-Feb-2026 08:31:11 UTC] PHP Deprecated:  htmlspecialchars(): Passing null to parameter #1 ($string) of type string is deprecated in /var/www/html/laptop-loans/app/Views/people/index.php on line 23
[2026-02-23 08:31:11] ERROR   PHP error: htmlspecialchars(): Passing null to parameter #1 ($string) of type string is deprecated in /var/www/html/laptop-loans/app/Views/people/index.php:24 {"msg":"htmlspecialchars(): Passing null to parameter #1 ($string) of type string is deprecated","file":"/var/www/html/laptop-loans/app/Views/people/index.php","line":24,"severity":8192}
[23-Feb-2026 08:31:11 UTC] PHP Deprecated:  htmlspecialchars(): Passing null to parameter #1 ($string) of type string is deprecated in /var/www/html/laptop-loans/app/Views/people/index.php on line 24
[2026-02-23 08:31:11] ERROR   PHP error: htmlspecialchars(): Passing null to parameter #1 ($string) of type string is deprecated in /var/www/html/laptop-loans/app/Views/people/index.php:25 {"msg":"htmlspecialchars(): Passing null to parameter #1 ($string) of type string is deprecated","file":"/var/www/html/laptop-loans/app/Views/people/index.php","line":25,"severity":8192}
[23-Feb-2026 08:31:11 UTC] PHP Deprecated:  htmlspecialchars(): Passing null to parameter #1 ($string) of type string is deprecated in /var/www/html/laptop-loans/app/Views/people/index.php on line 25
[2026-02-23 08:31:11] ERROR   PHP error: htmlspecialchars(): Passing null to parameter #1 ($string) of type string is deprecated in /var/www/html/laptop-loans/app/Views/people/index.php:26 {"msg":"htmlspecialchars(): Passing null to parameter #1 ($string) of type string is deprecated","file":"/var/www/html/laptop-loans/app/Views/people/index.php","line":26,"severity":8192}
[23-Feb-2026 08:31:11 UTC] PHP Deprecated:  htmlspecialchars(): Passing null to parameter #1 ($string) of type string is deprecated in /var/www/html/laptop-loans/app/Views/people/index.php on line 26
[2026-02-23 08:31:11] ERROR   PHP error: htmlspecialchars(): Passing null to parameter #1 ($string) of type string is deprecated in /var/www/html/laptop-loans/app/Views/people/index.php:23 {"msg":"htmlspecialchars(): Passing null to parameter #1 ($string) of type string is deprecated","file":"/var/www/html/laptop-loans/app/Views/people/index.php","line":23,"severity":8192}
[23-Feb-2026 08:31:11 UTC] PHP Deprecated:  htmlspecialchars(): Passing null to parameter #1 ($string) of type string is deprecated in /var/www/html/laptop-loans/app/Views/people/index.php on line 23
[2026-02-23 08:31:11] ERROR   PHP error: htmlspecialchars(): Passing null to parameter #1 ($string) of type string is deprecated in /var/www/html/laptop-loans/app/Views/people/index.php:24 {"msg":"htmlspecialchars(): Passing null to parameter #1 ($string) of type string is deprecated","file":"/var/www/html/laptop-loans/app/Views/people/index.php","line":24,"severity":8192}
[23-Feb-2026 08:31:11 UTC] PHP Deprecated:  htmlspecialchars(): Passing null to parameter #1 ($string) of type string is deprecated in /var/www/html/laptop-loans/app/Views/people/index.php on line 24
[2026-02-23 08:31:11] ERROR   PHP error: htmlspecialchars(): Passing null to parameter #1 ($string) of type string is deprecated in /var/www/html/laptop-loans/app/Views/people/index.php:25 {"msg":"htmlspecialchars(): Passing null to parameter #1 ($string) of type string is deprecated","file":"/var/www/html/laptop-loans/app/Views/people/index.php","line":25,"severity":8192}
[23-Feb-2026 08:31:11 UTC] PHP Deprecated:  htmlspecialchars(): Passing null to parameter #1 ($string) of type string is deprecated in /var/www/html/laptop-loans/app/Views/people/index.php on line 25
[2026-02-23 08:31:11] ERROR   PHP error: htmlspecialchars(): Passing null to parameter #1 ($string) of type string is deprecated in /var/www/html/laptop-loans/app/Views/people/index.php:26 {"msg":"htmlspecialchars(): Passing null to parameter #1 ($string) of type string is deprecated","file":"/var/www/html/laptop-loans/app/Views/people/index.php","line":26,"severity":8192}
[23-Feb-2026 08:31:11 UTC] PHP Deprecated:  htmlspecialchars(): Passing null to parameter #1 ($string) of type string is deprecated in /var/www/html/laptop-loans/app/Views/people/index.php on line 26
[2026-02-23 08:31:11] ERROR   PHP error: htmlspecialchars(): Passing null to parameter #1 ($string) of type string is deprecated in /var/www/html/laptop-loans/app/Views/people/index.php:23 {"msg":"htmlspecialchars(): Passing null to parameter #1 ($string) of type string is deprecated","file":"/var/www/html/laptop-loans/app/Views/people/index.php","line":23,"severity":8192}
[23-Feb-2026 08:31:11 UTC] PHP Deprecated:  htmlspecialchars(): Passing null to parameter #1 ($string) of type string is deprecated in /var/www/html/laptop-loans/app/Views/people/index.php on line 23
[2026-02-23 08:31:11] ERROR   PHP error: htmlspecialchars(): Passing null to parameter #1 ($string) of type string is deprecated in /var/www/html/laptop-loans/app/Views/people/index.php:24 {"msg":"htmlspecialchars(): Passing null to parameter #1 ($string) of type string is deprecated","file":"/var/www/html/laptop-loans/app/Views/people/index.php","line":24,"severity":8192}
[23-Feb-2026 08:31:11 UTC] PHP Deprecated:  htmlspecialchars(): Passing null to parameter #1 ($string) of type string is deprecated in /var/www/html/laptop-loans/app/Views/people/index.php on line 24
[2026-02-23 08:31:11] ERROR   PHP error: htmlspecialchars(): Passing null to parameter #1 ($string) of type string is deprecated in /var/www/html/laptop-loans/app/Views/people/index.php:25 {"msg":"htmlspecialchars(): Passing null to parameter #1 ($string) of type string is deprecated","file":"/var/www/html/laptop-loans/app/Views/people/index.php","line":25,"severity":8192}
[23-Feb-2026 08:31:11 UTC] PHP Deprecated:  htmlspecialchars(): Passing null to parameter #1 ($string) of type string is deprecated in /var/www/html/laptop-loans/app/Views/people/index.php on line 25
[2026-02-23 08:31:11] ERROR   PHP error: htmlspecialchars(): Passing null to parameter #1 ($string) of type string is deprecated in /var/www/html/laptop-loans/app/Views/people/index.php:26 {"msg":"htmlspecialchars(): Passing null to parameter #1 ($string) of type string is deprecated","file":"/var/www/html/laptop-loans/app/Views/people/index.php","line":26,"severity":8192}
[23-Feb-2026 08:31:11 UTC] PHP Deprecated:  htmlspecialchars(): Passing null to parameter #1 ($string) of type string is deprecated in /var/www/html/laptop-loans/app/Views/people/index.php on line 26
[2026-02-23 08:31:11] ERROR   PHP error: htmlspecialchars(): Passing null to parameter #1 ($string) of type string is deprecated in /var/www/html/laptop-loans/app/Views/people/index.php:23 {"msg":"htmlspecialchars(): Passing null to parameter #1 ($string) of type string is deprecated","file":"/var/www/html/laptop-loans/app/Views/people/index.php","line":23,"severity":8192}
[23-Feb-2026 08:31:11 UTC] PHP Deprecated:  htmlspecialchars(): Passing null to parameter #1 ($string) of type string is deprecated in /var/www/html/laptop-loans/app/Views/people/index.php on line 23
[2026-02-23 08:31:11] ERROR   PHP error: htmlspecialchars(): Passing null to parameter #1 ($string) of type string is deprecated in /var/www/html/laptop-loans/app/Views/people/index.php:24 {"msg":"htmlspecialchars(): Passing null to parameter #1 ($string) of type string is deprecated","file":"/var/www/html/laptop-loans/app/Views/people/index.php","line":24,"severity":8192}
[23-Feb-2026 08:31:11 UTC] PHP Deprecated:  htmlspecialchars(): Passing null to parameter #1 ($string) of type string is deprecated in /var/www/html/laptop-loans/app/Views/people/index.php on line 24
[2026-02-23 08:31:11] ERROR   PHP error: htmlspecialchars(): Passing null to parameter #1 ($string) of type string is deprecated in /var/www/html/laptop-loans/app/Views/people/index.php:25 {"msg":"htmlspecialchars(): Passing null to parameter #1 ($string) of type string is deprecated","file":"/var/www/html/laptop-loans/app/Views/people/index.php","line":25,"severity":8192}
[23-Feb-2026 08:31:11 UTC] PHP Deprecated:  htmlspecialchars(): Passing null to parameter #1 ($string) of type string is deprecated in /var/www/html/laptop-loans/app/Views/people/index.php on line 25
[2026-02-23 08:31:11] ERROR   PHP error: htmlspecialchars(): Passing null to parameter #1 ($string) of type string is deprecated in /var/www/html/laptop-loans/app/Views/people/index.php:26 {"msg":"htmlspecialchars(): Passing null to parameter #1 ($string) of type string is deprecated","file":"/var/www/html/laptop-loans/app/Views/people/index.php","line":26,"severity":8192}
[23-Feb-2026 08:31:11 UTC] PHP Deprecated:  htmlspecialchars(): Passing null to parameter #1 ($string) of type string is deprecated in /var/www/html/laptop-loans/app/Views/people/index.php on line 26
[2026-02-23 08:31:11] ERROR   PHP error: htmlspecialchars(): Passing null to parameter #1 ($string) of type string is deprecated in /var/www/html/laptop-loans/app/Views/people/index.php:23 {"msg":"htmlspecialchars(): Passing null to parameter #1 ($string) of type string is deprecated","file":"/var/www/html/laptop-loans/app/Views/people/index.php","line":23,"severity":8192}
[23-Feb-2026 08:31:11 UTC] PHP Deprecated:  htmlspecialchars(): Passing null to parameter #1 ($string) of type string is deprecated in /var/www/html/laptop-loans/app/Views/people/index.php on line 23
[2026-02-23 08:31:11] ERROR   PHP error: htmlspecialchars(): Passing null to parameter #1 ($string) of type string is deprecated in /var/www/html/laptop-loans/app/Views/people/index.php:24 {"msg":"htmlspecialchars(): Passing null to parameter #1 ($string) of type string is deprecated","file":"/var/www/html/laptop-loans/app/Views/people/index.php","line":24,"severity":8192}
[23-Feb-2026 08:31:11 UTC] PHP Deprecated:  htmlspecialchars(): Passing null to parameter #1 ($string) of type string is deprecated in /var/www/html/laptop-loans/app/Views/people/index.php on line 24
[2026-02-23 08:31:11] ERROR   PHP error: htmlspecialchars(): Passing null to parameter #1 ($string) of type string is deprecated in /var/www/html/laptop-loans/app/Views/people/index.php:25 {"msg":"htmlspecialchars(): Passing null to parameter #1 ($string) of type string is deprecated","file":"/var/www/html/laptop-loans/app/Views/people/index.php","line":25,"severity":8192}
[23-Feb-2026 08:31:11 UTC] PHP Deprecated:  htmlspecialchars(): Passing null to parameter #1 ($string) of type string is deprecated in /var/www/html/laptop-loans/app/Views/people/index.php on line 25
[2026-02-23 08:31:11] ERROR   PHP error: htmlspecialchars(): Passing null to parameter #1 ($string) of type string is deprecated in /var/www/html/laptop-loans/app/Views/people/index.php:26 {"msg":"htmlspecialchars(): Passing null to parameter #1 ($string) of type string is deprecated","file":"/var/www/html/laptop-loans/app/Views/people/index.php","line":26,"severity":8192}
[23-Feb-2026 08:31:11 UTC] PHP Deprecated:  htmlspecialchars(): Passing null to parameter #1 ($string) of type string is deprecated in /var/www/html/laptop-loans/app/Views/people/index.php on line 26
[2026-02-23 08:32:47] INFO    AUDIT visit {"user_id":null,"username":"anon","route":"people/index","ip":"10.52.2.5"}
[2026-02-23 08:32:47] ERROR   PHP error: htmlspecialchars(): Passing null to parameter #1 ($string) of type string is deprecated in /var/www/html/laptop-loans/app/Views/people/index.php:24 {"msg":"htmlspecialchars(): Passing null to parameter #1 ($string) of type string is deprecated","file":"/var/www/html/laptop-loans/app/Views/people/index.php","line":24,"severity":8192}
[23-Feb-2026 08:32:47 UTC] PHP Deprecated:  htmlspecialchars(): Passing null to parameter #1 ($string) of type string is deprecated in /var/www/html/laptop-loans/app/Views/people/index.php on line 24
[2026-02-23 08:32:47] ERROR   PHP error: htmlspecialchars(): Passing null to parameter #1 ($string) of type string is deprecated in /var/www/html/laptop-loans/app/Views/people/index.php:25 {"msg":"htmlspecialchars(): Passing null to parameter #1 ($string) of type string is deprecated","file":"/var/www/html/laptop-loans/app/Views/people/index.php","line":25,"severity":8192}
[23-Feb-2026 08:32:47 UTC] PHP Deprecated:  htmlspecialchars(): Passing null to parameter #1 ($string) of type string is deprecated in /var/www/html/laptop-loans/app/Views/people/index.php on line 25
[2026-02-23 08:32:53] INFO    AUDIT visit {"user_id":null,"username":"anon","route":"people/index","ip":"10.52.2.5"}
[2026-02-23 08:32:54] INFO    AUDIT visit {"user_id":null,"username":"anon","route":"people/index","ip":"10.52.2.5"}
[2026-02-23 08:32:54] ERROR   PHP error: htmlspecialchars(): Passing null to parameter #1 ($string) of type string is deprecated in /var/www/html/laptop-loans/app/Views/people/index.php:24 {"msg":"htmlspecialchars(): Passing null to parameter #1 ($string) of type string is deprecated","file":"/var/www/html/laptop-loans/app/Views/people/index.php","line":24,"severity":8192}
[23-Feb-2026 08:32:54 UTC] PHP Deprecated:  htmlspecialchars(): Passing null to parameter #1 ($string) of type string is deprecated in /var/www/html/laptop-loans/app/Views/people/index.php on line 24
[2026-02-23 08:32:54] ERROR   PHP error: htmlspecialchars(): Passing null to parameter #1 ($string) of type string is deprecated in /var/www/html/laptop-loans/app/Views/people/index.php:25 {"msg":"htmlspecialchars(): Passing null to parameter #1 ($string) of type string is deprecated","file":"/var/www/html/laptop-loans/app/Views/people/index.php","line":25,"severity":8192}
[23-Feb-2026 08:32:54 UTC] PHP Deprecated:  htmlspecialchars(): Passing null to parameter #1 ($string) of type string is deprecated in /var/www/html/laptop-loans/app/Views/people/index.php on line 25
[2026-02-23 08:32:55] INFO    AUDIT visit {"user_id":null,"username":"anon","route":"people/index","ip":"10.52.2.5"}
[2026-02-23 08:32:55] ERROR   PHP error: htmlspecialchars(): Passing null to parameter #1 ($string) of type string is deprecated in /var/www/html/laptop-loans/app/Views/people/index.php:24 {"msg":"htmlspecialchars(): Passing null to parameter #1 ($string) of type string is deprecated","file":"/var/www/html/laptop-loans/app/Views/people/index.php","line":24,"severity":8192}
[23-Feb-2026 08:32:55 UTC] PHP Deprecated:  htmlspecialchars(): Passing null to parameter #1 ($string) of type string is deprecated in /var/www/html/laptop-loans/app/Views/people/index.php on line 24
[2026-02-23 08:32:55] ERROR   PHP error: htmlspecialchars(): Passing null to parameter #1 ($string) of type string is deprecated in /var/www/html/laptop-loans/app/Views/people/index.php:25 {"msg":"htmlspecialchars(): Passing null to parameter #1 ($string) of type string is deprecated","file":"/var/www/html/laptop-loans/app/Views/people/index.php","line":25,"severity":8192}
[23-Feb-2026 08:32:55 UTC] PHP Deprecated:  htmlspecialchars(): Passing null to parameter #1 ($string) of type string is deprecated in /var/www/html/laptop-loans/app/Views/people/index.php on line 25
[2026-02-23 08:32:56] INFO    AUDIT visit {"user_id":null,"username":"anon","route":"laptops/index","ip":"10.52.2.5"}
[2026-02-23 08:33:00] INFO    AUDIT visit {"user_id":null,"username":"anon","route":"people/index","ip":"10.52.2.5"}
[2026-02-23 08:33:00] ERROR   PHP error: htmlspecialchars(): Passing null to parameter #1 ($string) of type string is deprecated in /var/www/html/laptop-loans/app/Views/people/index.php:24 {"msg":"htmlspecialchars(): Passing null to parameter #1 ($string) of type string is deprecated","file":"/var/www/html/laptop-loans/app/Views/people/index.php","line":24,"severity":8192}
[23-Feb-2026 08:33:00 UTC] PHP Deprecated:  htmlspecialchars(): Passing null to parameter #1 ($string) of type string is deprecated in /var/www/html/laptop-loans/app/Views/people/index.php on line 24
[2026-02-23 08:33:00] ERROR   PHP error: htmlspecialchars(): Passing null to parameter #1 ($string) of type string is deprecated in /var/www/html/laptop-loans/app/Views/people/index.php:25 {"msg":"htmlspecialchars(): Passing null to parameter #1 ($string) of type string is deprecated","file":"/var/www/html/laptop-loans/app/Views/people/index.php","line":25,"severity":8192}
[23-Feb-2026 08:33:00 UTC] PHP Deprecated:  htmlspecialchars(): Passing null to parameter #1 ($string) of type string is deprecated in /var/www/html/laptop-loans/app/Views/people/index.php on line 25
[2026-02-23 08:33:02] INFO    AUDIT visit {"user_id":null,"username":"anon","route":"laptops/index","ip":"10.52.2.5"}
[2026-02-23 08:33:06] INFO    AUDIT visit {"user_id":null,"username":"anon","route":"laptops/index","ip":"10.52.2.5"}
[2026-02-23 08:33:08] INFO    AUDIT visit {"user_id":null,"username":"anon","route":"laptops/index","ip":"10.52.2.5"}
[2026-02-23 08:33:08] INFO    AUDIT visit {"user_id":null,"username":"anon","route":"laptops/index","ip":"10.52.2.5"}
[2026-02-23 08:37:49] INFO    AUDIT visit {"user_id":null,"username":"anon","route":"dashboard/index","ip":"10.52.2.5"}
[2026-02-23 08:37:52] INFO    AUDIT visit {"user_id":null,"username":"anon","route":"handovers/index","ip":"10.52.2.5"}
[2026-02-23 08:37:52] INFO    AUDIT visit {"user_id":null,"username":"anon","route":"laptops/index","ip":"10.52.2.5"}
[2026-02-23 08:37:57] INFO    AUDIT visit {"user_id":null,"username":"anon","route":"laptops/index","ip":"10.52.2.5"}
[2026-02-23 08:37:59] INFO    AUDIT visit {"user_id":null,"username":"anon","route":"laptops/index","ip":"10.52.2.5"}
[2026-02-23 08:38:12] INFO    AUDIT visit {"user_id":null,"username":"anon","route":"people/index","ip":"10.52.2.5"}
[2026-02-23 08:38:12] ERROR   PHP error: htmlspecialchars(): Passing null to parameter #1 ($string) of type string is deprecated in /var/www/html/laptop-loans/app/Views/people/index.php:24 {"msg":"htmlspecialchars(): Passing null to parameter #1 ($string) of type string is deprecated","file":"/var/www/html/laptop-loans/app/Views/people/index.php","line":24,"severity":8192}
[23-Feb-2026 08:38:12 UTC] PHP Deprecated:  htmlspecialchars(): Passing null to parameter #1 ($string) of type string is deprecated in /var/www/html/laptop-loans/app/Views/people/index.php on line 24
[2026-02-23 08:38:12] ERROR   PHP error: htmlspecialchars(): Passing null to parameter #1 ($string) of type string is deprecated in /var/www/html/laptop-loans/app/Views/people/index.php:25 {"msg":"htmlspecialchars(): Passing null to parameter #1 ($string) of type string is deprecated","file":"/var/www/html/laptop-loans/app/Views/people/index.php","line":25,"severity":8192}
[23-Feb-2026 08:38:12 UTC] PHP Deprecated:  htmlspecialchars(): Passing null to parameter #1 ($string) of type string is deprecated in /var/www/html/laptop-loans/app/Views/people/index.php on line 25
[2026-02-23 08:38:17] INFO    AUDIT visit {"user_id":null,"username":"anon","route":"receipts/index","ip":"10.52.2.5"}
[2026-02-23 08:38:24] INFO    AUDIT visit {"user_id":null,"username":"anon","route":"handovers/index","ip":"10.52.2.5"}
[2026-02-23 08:38:28] INFO    AUDIT visit {"user_id":null,"username":"anon","route":"handovers/devolucion","ip":"10.52.2.5"}
[2026-02-23 08:38:34] INFO    AUDIT visit {"user_id":null,"username":"anon","route":"handovers/index","ip":"10.52.2.5"}
[2026-02-23 14:42:06] INFO    AUDIT visit {"user_id":null,"username":"anon","route":"dashboard/index","ip":"192.168.65.1"}
[2026-02-23 14:57:39] INFO    AUDIT visit {"user_id":null,"username":"anon","route":"dashboard/index","ip":"192.168.65.1"}
[2026-02-23 14:57:44] INFO    AUDIT visit {"user_id":null,"username":"anon","route":"receipts/index","ip":"192.168.65.1"}
[2026-02-23 14:57:47] INFO    AUDIT visit {"user_id":null,"username":"anon","route":"laptops/index","ip":"192.168.65.1"}
[2026-02-23 14:57:54] INFO    AUDIT visit {"user_id":null,"username":"anon","route":"receipts/index","ip":"192.168.65.1"}
[2026-02-23 14:57:55] INFO    AUDIT visit {"user_id":null,"username":"anon","route":"receipts/download","ip":"192.168.65.1"}
[2026-02-23 15:04:19] INFO    AUDIT visit {"user_id":null,"username":"anon","route":"receipts/download","ip":"192.168.65.1"}
[2026-02-23 15:04:24] INFO    AUDIT visit {"user_id":null,"username":"anon","route":"handovers/devolucion","ip":"192.168.65.1"}
[2026-02-23 15:04:25] INFO    AUDIT visit {"user_id":null,"username":"anon","route":"receipts/index","ip":"192.168.65.1"}
[2026-02-23 15:04:28] INFO    AUDIT visit {"user_id":null,"username":"anon","route":"laptops/index","ip":"192.168.65.1"}
[2026-02-23 15:04:31] INFO    AUDIT visit {"user_id":null,"username":"anon","route":"laptops/index","ip":"192.168.65.1"}
